year_month,person_or_corporation,state_brazil,default_rate
2004-01-01,P,AC,4.98
2004-01-01,P,AL,8.33
2004-01-01,P,AP,4.82
2004-01-01,P,AM,9.18
2004-01-01,P,BA,9.48
2004-01-01,P,CE,11.39
2004-01-01,P,DF,6.08
2004-01-01,P,ES,6.31
2004-01-01,P,GO,4.22
2004-01-01,P,MA,8.84
2004-01-01,P,MT,2.62
2004-01-01,P,MS,3.14
2004-01-01,P,MG,5.74
2004-01-01,P,PA,8.24
2004-01-01,P,PB,8.60
2004-01-01,P,PR,3.42
2004-01-01,P,PE,14.18
2004-01-01,P,PI,13.95
2004-01-01,P,RJ,8.52
2004-01-01,P,RN,8.93
2004-01-01,P,RS,4.67
2004-01-01,P,RO,5.23
2004-01-01,P,RR,8.92
2004-01-01,P,SC,3.78
2004-01-01,P,SP,5.77
2004-01-01,P,SE,9.69
2004-01-01,P,TO,4.93
2004-02-01,P,AC,5.31
2004-02-01,P,AL,7.81
2004-02-01,P,AP,4.83
2004-02-01,P,AM,9.16
2004-02-01,P,BA,9.29
2004-02-01,P,CE,11.37
2004-02-01,P,DF,5.93
2004-02-01,P,ES,6.37
2004-02-01,P,GO,4.19
2004-02-01,P,MA,8.36
2004-02-01,P,MT,2.62
2004-02-01,P,MS,3.20
2004-02-01,P,MG,5.71
2004-02-01,P,PA,8.08
2004-02-01,P,PB,7.55
2004-02-01,P,PR,3.47
2004-02-01,P,PE,13.85
2004-02-01,P,PI,13.91
2004-02-01,P,RJ,8.30
2004-02-01,P,RN,8.76
2004-02-01,P,RS,4.62
2004-02-01,P,RO,5.31
2004-02-01,P,RR,8.51
2004-02-01,P,SC,3.95
2004-02-01,P,SP,5.69
2004-02-01,P,SE,9.37
2004-02-01,P,TO,4.94
2004-03-01,P,AC,5.03
2004-03-01,P,AL,9.48
2004-03-01,P,AP,4.62
2004-03-01,P,AM,8.85
2004-03-01,P,BA,9.69
2004-03-01,P,CE,11.03
2004-03-01,P,DF,5.59
2004-03-01,P,ES,6.22
2004-03-01,P,GO,4.04
2004-03-01,P,MA,8.32
2004-03-01,P,MT,2.57
2004-03-01,P,MS,3.16
2004-03-01,P,MG,5.52
2004-03-01,P,PA,7.41
2004-03-01,P,PB,7.51
2004-03-01,P,PR,3.39
2004-03-01,P,PE,13.61
2004-03-01,P,PI,13.42
2004-03-01,P,RJ,7.83
2004-03-01,P,RN,8.46
2004-03-01,P,RS,4.29
2004-03-01,P,RO,4.78
2004-03-01,P,RR,8.34
2004-03-01,P,SC,3.56
2004-03-01,P,SP,5.50
2004-03-01,P,SE,10.05
2004-03-01,P,TO,4.88
2004-04-01,P,AC,5.20
2004-04-01,P,AL,9.03
2004-04-01,P,AP,4.97
2004-04-01,P,AM,9.02
2004-04-01,P,BA,9.55
2004-04-01,P,CE,10.90
2004-04-01,P,DF,5.55
2004-04-01,P,ES,6.37
2004-04-01,P,GO,3.91
2004-04-01,P,MA,8.14
2004-04-01,P,MT,2.51
2004-04-01,P,MS,2.99
2004-04-01,P,MG,5.61
2004-04-01,P,PA,7.61
2004-04-01,P,PB,7.13
2004-04-01,P,PR,3.36
2004-04-01,P,PE,13.41
2004-04-01,P,PI,12.60
2004-04-01,P,RJ,7.68
2004-04-01,P,RN,8.21
2004-04-01,P,RS,4.15
2004-04-01,P,RO,4.85
2004-04-01,P,RR,8.26
2004-04-01,P,SC,3.56
2004-04-01,P,SP,5.50
2004-04-01,P,SE,10.11
2004-04-01,P,TO,4.83
2004-05-01,P,AC,5.00
2004-05-01,P,AL,8.74
2004-05-01,P,AP,5.03
2004-05-01,P,AM,8.89
2004-05-01,P,BA,9.11
2004-05-01,P,CE,10.75
2004-05-01,P,DF,5.51
2004-05-01,P,ES,5.95
2004-05-01,P,GO,3.73
2004-05-01,P,MA,7.93
2004-05-01,P,MT,2.32
2004-05-01,P,MS,2.56
2004-05-01,P,MG,5.54
2004-05-01,P,PA,7.20
2004-05-01,P,PB,6.99
2004-05-01,P,PR,3.37
2004-05-01,P,PE,12.96
2004-05-01,P,PI,10.44
2004-05-01,P,RJ,7.47
2004-05-01,P,RN,7.75
2004-05-01,P,RS,4.00
2004-05-01,P,RO,4.90
2004-05-01,P,RR,8.47
2004-05-01,P,SC,3.49
2004-05-01,P,SP,5.42
2004-05-01,P,SE,9.50
2004-05-01,P,TO,4.71
2004-06-01,P,AC,4.63
2004-06-01,P,AL,9.08
2004-06-01,P,AP,4.93
2004-06-01,P,AM,9.30
2004-06-01,P,BA,8.46
2004-06-01,P,CE,10.72
2004-06-01,P,DF,5.33
2004-06-01,P,ES,5.69
2004-06-01,P,GO,3.51
2004-06-01,P,MA,12.85
2004-06-01,P,MT,2.20
2004-06-01,P,MS,2.46
2004-06-01,P,MG,5.16
2004-06-01,P,PA,6.84
2004-06-01,P,PB,6.77
2004-06-01,P,PR,3.31
2004-06-01,P,PE,12.52
2004-06-01,P,PI,10.22
2004-06-01,P,RJ,7.27
2004-06-01,P,RN,7.59
2004-06-01,P,RS,3.71
2004-06-01,P,RO,4.45
2004-06-01,P,RR,8.77
2004-06-01,P,SC,3.35
2004-06-01,P,SP,5.23
2004-06-01,P,SE,8.73
2004-06-01,P,TO,4.72
2004-07-01,P,AC,4.56
2004-07-01,P,AL,8.63
2004-07-01,P,AP,5.10
2004-07-01,P,AM,8.74
2004-07-01,P,BA,7.26
2004-07-01,P,CE,10.35
2004-07-01,P,DF,5.27
2004-07-01,P,ES,5.64
2004-07-01,P,GO,3.55
2004-07-01,P,MA,12.68
2004-07-01,P,MT,2.16
2004-07-01,P,MS,2.44
2004-07-01,P,MG,5.07
2004-07-01,P,PA,6.82
2004-07-01,P,PB,6.55
2004-07-01,P,PR,3.30
2004-07-01,P,PE,10.08
2004-07-01,P,PI,9.59
2004-07-01,P,RJ,7.21
2004-07-01,P,RN,7.47
2004-07-01,P,RS,3.78
2004-07-01,P,RO,4.23
2004-07-01,P,RR,8.68
2004-07-01,P,SC,3.39
2004-07-01,P,SP,5.18
2004-07-01,P,SE,8.24
2004-07-01,P,TO,4.69
2004-08-01,P,AC,4.32
2004-08-01,P,AL,8.68
2004-08-01,P,AP,4.78
2004-08-01,P,AM,8.27
2004-08-01,P,BA,7.92
2004-08-01,P,CE,9.97
2004-08-01,P,DF,5.15
2004-08-01,P,ES,5.64
2004-08-01,P,GO,3.47
2004-08-01,P,MA,12.21
2004-08-01,P,MT,2.25
2004-08-01,P,MS,2.27
2004-08-01,P,MG,4.91
2004-08-01,P,PA,6.63
2004-08-01,P,PB,6.40
2004-08-01,P,PR,3.17
2004-08-01,P,PE,11.56
2004-08-01,P,PI,9.29
2004-08-01,P,RJ,6.84
2004-08-01,P,RN,7.11
2004-08-01,P,RS,3.67
2004-08-01,P,RO,3.78
2004-08-01,P,RR,8.31
2004-08-01,P,SC,3.33
2004-08-01,P,SP,5.00
2004-08-01,P,SE,8.41
2004-08-01,P,TO,4.66
2004-09-01,P,AC,4.44
2004-09-01,P,AL,8.84
2004-09-01,P,AP,4.85
2004-09-01,P,AM,8.19
2004-09-01,P,BA,8.52
2004-09-01,P,CE,10.74
2004-09-01,P,DF,5.08
2004-09-01,P,ES,5.69
2004-09-01,P,GO,3.33
2004-09-01,P,MA,12.65
2004-09-01,P,MT,2.32
2004-09-01,P,MS,2.31
2004-09-01,P,MG,4.87
2004-09-01,P,PA,6.62
2004-09-01,P,PB,7.31
2004-09-01,P,PR,3.11
2004-09-01,P,PE,11.71
2004-09-01,P,PI,10.46
2004-09-01,P,RJ,6.93
2004-09-01,P,RN,7.26
2004-09-01,P,RS,3.59
2004-09-01,P,RO,3.87
2004-09-01,P,RR,8.05
2004-09-01,P,SC,3.31
2004-09-01,P,SP,5.12
2004-09-01,P,SE,9.25
2004-09-01,P,TO,4.59
2004-10-01,P,AC,4.70
2004-10-01,P,AL,8.65
2004-10-01,P,AP,4.46
2004-10-01,P,AM,8.18
2004-10-01,P,BA,8.38
2004-10-01,P,CE,10.60
2004-10-01,P,DF,5.23
2004-10-01,P,ES,5.65
2004-10-01,P,GO,3.49
2004-10-01,P,MA,12.14
2004-10-01,P,MT,2.38
2004-10-01,P,MS,2.36
2004-10-01,P,MG,4.77
2004-10-01,P,PA,6.60
2004-10-01,P,PB,7.73
2004-10-01,P,PR,3.07
2004-10-01,P,PE,11.29
2004-10-01,P,PI,10.61
2004-10-01,P,RJ,7.13
2004-10-01,P,RN,7.45
2004-10-01,P,RS,3.44
2004-10-01,P,RO,3.93
2004-10-01,P,RR,7.62
2004-10-01,P,SC,3.25
2004-10-01,P,SP,5.07
2004-10-01,P,SE,9.53
2004-10-01,P,TO,4.83
2004-11-01,P,AC,4.84
2004-11-01,P,AL,8.40
2004-11-01,P,AP,4.52
2004-11-01,P,AM,7.87
2004-11-01,P,BA,8.18
2004-11-01,P,CE,10.17
2004-11-01,P,DF,5.12
2004-11-01,P,ES,5.64
2004-11-01,P,GO,3.37
2004-11-01,P,MA,11.64
2004-11-01,P,MT,2.39
2004-11-01,P,MS,2.23
2004-11-01,P,MG,4.73
2004-11-01,P,PA,6.37
2004-11-01,P,PB,7.45
2004-11-01,P,PR,2.96
2004-11-01,P,PE,10.91
2004-11-01,P,PI,9.75
2004-11-01,P,RJ,6.96
2004-11-01,P,RN,7.04
2004-11-01,P,RS,3.36
2004-11-01,P,RO,4.02
2004-11-01,P,RR,7.64
2004-11-01,P,SC,3.13
2004-11-01,P,SP,5.08
2004-11-01,P,SE,9.02
2004-11-01,P,TO,4.85
2004-12-01,P,AC,4.55
2004-12-01,P,AL,7.58
2004-12-01,P,AP,4.32
2004-12-01,P,AM,6.95
2004-12-01,P,BA,7.86
2004-12-01,P,CE,9.73
2004-12-01,P,DF,4.93
2004-12-01,P,ES,5.04
2004-12-01,P,GO,3.17
2004-12-01,P,MA,11.29
2004-12-01,P,MT,2.37
2004-12-01,P,MS,2.10
2004-12-01,P,MG,4.44
2004-12-01,P,PA,5.98
2004-12-01,P,PB,6.88
2004-12-01,P,PR,2.69
2004-12-01,P,PE,10.22
2004-12-01,P,PI,9.65
2004-12-01,P,RJ,6.24
2004-12-01,P,RN,6.53
2004-12-01,P,RS,3.05
2004-12-01,P,RO,3.91
2004-12-01,P,RR,7.74
2004-12-01,P,SC,2.84
2004-12-01,P,SP,4.45
2004-12-01,P,SE,8.89
2004-12-01,P,TO,4.58
2005-01-01,P,AC,4.56
2005-01-01,P,AL,7.47
2005-01-01,P,AP,4.40
2005-01-01,P,AM,6.62
2005-01-01,P,BA,7.81
2005-01-01,P,CE,9.54
2005-01-01,P,DF,4.87
2005-01-01,P,ES,5.03
2005-01-01,P,GO,3.26
2005-01-01,P,MA,11.06
2005-01-01,P,MT,2.50
2005-01-01,P,MS,2.20
2005-01-01,P,MG,4.43
2005-01-01,P,PA,6.09
2005-01-01,P,PB,6.77
2005-01-01,P,PR,2.65
2005-01-01,P,PE,10.06
2005-01-01,P,PI,9.28
2005-01-01,P,RJ,6.30
2005-01-01,P,RN,6.30
2005-01-01,P,RS,3.06
2005-01-01,P,RO,4.00
2005-01-01,P,RR,7.86
2005-01-01,P,SC,2.90
2005-01-01,P,SP,4.48
2005-01-01,P,SE,8.78
2005-01-01,P,TO,4.75
2005-02-01,P,AC,4.47
2005-02-01,P,AL,7.37
2005-02-01,P,AP,4.51
2005-02-01,P,AM,6.22
2005-02-01,P,BA,7.83
2005-02-01,P,CE,9.26
2005-02-01,P,DF,4.86
2005-02-01,P,ES,4.96
2005-02-01,P,GO,3.28
2005-02-01,P,MA,10.77
2005-02-01,P,MT,2.61
2005-02-01,P,MS,2.25
2005-02-01,P,MG,4.41
2005-02-01,P,PA,6.06
2005-02-01,P,PB,6.54
2005-02-01,P,PR,2.71
2005-02-01,P,PE,9.65
2005-02-01,P,PI,8.99
2005-02-01,P,RJ,6.14
2005-02-01,P,RN,6.14
2005-02-01,P,RS,3.08
2005-02-01,P,RO,4.09
2005-02-01,P,RR,7.73
2005-02-01,P,SC,2.92
2005-02-01,P,SP,4.47
2005-02-01,P,SE,8.81
2005-02-01,P,TO,4.76
2005-03-01,P,AC,4.22
2005-03-01,P,AL,7.44
2005-03-01,P,AP,4.23
2005-03-01,P,AM,6.31
2005-03-01,P,BA,7.85
2005-03-01,P,CE,9.20
2005-03-01,P,DF,4.94
2005-03-01,P,ES,4.92
2005-03-01,P,GO,3.27
2005-03-01,P,MA,10.59
2005-03-01,P,MT,2.66
2005-03-01,P,MS,2.30
2005-03-01,P,MG,4.38
2005-03-01,P,PA,6.08
2005-03-01,P,PB,6.49
2005-03-01,P,PR,2.83
2005-03-01,P,PE,9.32
2005-03-01,P,PI,8.61
2005-03-01,P,RJ,6.27
2005-03-01,P,RN,6.13
2005-03-01,P,RS,3.11
2005-03-01,P,RO,4.17
2005-03-01,P,RR,7.50
2005-03-01,P,SC,3.01
2005-03-01,P,SP,4.47
2005-03-01,P,SE,8.80
2005-03-01,P,TO,5.00
2005-04-01,P,AC,3.93
2005-04-01,P,AL,8.19
2005-04-01,P,AP,4.03
2005-04-01,P,AM,6.29
2005-04-01,P,BA,9.66
2005-04-01,P,CE,9.77
2005-04-01,P,DF,5.02
2005-04-01,P,ES,4.93
2005-04-01,P,GO,3.36
2005-04-01,P,MA,10.43
2005-04-01,P,MT,2.75
2005-04-01,P,MS,2.28
2005-04-01,P,MG,4.56
2005-04-01,P,PA,6.01
2005-04-01,P,PB,7.61
2005-04-01,P,PR,2.83
2005-04-01,P,PE,10.27
2005-04-01,P,PI,11.63
2005-04-01,P,RJ,6.30
2005-04-01,P,RN,6.37
2005-04-01,P,RS,2.99
2005-04-01,P,RO,4.06
2005-04-01,P,RR,7.50
2005-04-01,P,SC,2.93
2005-04-01,P,SP,4.51
2005-04-01,P,SE,9.10
2005-04-01,P,TO,5.11
2005-05-01,P,AC,4.22
2005-05-01,P,AL,7.48
2005-05-01,P,AP,4.10
2005-05-01,P,AM,6.54
2005-05-01,P,BA,8.53
2005-05-01,P,CE,9.10
2005-05-01,P,DF,5.23
2005-05-01,P,ES,4.87
2005-05-01,P,GO,3.54
2005-05-01,P,MA,10.27
2005-05-01,P,MT,2.95
2005-05-01,P,MS,2.36
2005-05-01,P,MG,4.63
2005-05-01,P,PA,6.16
2005-05-01,P,PB,6.51
2005-05-01,P,PR,2.92
2005-05-01,P,PE,9.34
2005-05-01,P,PI,8.47
2005-05-01,P,RJ,6.52
2005-05-01,P,RN,6.18
2005-05-01,P,RS,3.04
2005-05-01,P,RO,4.17
2005-05-01,P,RR,7.77
2005-05-01,P,SC,2.98
2005-05-01,P,SP,4.67
2005-05-01,P,SE,8.71
2005-05-01,P,TO,5.30
2005-06-01,P,AC,4.01
2005-06-01,P,AL,7.26
2005-06-01,P,AP,4.00
2005-06-01,P,AM,6.44
2005-06-01,P,BA,8.10
2005-06-01,P,CE,8.53
2005-06-01,P,DF,5.10
2005-06-01,P,ES,4.61
2005-06-01,P,GO,3.41
2005-06-01,P,MA,9.75
2005-06-01,P,MT,2.93
2005-06-01,P,MS,2.41
2005-06-01,P,MG,4.44
2005-06-01,P,PA,5.97
2005-06-01,P,PB,6.12
2005-06-01,P,PR,2.87
2005-06-01,P,PE,9.01
2005-06-01,P,PI,7.66
2005-06-01,P,RJ,6.51
2005-06-01,P,RN,5.80
2005-06-01,P,RS,2.93
2005-06-01,P,RO,3.77
2005-06-01,P,RR,7.91
2005-06-01,P,SC,2.94
2005-06-01,P,SP,4.52
2005-06-01,P,SE,8.18
2005-06-01,P,TO,4.78
2005-07-01,P,AC,3.89
2005-07-01,P,AL,7.24
2005-07-01,P,AP,4.10
2005-07-01,P,AM,6.26
2005-07-01,P,BA,7.97
2005-07-01,P,CE,8.57
2005-07-01,P,DF,4.99
2005-07-01,P,ES,4.59
2005-07-01,P,GO,3.54
2005-07-01,P,MA,9.51
2005-07-01,P,MT,3.43
2005-07-01,P,MS,2.56
2005-07-01,P,MG,4.47
2005-07-01,P,PA,5.86
2005-07-01,P,PB,5.95
2005-07-01,P,PR,3.06
2005-07-01,P,PE,8.96
2005-07-01,P,PI,7.24
2005-07-01,P,RJ,6.55
2005-07-01,P,RN,5.50
2005-07-01,P,RS,3.05
2005-07-01,P,RO,3.86
2005-07-01,P,RR,8.10
2005-07-01,P,SC,3.04
2005-07-01,P,SP,4.59
2005-07-01,P,SE,7.81
2005-07-01,P,TO,4.85
2005-08-01,P,AC,4.17
2005-08-01,P,AL,7.34
2005-08-01,P,AP,4.52
2005-08-01,P,AM,6.42
2005-08-01,P,BA,7.88
2005-08-01,P,CE,8.57
2005-08-01,P,DF,5.12
2005-08-01,P,ES,4.63
2005-08-01,P,GO,4.37
2005-08-01,P,MA,9.40
2005-08-01,P,MT,4.05
2005-08-01,P,MS,2.74
2005-08-01,P,MG,4.59
2005-08-01,P,PA,6.21
2005-08-01,P,PB,5.95
2005-08-01,P,PR,3.37
2005-08-01,P,PE,8.91
2005-08-01,P,PI,7.60
2005-08-01,P,RJ,6.60
2005-08-01,P,RN,5.78
2005-08-01,P,RS,3.28
2005-08-01,P,RO,4.20
2005-08-01,P,RR,8.32
2005-08-01,P,SC,3.08
2005-08-01,P,SP,4.66
2005-08-01,P,SE,7.84
2005-08-01,P,TO,5.35
2005-09-01,P,AC,4.53
2005-09-01,P,AL,7.43
2005-09-01,P,AP,4.49
2005-09-01,P,AM,6.42
2005-09-01,P,BA,8.00
2005-09-01,P,CE,8.34
2005-09-01,P,DF,5.16
2005-09-01,P,ES,4.61
2005-09-01,P,GO,4.72
2005-09-01,P,MA,9.25
2005-09-01,P,MT,5.90
2005-09-01,P,MS,2.86
2005-09-01,P,MG,4.62
2005-09-01,P,PA,6.27
2005-09-01,P,PB,5.87
2005-09-01,P,PR,3.63
2005-09-01,P,PE,8.83
2005-09-01,P,PI,7.62
2005-09-01,P,RJ,6.75
2005-09-01,P,RN,5.81
2005-09-01,P,RS,3.45
2005-09-01,P,RO,4.44
2005-09-01,P,RR,8.25
2005-09-01,P,SC,3.08
2005-09-01,P,SP,4.68
2005-09-01,P,SE,7.66
2005-09-01,P,TO,5.37
2005-10-01,P,AC,4.76
2005-10-01,P,AL,7.71
2005-10-01,P,AP,4.73
2005-10-01,P,AM,6.82
2005-10-01,P,BA,8.30
2005-10-01,P,CE,8.37
2005-10-01,P,DF,5.38
2005-10-01,P,ES,4.73
2005-10-01,P,GO,6.31
2005-10-01,P,MA,9.34
2005-10-01,P,MT,7.08
2005-10-01,P,MS,3.13
2005-10-01,P,MG,4.71
2005-10-01,P,PA,6.53
2005-10-01,P,PB,6.05
2005-10-01,P,PR,3.78
2005-10-01,P,PE,8.93
2005-10-01,P,PI,7.93
2005-10-01,P,RJ,6.92
2005-10-01,P,RN,5.89
2005-10-01,P,RS,3.61
2005-10-01,P,RO,4.90
2005-10-01,P,RR,8.29
2005-10-01,P,SC,3.12
2005-10-01,P,SP,4.81
2005-10-01,P,SE,7.76
2005-10-01,P,TO,5.94
2005-11-01,P,AC,4.86
2005-11-01,P,AL,7.77
2005-11-01,P,AP,4.83
2005-11-01,P,AM,7.03
2005-11-01,P,BA,7.81
2005-11-01,P,CE,7.99
2005-11-01,P,DF,5.42
2005-11-01,P,ES,4.69
2005-11-01,P,GO,7.60
2005-11-01,P,MA,9.20
2005-11-01,P,MT,7.21
2005-11-01,P,MS,3.20
2005-11-01,P,MG,4.77
2005-11-01,P,PA,6.63
2005-11-01,P,PB,5.99
2005-11-01,P,PR,3.85
2005-11-01,P,PE,8.98
2005-11-01,P,PI,8.03
2005-11-01,P,RJ,7.01
2005-11-01,P,RN,5.90
2005-11-01,P,RS,3.54
2005-11-01,P,RO,4.84
2005-11-01,P,RR,9.46
2005-11-01,P,SC,3.10
2005-11-01,P,SP,4.87
2005-11-01,P,SE,7.75
2005-11-01,P,TO,5.88
2005-12-01,P,AC,4.60
2005-12-01,P,AL,7.61
2005-12-01,P,AP,4.99
2005-12-01,P,AM,6.73
2005-12-01,P,BA,7.70
2005-12-01,P,CE,7.70
2005-12-01,P,DF,5.33
2005-12-01,P,ES,4.43
2005-12-01,P,GO,7.36
2005-12-01,P,MA,9.09
2005-12-01,P,MT,7.47
2005-12-01,P,MS,3.19
2005-12-01,P,MG,4.60
2005-12-01,P,PA,6.49
2005-12-01,P,PB,5.69
2005-12-01,P,PR,3.61
2005-12-01,P,PE,8.85
2005-12-01,P,PI,8.38
2005-12-01,P,RJ,6.59
2005-12-01,P,RN,5.31
2005-12-01,P,RS,3.40
2005-12-01,P,RO,4.67
2005-12-01,P,RR,9.38
2005-12-01,P,SC,2.86
2005-12-01,P,SP,4.57
2005-12-01,P,SE,7.61
2005-12-01,P,TO,5.67
2006-01-01,P,AC,4.70
2006-01-01,P,AL,7.75
2006-01-01,P,AP,5.13
2006-01-01,P,AM,6.81
2006-01-01,P,BA,8.15
2006-01-01,P,CE,7.77
2006-01-01,P,DF,5.23
2006-01-01,P,ES,4.51
2006-01-01,P,GO,7.53
2006-01-01,P,MA,9.06
2006-01-01,P,MT,7.90
2006-01-01,P,MS,3.65
2006-01-01,P,MG,4.70
2006-01-01,P,PA,6.79
2006-01-01,P,PB,5.73
2006-01-01,P,PR,3.79
2006-01-01,P,PE,8.99
2006-01-01,P,PI,8.38
2006-01-01,P,RJ,6.76
2006-01-01,P,RN,5.61
2006-01-01,P,RS,3.51
2006-01-01,P,RO,5.17
2006-01-01,P,RR,9.59
2006-01-01,P,SC,2.99
2006-01-01,P,SP,4.84
2006-01-01,P,SE,7.60
2006-01-01,P,TO,5.53
2006-02-01,P,AC,4.71
2006-02-01,P,AL,7.65
2006-02-01,P,AP,5.14
2006-02-01,P,AM,6.77
2006-02-01,P,BA,8.35
2006-02-01,P,CE,7.57
2006-02-01,P,DF,5.20
2006-02-01,P,ES,4.69
2006-02-01,P,GO,7.60
2006-02-01,P,MA,9.26
2006-02-01,P,MT,8.54
2006-02-01,P,MS,3.77
2006-02-01,P,MG,4.85
2006-02-01,P,PA,6.89
2006-02-01,P,PB,5.95
2006-02-01,P,PR,3.98
2006-02-01,P,PE,9.03
2006-02-01,P,PI,8.38
2006-02-01,P,RJ,6.97
2006-02-01,P,RN,5.89
2006-02-01,P,RS,3.61
2006-02-01,P,RO,5.30
2006-02-01,P,RR,9.64
2006-02-01,P,SC,3.08
2006-02-01,P,SP,5.09
2006-02-01,P,SE,7.63
2006-02-01,P,TO,5.45
2006-03-01,P,AC,5.05
2006-03-01,P,AL,7.70
2006-03-01,P,AP,5.90
2006-03-01,P,AM,6.80
2006-03-01,P,BA,8.63
2006-03-01,P,CE,7.75
2006-03-01,P,DF,5.23
2006-03-01,P,ES,4.77
2006-03-01,P,GO,7.83
2006-03-01,P,MA,9.47
2006-03-01,P,MT,8.89
2006-03-01,P,MS,3.80
2006-03-01,P,MG,5.20
2006-03-01,P,PA,7.17
2006-03-01,P,PB,6.04
2006-03-01,P,PR,4.15
2006-03-01,P,PE,9.24
2006-03-01,P,PI,8.52
2006-03-01,P,RJ,7.30
2006-03-01,P,RN,6.00
2006-03-01,P,RS,3.72
2006-03-01,P,RO,5.64
2006-03-01,P,RR,9.94
2006-03-01,P,SC,3.24
2006-03-01,P,SP,5.27
2006-03-01,P,SE,7.93
2006-03-01,P,TO,5.65
2006-04-01,P,AC,5.13
2006-04-01,P,AL,7.69
2006-04-01,P,AP,5.89
2006-04-01,P,AM,7.03
2006-04-01,P,BA,8.71
2006-04-01,P,CE,7.87
2006-04-01,P,DF,5.25
2006-04-01,P,ES,4.81
2006-04-01,P,GO,7.90
2006-04-01,P,MA,9.90
2006-04-01,P,MT,9.39
2006-04-01,P,MS,3.85
2006-04-01,P,MG,5.34
2006-04-01,P,PA,7.29
2006-04-01,P,PB,6.19
2006-04-01,P,PR,4.35
2006-04-01,P,PE,9.20
2006-04-01,P,PI,8.46
2006-04-01,P,RJ,7.52
2006-04-01,P,RN,5.86
2006-04-01,P,RS,3.84
2006-04-01,P,RO,5.74
2006-04-01,P,RR,9.79
2006-04-01,P,SC,3.31
2006-04-01,P,SP,5.46
2006-04-01,P,SE,7.82
2006-04-01,P,TO,6.02
2006-05-01,P,AC,5.52
2006-05-01,P,AL,7.60
2006-05-01,P,AP,5.94
2006-05-01,P,AM,7.44
2006-05-01,P,BA,8.79
2006-05-01,P,CE,8.11
2006-05-01,P,DF,5.12
2006-05-01,P,ES,4.82
2006-05-01,P,GO,7.32
2006-05-01,P,MA,9.86
2006-05-01,P,MT,9.05
2006-05-01,P,MS,3.87
2006-05-01,P,MG,5.48
2006-05-01,P,PA,7.27
2006-05-01,P,PB,6.18
2006-05-01,P,PR,4.47
2006-05-01,P,PE,9.31
2006-05-01,P,PI,8.24
2006-05-01,P,RJ,7.80
2006-05-01,P,RN,5.91
2006-05-01,P,RS,3.87
2006-05-01,P,RO,5.76
2006-05-01,P,RR,9.44
2006-05-01,P,SC,3.39
2006-05-01,P,SP,5.66
2006-05-01,P,SE,7.53
2006-05-01,P,TO,5.61
2006-06-01,P,AC,5.49
2006-06-01,P,AL,7.30
2006-06-01,P,AP,5.96
2006-06-01,P,AM,7.15
2006-06-01,P,BA,8.62
2006-06-01,P,CE,7.76
2006-06-01,P,DF,4.90
2006-06-01,P,ES,4.60
2006-06-01,P,GO,6.91
2006-06-01,P,MA,9.81
2006-06-01,P,MT,9.70
2006-06-01,P,MS,3.85
2006-06-01,P,MG,5.03
2006-06-01,P,PA,6.89
2006-06-01,P,PB,6.14
2006-06-01,P,PR,4.25
2006-06-01,P,PE,9.12
2006-06-01,P,PI,7.90
2006-06-01,P,RJ,7.21
2006-06-01,P,RN,5.75
2006-06-01,P,RS,3.78
2006-06-01,P,RO,5.63
2006-06-01,P,RR,9.33
2006-06-01,P,SC,3.40
2006-06-01,P,SP,5.30
2006-06-01,P,SE,7.26
2006-06-01,P,TO,5.69
2006-07-01,P,AC,5.56
2006-07-01,P,AL,7.33
2006-07-01,P,AP,6.04
2006-07-01,P,AM,7.15
2006-07-01,P,BA,8.23
2006-07-01,P,CE,7.83
2006-07-01,P,DF,4.82
2006-07-01,P,ES,4.51
2006-07-01,P,GO,6.83
2006-07-01,P,MA,9.84
2006-07-01,P,MT,11.01
2006-07-01,P,MS,4.55
2006-07-01,P,MG,4.98
2006-07-01,P,PA,6.75
2006-07-01,P,PB,6.23
2006-07-01,P,PR,4.59
2006-07-01,P,PE,9.12
2006-07-01,P,PI,7.86
2006-07-01,P,RJ,7.40
2006-07-01,P,RN,5.73
2006-07-01,P,RS,4.00
2006-07-01,P,RO,5.91
2006-07-01,P,RR,8.79
2006-07-01,P,SC,3.51
2006-07-01,P,SP,5.41
2006-07-01,P,SE,7.14
2006-07-01,P,TO,5.72
2006-08-01,P,AC,5.28
2006-08-01,P,AL,7.13
2006-08-01,P,AP,5.74
2006-08-01,P,AM,6.94
2006-08-01,P,BA,8.26
2006-08-01,P,CE,7.62
2006-08-01,P,DF,4.78
2006-08-01,P,ES,4.32
2006-08-01,P,GO,7.50
2006-08-01,P,MA,9.74
2006-08-01,P,MT,12.81
2006-08-01,P,MS,5.28
2006-08-01,P,MG,5.08
2006-08-01,P,PA,6.76
2006-08-01,P,PB,6.13
2006-08-01,P,PR,5.29
2006-08-01,P,PE,8.84
2006-08-01,P,PI,7.96
2006-08-01,P,RJ,7.37
2006-08-01,P,RN,5.51
2006-08-01,P,RS,4.48
2006-08-01,P,RO,6.09
2006-08-01,P,RR,7.57
2006-08-01,P,SC,3.76
2006-08-01,P,SP,5.45
2006-08-01,P,SE,6.74
2006-08-01,P,TO,5.73
2006-09-01,P,AC,4.60
2006-09-01,P,AL,7.37
2006-09-01,P,AP,5.35
2006-09-01,P,AM,6.75
2006-09-01,P,BA,8.31
2006-09-01,P,CE,7.35
2006-09-01,P,DF,4.85
2006-09-01,P,ES,4.12
2006-09-01,P,GO,7.75
2006-09-01,P,MA,9.71
2006-09-01,P,MT,13.97
2006-09-01,P,MS,5.68
2006-09-01,P,MG,5.06
2006-09-01,P,PA,6.63
2006-09-01,P,PB,5.79
2006-09-01,P,PR,5.83
2006-09-01,P,PE,8.50
2006-09-01,P,PI,8.05
2006-09-01,P,RJ,6.96
2006-09-01,P,RN,5.38
2006-09-01,P,RS,4.88
2006-09-01,P,RO,6.06
2006-09-01,P,RR,6.51
2006-09-01,P,SC,4.01
2006-09-01,P,SP,5.32
2006-09-01,P,SE,6.67
2006-09-01,P,TO,6.04
2006-10-01,P,AC,4.38
2006-10-01,P,AL,7.48
2006-10-01,P,AP,5.04
2006-10-01,P,AM,6.78
2006-10-01,P,BA,8.53
2006-10-01,P,CE,7.28
2006-10-01,P,DF,4.86
2006-10-01,P,ES,4.22
2006-10-01,P,GO,7.86
2006-10-01,P,MA,9.77
2006-10-01,P,MT,13.68
2006-10-01,P,MS,5.70
2006-10-01,P,MG,5.24
2006-10-01,P,PA,6.60
2006-10-01,P,PB,5.94
2006-10-01,P,PR,6.04
2006-10-01,P,PE,8.43
2006-10-01,P,PI,8.04
2006-10-01,P,RJ,7.10
2006-10-01,P,RN,5.39
2006-10-01,P,RS,5.05
2006-10-01,P,RO,6.04
2006-10-01,P,RR,6.31
2006-10-01,P,SC,4.17
2006-10-01,P,SP,5.48
2006-10-01,P,SE,6.91
2006-10-01,P,TO,6.42
2006-11-01,P,AC,4.13
2006-11-01,P,AL,7.68
2006-11-01,P,AP,4.85
2006-11-01,P,AM,6.65
2006-11-01,P,BA,7.78
2006-11-01,P,CE,7.10
2006-11-01,P,DF,4.58
2006-11-01,P,ES,4.05
2006-11-01,P,GO,5.63
2006-11-01,P,MA,9.11
2006-11-01,P,MT,9.40
2006-11-01,P,MS,4.73
2006-11-01,P,MG,4.74
2006-11-01,P,PA,6.22
2006-11-01,P,PB,5.72
2006-11-01,P,PR,4.89
2006-11-01,P,PE,8.26
2006-11-01,P,PI,7.80
2006-11-01,P,RJ,7.09
2006-11-01,P,RN,5.36
2006-11-01,P,RS,4.15
2006-11-01,P,RO,5.05
2006-11-01,P,RR,5.72
2006-11-01,P,SC,3.76
2006-11-01,P,SP,5.43
2006-11-01,P,SE,6.76
2006-11-01,P,TO,5.55
2006-12-01,P,AC,3.46
2006-12-01,P,AL,6.77
2006-12-01,P,AP,4.29
2006-12-01,P,AM,6.23
2006-12-01,P,BA,7.48
2006-12-01,P,CE,6.76
2006-12-01,P,DF,4.36
2006-12-01,P,ES,3.93
2006-12-01,P,GO,4.32
2006-12-01,P,MA,8.46
2006-12-01,P,MT,5.72
2006-12-01,P,MS,4.12
2006-12-01,P,MG,4.35
2006-12-01,P,PA,5.76
2006-12-01,P,PB,5.17
2006-12-01,P,PR,3.84
2006-12-01,P,PE,7.95
2006-12-01,P,PI,7.80
2006-12-01,P,RJ,6.62
2006-12-01,P,RN,4.96
2006-12-01,P,RS,3.59
2006-12-01,P,RO,4.30
2006-12-01,P,RR,5.37
2006-12-01,P,SC,3.48
2006-12-01,P,SP,5.12
2006-12-01,P,SE,6.57
2006-12-01,P,TO,4.61
2007-01-01,P,AC,3.66
2007-01-01,P,AL,6.75
2007-01-01,P,AP,4.20
2007-01-01,P,AM,6.17
2007-01-01,P,BA,7.60
2007-01-01,P,CE,6.60
2007-01-01,P,DF,4.25
2007-01-01,P,ES,3.89
2007-01-01,P,GO,4.31
2007-01-01,P,MA,8.24
2007-01-01,P,MT,5.60
2007-01-01,P,MS,4.23
2007-01-01,P,MG,4.34
2007-01-01,P,PA,5.80
2007-01-01,P,PB,5.09
2007-01-01,P,PR,3.96
2007-01-01,P,PE,7.73
2007-01-01,P,PI,7.70
2007-01-01,P,RJ,6.53
2007-01-01,P,RN,5.00
2007-01-01,P,RS,3.55
2007-01-01,P,RO,4.15
2007-01-01,P,RR,5.19
2007-01-01,P,SC,3.54
2007-01-01,P,SP,5.18
2007-01-01,P,SE,6.20
2007-01-01,P,TO,4.54
2007-02-01,P,AC,3.67
2007-02-01,P,AL,6.84
2007-02-01,P,AP,4.10
2007-02-01,P,AM,6.05
2007-02-01,P,BA,7.44
2007-02-01,P,CE,6.52
2007-02-01,P,DF,4.15
2007-02-01,P,ES,3.94
2007-02-01,P,GO,4.25
2007-02-01,P,MA,8.04
2007-02-01,P,MT,4.97
2007-02-01,P,MS,4.22
2007-02-01,P,MG,4.36
2007-02-01,P,PA,5.71
2007-02-01,P,PB,5.12
2007-02-01,P,PR,3.85
2007-02-01,P,PE,7.60
2007-02-01,P,PI,7.60
2007-02-01,P,RJ,6.41
2007-02-01,P,RN,5.06
2007-02-01,P,RS,3.53
2007-02-01,P,RO,4.18
2007-02-01,P,RR,5.22
2007-02-01,P,SC,3.60
2007-02-01,P,SP,5.08
2007-02-01,P,SE,6.28
2007-02-01,P,TO,4.55
2007-03-01,P,AC,3.68
2007-03-01,P,AL,6.93
2007-03-01,P,AP,4.00
2007-03-01,P,AM,5.93
2007-03-01,P,BA,7.27
2007-03-01,P,CE,6.45
2007-03-01,P,DF,4.05
2007-03-01,P,ES,3.98
2007-03-01,P,GO,4.19
2007-03-01,P,MA,7.83
2007-03-01,P,MT,4.34
2007-03-01,P,MS,4.22
2007-03-01,P,MG,4.39
2007-03-01,P,PA,5.62
2007-03-01,P,PB,5.14
2007-03-01,P,PR,3.74
2007-03-01,P,PE,7.48
2007-03-01,P,PI,7.50
2007-03-01,P,RJ,6.29
2007-03-01,P,RN,5.13
2007-03-01,P,RS,3.51
2007-03-01,P,RO,4.20
2007-03-01,P,RR,5.26
2007-03-01,P,SC,3.67
2007-03-01,P,SP,4.99
2007-03-01,P,SE,6.35
2007-03-01,P,TO,4.56
2007-04-01,P,AC,3.62
2007-04-01,P,AL,7.11
2007-04-01,P,AP,4.02
2007-04-01,P,AM,6.14
2007-04-01,P,BA,7.32
2007-04-01,P,CE,6.61
2007-04-01,P,DF,4.05
2007-04-01,P,ES,4.05
2007-04-01,P,GO,4.31
2007-04-01,P,MA,8.07
2007-04-01,P,MT,4.52
2007-04-01,P,MS,4.41
2007-04-01,P,MG,4.50
2007-04-01,P,PA,5.71
2007-04-01,P,PB,5.14
2007-04-01,P,PR,3.78
2007-04-01,P,PE,7.53
2007-04-01,P,PI,7.02
2007-04-01,P,RJ,6.25
2007-04-01,P,RN,5.25
2007-04-01,P,RS,3.49
2007-04-01,P,RO,4.17
2007-04-01,P,RR,5.46
2007-04-01,P,SC,3.71
2007-04-01,P,SP,5.10
2007-04-01,P,SE,6.25
2007-04-01,P,TO,4.78
2007-05-01,P,AC,3.71
2007-05-01,P,AL,7.11
2007-05-01,P,AP,4.06
2007-05-01,P,AM,6.57
2007-05-01,P,BA,7.35
2007-05-01,P,CE,6.55
2007-05-01,P,DF,4.23
2007-05-01,P,ES,4.12
2007-05-01,P,GO,4.42
2007-05-01,P,MA,8.06
2007-05-01,P,MT,5.14
2007-05-01,P,MS,4.69
2007-05-01,P,MG,4.47
2007-05-01,P,PA,5.95
2007-05-01,P,PB,5.12
2007-05-01,P,PR,3.93
2007-05-01,P,PE,7.60
2007-05-01,P,PI,6.93
2007-05-01,P,RJ,6.40
2007-05-01,P,RN,5.49
2007-05-01,P,RS,3.41
2007-05-01,P,RO,4.20
2007-05-01,P,RR,5.56
2007-05-01,P,SC,3.79
2007-05-01,P,SP,5.14
2007-05-01,P,SE,6.20
2007-05-01,P,TO,4.84
2007-06-01,P,AC,3.44
2007-06-01,P,AL,6.80
2007-06-01,P,AP,3.89
2007-06-01,P,AM,6.31
2007-06-01,P,BA,6.87
2007-06-01,P,CE,6.23
2007-06-01,P,DF,4.05
2007-06-01,P,ES,3.91
2007-06-01,P,GO,3.82
2007-06-01,P,MA,7.66
2007-06-01,P,MT,3.35
2007-06-01,P,MS,4.45
2007-06-01,P,MG,4.09
2007-06-01,P,PA,5.45
2007-06-01,P,PB,4.93
2007-06-01,P,PR,3.47
2007-06-01,P,PE,7.22
2007-06-01,P,PI,6.64
2007-06-01,P,RJ,6.05
2007-06-01,P,RN,5.34
2007-06-01,P,RS,3.07
2007-06-01,P,RO,3.87
2007-06-01,P,RR,5.27
2007-06-01,P,SC,3.67
2007-06-01,P,SP,4.84
2007-06-01,P,SE,5.80
2007-06-01,P,TO,4.18
2007-07-01,P,AC,3.33
2007-07-01,P,AL,6.73
2007-07-01,P,AP,3.95
2007-07-01,P,AM,6.42
2007-07-01,P,BA,7.50
2007-07-01,P,CE,6.36
2007-07-01,P,DF,4.12
2007-07-01,P,ES,3.89
2007-07-01,P,GO,3.90
2007-07-01,P,MA,7.73
2007-07-01,P,MT,3.83
2007-07-01,P,MS,4.79
2007-07-01,P,MG,4.01
2007-07-01,P,PA,5.40
2007-07-01,P,PB,4.90
2007-07-01,P,PR,3.54
2007-07-01,P,PE,7.38
2007-07-01,P,PI,6.44
2007-07-01,P,RJ,6.14
2007-07-01,P,RN,5.46
2007-07-01,P,RS,3.07
2007-07-01,P,RO,3.83
2007-07-01,P,RR,5.14
2007-07-01,P,SC,3.66
2007-07-01,P,SP,4.87
2007-07-01,P,SE,5.71
2007-07-01,P,TO,4.08
2007-08-01,P,AC,3.40
2007-08-01,P,AL,6.66
2007-08-01,P,AP,3.86
2007-08-01,P,AM,6.36
2007-08-01,P,BA,7.27
2007-08-01,P,CE,6.28
2007-08-01,P,DF,4.13
2007-08-01,P,ES,3.62
2007-08-01,P,GO,3.96
2007-08-01,P,MA,7.72
2007-08-01,P,MT,3.96
2007-08-01,P,MS,4.60
2007-08-01,P,MG,4.00
2007-08-01,P,PA,5.33
2007-08-01,P,PB,4.92
2007-08-01,P,PR,3.63
2007-08-01,P,PE,7.33
2007-08-01,P,PI,6.17
2007-08-01,P,RJ,6.08
2007-08-01,P,RN,5.44
2007-08-01,P,RS,3.15
2007-08-01,P,RO,3.74
2007-08-01,P,RR,5.28
2007-08-01,P,SC,3.68
2007-08-01,P,SP,4.79
2007-08-01,P,SE,5.54
2007-08-01,P,TO,4.31
2007-09-01,P,AC,3.33
2007-09-01,P,AL,6.54
2007-09-01,P,AP,4.00
2007-09-01,P,AM,6.26
2007-09-01,P,BA,7.05
2007-09-01,P,CE,6.14
2007-09-01,P,DF,4.14
2007-09-01,P,ES,3.63
2007-09-01,P,GO,3.82
2007-09-01,P,MA,7.72
2007-09-01,P,MT,3.63
2007-09-01,P,MS,4.64
2007-09-01,P,MG,3.87
2007-09-01,P,PA,5.10
2007-09-01,P,PB,4.89
2007-09-01,P,PR,3.63
2007-09-01,P,PE,7.17
2007-09-01,P,PI,6.21
2007-09-01,P,RJ,5.80
2007-09-01,P,RN,5.40
2007-09-01,P,RS,3.24
2007-09-01,P,RO,3.79
2007-09-01,P,RR,5.37
2007-09-01,P,SC,3.63
2007-09-01,P,SP,4.62
2007-09-01,P,SE,5.25
2007-09-01,P,TO,4.26
2007-10-01,P,AC,3.43
2007-10-01,P,AL,6.25
2007-10-01,P,AP,3.98
2007-10-01,P,AM,6.34
2007-10-01,P,BA,7.18
2007-10-01,P,CE,6.09
2007-10-01,P,DF,4.24
2007-10-01,P,ES,3.59
2007-10-01,P,GO,4.01
2007-10-01,P,MA,8.19
2007-10-01,P,MT,3.72
2007-10-01,P,MS,4.49
2007-10-01,P,MG,3.88
2007-10-01,P,PA,4.93
2007-10-01,P,PB,4.95
2007-10-01,P,PR,3.66
2007-10-01,P,PE,7.23
2007-10-01,P,PI,6.58
2007-10-01,P,RJ,5.91
2007-10-01,P,RN,5.26
2007-10-01,P,RS,3.46
2007-10-01,P,RO,3.65
2007-10-01,P,RR,5.51
2007-10-01,P,SC,3.52
2007-10-01,P,SP,4.38
2007-10-01,P,SE,5.25
2007-10-01,P,TO,4.16
2007-11-01,P,AC,3.50
2007-11-01,P,AL,6.24
2007-11-01,P,AP,4.01
2007-11-01,P,AM,6.45
2007-11-01,P,BA,7.27
2007-11-01,P,CE,6.17
2007-11-01,P,DF,4.41
2007-11-01,P,ES,3.70
2007-11-01,P,GO,4.18
2007-11-01,P,MA,8.10
2007-11-01,P,MT,4.08
2007-11-01,P,MS,4.51
2007-11-01,P,MG,3.98
2007-11-01,P,PA,4.93
2007-11-01,P,PB,5.05
2007-11-01,P,PR,3.69
2007-11-01,P,PE,7.29
2007-11-01,P,PI,6.48
2007-11-01,P,RJ,6.10
2007-11-01,P,RN,5.44
2007-11-01,P,RS,3.46
2007-11-01,P,RO,3.77
2007-11-01,P,RR,5.81
2007-11-01,P,SC,3.61
2007-11-01,P,SP,4.47
2007-11-01,P,SE,5.30
2007-11-01,P,TO,4.27
2007-12-01,P,AC,3.29
2007-12-01,P,AL,6.18
2007-12-01,P,AP,4.17
2007-12-01,P,AM,6.26
2007-12-01,P,BA,7.26
2007-12-01,P,CE,6.12
2007-12-01,P,DF,4.17
2007-12-01,P,ES,3.73
2007-12-01,P,GO,3.75
2007-12-01,P,MA,8.11
2007-12-01,P,MT,4.02
2007-12-01,P,MS,4.27
2007-12-01,P,MG,3.71
2007-12-01,P,PA,4.84
2007-12-01,P,PB,4.86
2007-12-01,P,PR,3.33
2007-12-01,P,PE,7.21
2007-12-01,P,PI,6.38
2007-12-01,P,RJ,5.86
2007-12-01,P,RN,5.36
2007-12-01,P,RS,3.07
2007-12-01,P,RO,3.53
2007-12-01,P,RR,5.92
2007-12-01,P,SC,3.53
2007-12-01,P,SP,4.31
2007-12-01,P,SE,5.04
2007-12-01,P,TO,4.34
2008-01-01,P,AC,3.19
2008-01-01,P,AL,6.24
2008-01-01,P,AP,4.14
2008-01-01,P,AM,6.20
2008-01-01,P,BA,7.49
2008-01-01,P,CE,6.10
2008-01-01,P,DF,4.14
2008-01-01,P,ES,3.77
2008-01-01,P,GO,3.90
2008-01-01,P,MA,7.87
2008-01-01,P,MT,4.34
2008-01-01,P,MS,4.41
2008-01-01,P,MG,3.87
2008-01-01,P,PA,5.07
2008-01-01,P,PB,4.86
2008-01-01,P,PR,3.57
2008-01-01,P,PE,7.18
2008-01-01,P,PI,6.39
2008-01-01,P,RJ,5.97
2008-01-01,P,RN,5.47
2008-01-01,P,RS,3.17
2008-01-01,P,RO,3.59
2008-01-01,P,RR,5.82
2008-01-01,P,SC,3.70
2008-01-01,P,SP,4.44
2008-01-01,P,SE,5.07
2008-01-01,P,TO,4.69
2008-02-01,P,AC,3.37
2008-02-01,P,AL,6.26
2008-02-01,P,AP,4.20
2008-02-01,P,AM,6.25
2008-02-01,P,BA,7.44
2008-02-01,P,CE,6.11
2008-02-01,P,DF,4.12
2008-02-01,P,ES,3.68
2008-02-01,P,GO,3.83
2008-02-01,P,MA,7.80
2008-02-01,P,MT,3.89
2008-02-01,P,MS,4.28
2008-02-01,P,MG,3.99
2008-02-01,P,PA,5.12
2008-02-01,P,PB,4.97
2008-02-01,P,PR,3.54
2008-02-01,P,PE,7.17
2008-02-01,P,PI,6.34
2008-02-01,P,RJ,6.12
2008-02-01,P,RN,5.64
2008-02-01,P,RS,3.13
2008-02-01,P,RO,3.70
2008-02-01,P,RR,5.73
2008-02-01,P,SC,3.78
2008-02-01,P,SP,4.53
2008-02-01,P,SE,5.30
2008-02-01,P,TO,4.64
2008-03-01,P,AC,3.53
2008-03-01,P,AL,6.37
2008-03-01,P,AP,4.25
2008-03-01,P,AM,6.18
2008-03-01,P,BA,7.43
2008-03-01,P,CE,6.08
2008-03-01,P,DF,4.06
2008-03-01,P,ES,3.83
2008-03-01,P,GO,3.72
2008-03-01,P,MA,7.75
2008-03-01,P,MT,3.32
2008-03-01,P,MS,4.20
2008-03-01,P,MG,3.92
2008-03-01,P,PA,5.12
2008-03-01,P,PB,5.05
2008-03-01,P,PR,3.45
2008-03-01,P,PE,7.12
2008-03-01,P,PI,6.44
2008-03-01,P,RJ,5.99
2008-03-01,P,RN,5.70
2008-03-01,P,RS,3.14
2008-03-01,P,RO,3.61
2008-03-01,P,RR,5.60
2008-03-01,P,SC,3.84
2008-03-01,P,SP,4.45
2008-03-01,P,SE,5.39
2008-03-01,P,TO,4.79
2008-04-01,P,AC,3.59
2008-04-01,P,AL,6.47
2008-04-01,P,AP,4.39
2008-04-01,P,AM,6.22
2008-04-01,P,BA,7.62
2008-04-01,P,CE,6.12
2008-04-01,P,DF,4.01
2008-04-01,P,ES,3.93
2008-04-01,P,GO,3.92
2008-04-01,P,MA,7.85
2008-04-01,P,MT,3.51
2008-04-01,P,MS,4.13
2008-04-01,P,MG,4.00
2008-04-01,P,PA,5.16
2008-04-01,P,PB,5.22
2008-04-01,P,PR,3.49
2008-04-01,P,PE,7.13
2008-04-01,P,PI,6.44
2008-04-01,P,RJ,6.14
2008-04-01,P,RN,5.74
2008-04-01,P,RS,3.13
2008-04-01,P,RO,3.84
2008-04-01,P,RR,5.52
2008-04-01,P,SC,3.91
2008-04-01,P,SP,4.57
2008-04-01,P,SE,5.66
2008-04-01,P,TO,4.98
2008-05-01,P,AC,4.17
2008-05-01,P,AL,6.50
2008-05-01,P,AP,4.66
2008-05-01,P,AM,6.44
2008-05-01,P,BA,7.69
2008-05-01,P,CE,6.36
2008-05-01,P,DF,4.18
2008-05-01,P,ES,4.15
2008-05-01,P,GO,4.44
2008-05-01,P,MA,8.36
2008-05-01,P,MT,4.39
2008-05-01,P,MS,4.41
2008-05-01,P,MG,4.27
2008-05-01,P,PA,5.59
2008-05-01,P,PB,5.42
2008-05-01,P,PR,3.74
2008-05-01,P,PE,7.29
2008-05-01,P,PI,6.50
2008-05-01,P,RJ,6.45
2008-05-01,P,RN,5.91
2008-05-01,P,RS,3.39
2008-05-01,P,RO,4.22
2008-05-01,P,RR,5.83
2008-05-01,P,SC,4.08
2008-05-01,P,SP,4.68
2008-05-01,P,SE,5.42
2008-05-01,P,TO,5.41
2008-06-01,P,AC,4.12
2008-06-01,P,AL,6.17
2008-06-01,P,AP,4.57
2008-06-01,P,AM,6.33
2008-06-01,P,BA,7.40
2008-06-01,P,CE,6.21
2008-06-01,P,DF,3.99
2008-06-01,P,ES,4.02
2008-06-01,P,GO,4.22
2008-06-01,P,MA,7.83
2008-06-01,P,MT,4.24
2008-06-01,P,MS,4.08
2008-06-01,P,MG,3.94
2008-06-01,P,PA,5.43
2008-06-01,P,PB,5.30
2008-06-01,P,PR,3.52
2008-06-01,P,PE,7.14
2008-06-01,P,PI,6.28
2008-06-01,P,RJ,6.03
2008-06-01,P,RN,5.77
2008-06-01,P,RS,3.23
2008-06-01,P,RO,4.02
2008-06-01,P,RR,5.77
2008-06-01,P,SC,3.85
2008-06-01,P,SP,4.28
2008-06-01,P,SE,5.36
2008-06-01,P,TO,5.44
2008-07-01,P,AC,4.14
2008-07-01,P,AL,6.30
2008-07-01,P,AP,4.84
2008-07-01,P,AM,6.47
2008-07-01,P,BA,7.48
2008-07-01,P,CE,6.24
2008-07-01,P,DF,4.02
2008-07-01,P,ES,4.08
2008-07-01,P,GO,4.20
2008-07-01,P,MA,7.64
2008-07-01,P,MT,4.18
2008-07-01,P,MS,4.11
2008-07-01,P,MG,3.96
2008-07-01,P,PA,5.55
2008-07-01,P,PB,5.37
2008-07-01,P,PR,3.54
2008-07-01,P,PE,7.21
2008-07-01,P,PI,6.24
2008-07-01,P,RJ,6.21
2008-07-01,P,RN,5.99
2008-07-01,P,RS,3.29
2008-07-01,P,RO,4.13
2008-07-01,P,RR,5.99
2008-07-01,P,SC,3.81
2008-07-01,P,SP,4.34
2008-07-01,P,SE,5.33
2008-07-01,P,TO,5.35
2008-08-01,P,AC,4.05
2008-08-01,P,AL,6.53
2008-08-01,P,AP,4.91
2008-08-01,P,AM,6.52
2008-08-01,P,BA,7.58
2008-08-01,P,CE,6.55
2008-08-01,P,DF,4.09
2008-08-01,P,ES,4.10
2008-08-01,P,GO,4.43
2008-08-01,P,MA,7.50
2008-08-01,P,MT,4.81
2008-08-01,P,MS,4.01
2008-08-01,P,MG,4.02
2008-08-01,P,PA,5.70
2008-08-01,P,PB,5.42
2008-08-01,P,PR,3.68
2008-08-01,P,PE,7.20
2008-08-01,P,PI,6.14
2008-08-01,P,RJ,6.36
2008-08-01,P,RN,6.10
2008-08-01,P,RS,3.40
2008-08-01,P,RO,4.26
2008-08-01,P,RR,6.07
2008-08-01,P,SC,3.84
2008-08-01,P,SP,4.49
2008-08-01,P,SE,5.44
2008-08-01,P,TO,5.62
2008-09-01,P,AC,4.16
2008-09-01,P,AL,6.47
2008-09-01,P,AP,4.93
2008-09-01,P,AM,6.51
2008-09-01,P,BA,7.45
2008-09-01,P,CE,6.24
2008-09-01,P,DF,4.08
2008-09-01,P,ES,4.09
2008-09-01,P,GO,4.07
2008-09-01,P,MA,7.25
2008-09-01,P,MT,3.91
2008-09-01,P,MS,3.78
2008-09-01,P,MG,3.76
2008-09-01,P,PA,5.67
2008-09-01,P,PB,5.44
2008-09-01,P,PR,3.40
2008-09-01,P,PE,7.07
2008-09-01,P,PI,6.08
2008-09-01,P,RJ,6.15
2008-09-01,P,RN,5.95
2008-09-01,P,RS,3.29
2008-09-01,P,RO,4.18
2008-09-01,P,RR,5.69
2008-09-01,P,SC,3.72
2008-09-01,P,SP,4.41
2008-09-01,P,SE,5.38
2008-09-01,P,TO,5.35
2008-10-01,P,AC,4.68
2008-10-01,P,AL,6.64
2008-10-01,P,AP,5.56
2008-10-01,P,AM,6.71
2008-10-01,P,BA,7.61
2008-10-01,P,CE,6.07
2008-10-01,P,DF,4.17
2008-10-01,P,ES,4.21
2008-10-01,P,GO,4.34
2008-10-01,P,MA,7.46
2008-10-01,P,MT,4.91
2008-10-01,P,MS,3.70
2008-10-01,P,MG,3.88
2008-10-01,P,PA,5.85
2008-10-01,P,PB,5.72
2008-10-01,P,PR,3.49
2008-10-01,P,PE,7.07
2008-10-01,P,PI,6.40
2008-10-01,P,RJ,6.37
2008-10-01,P,RN,6.29
2008-10-01,P,RS,3.32
2008-10-01,P,RO,4.42
2008-10-01,P,RR,6.00
2008-10-01,P,SC,3.68
2008-10-01,P,SP,4.51
2008-10-01,P,SE,5.40
2008-10-01,P,TO,5.77
2008-11-01,P,AC,4.87
2008-11-01,P,AL,6.69
2008-11-01,P,AP,5.84
2008-11-01,P,AM,6.91
2008-11-01,P,BA,7.69
2008-11-01,P,CE,6.06
2008-11-01,P,DF,4.44
2008-11-01,P,ES,4.30
2008-11-01,P,GO,4.57
2008-11-01,P,MA,7.40
2008-11-01,P,MT,5.05
2008-11-01,P,MS,3.96
2008-11-01,P,MG,3.95
2008-11-01,P,PA,5.98
2008-11-01,P,PB,5.72
2008-11-01,P,PR,3.59
2008-11-01,P,PE,7.14
2008-11-01,P,PI,6.69
2008-11-01,P,RJ,6.64
2008-11-01,P,RN,6.49
2008-11-01,P,RS,3.33
2008-11-01,P,RO,4.57
2008-11-01,P,RR,6.65
2008-11-01,P,SC,3.74
2008-11-01,P,SP,4.68
2008-11-01,P,SE,5.49
2008-11-01,P,TO,5.74
2008-12-01,P,AC,5.06
2008-12-01,P,AL,6.67
2008-12-01,P,AP,6.00
2008-12-01,P,AM,7.02
2008-12-01,P,BA,7.45
2008-12-01,P,CE,5.98
2008-12-01,P,DF,4.42
2008-12-01,P,ES,4.42
2008-12-01,P,GO,4.47
2008-12-01,P,MA,7.25
2008-12-01,P,MT,4.13
2008-12-01,P,MS,3.59
2008-12-01,P,MG,4.08
2008-12-01,P,PA,5.97
2008-12-01,P,PB,5.78
2008-12-01,P,PR,3.60
2008-12-01,P,PE,7.04
2008-12-01,P,PI,6.32
2008-12-01,P,RJ,6.79
2008-12-01,P,RN,6.38
2008-12-01,P,RS,3.40
2008-12-01,P,RO,4.80
2008-12-01,P,RR,6.41
2008-12-01,P,SC,3.69
2008-12-01,P,SP,4.83
2008-12-01,P,SE,5.53
2008-12-01,P,TO,5.90
2009-01-01,P,AC,5.39
2009-01-01,P,AL,6.94
2009-01-01,P,AP,6.51
2009-01-01,P,AM,7.35
2009-01-01,P,BA,8.45
2009-01-01,P,CE,6.11
2009-01-01,P,DF,4.75
2009-01-01,P,ES,4.81
2009-01-01,P,GO,5.12
2009-01-01,P,MA,7.68
2009-01-01,P,MT,5.02
2009-01-01,P,MS,4.12
2009-01-01,P,MG,4.53
2009-01-01,P,PA,6.43
2009-01-01,P,PB,6.06
2009-01-01,P,PR,4.11
2009-01-01,P,PE,7.51
2009-01-01,P,PI,6.58
2009-01-01,P,RJ,7.15
2009-01-01,P,RN,6.68
2009-01-01,P,RS,3.83
2009-01-01,P,RO,5.52
2009-01-01,P,RR,7.00
2009-01-01,P,SC,3.96
2009-01-01,P,SP,5.25
2009-01-01,P,SE,5.73
2009-01-01,P,TO,6.45
2009-02-01,P,AC,5.33
2009-02-01,P,AL,7.08
2009-02-01,P,AP,6.93
2009-02-01,P,AM,7.49
2009-02-01,P,BA,8.60
2009-02-01,P,CE,6.26
2009-02-01,P,DF,4.96
2009-02-01,P,ES,5.00
2009-02-01,P,GO,5.31
2009-02-01,P,MA,7.82
2009-02-01,P,MT,4.85
2009-02-01,P,MS,4.29
2009-02-01,P,MG,4.80
2009-02-01,P,PA,6.73
2009-02-01,P,PB,6.19
2009-02-01,P,PR,4.28
2009-02-01,P,PE,7.56
2009-02-01,P,PI,6.70
2009-02-01,P,RJ,7.47
2009-02-01,P,RN,6.87
2009-02-01,P,RS,4.01
2009-02-01,P,RO,5.83
2009-02-01,P,RR,7.30
2009-02-01,P,SC,4.10
2009-02-01,P,SP,5.48
2009-02-01,P,SE,5.89
2009-02-01,P,TO,6.50
2009-03-01,P,AC,5.74
2009-03-01,P,AL,7.19
2009-03-01,P,AP,7.26
2009-03-01,P,AM,7.59
2009-03-01,P,BA,8.62
2009-03-01,P,CE,6.35
2009-03-01,P,DF,5.04
2009-03-01,P,ES,5.20
2009-03-01,P,GO,5.50
2009-03-01,P,MA,7.96
2009-03-01,P,MT,4.86
2009-03-01,P,MS,4.36
2009-03-01,P,MG,5.11
2009-03-01,P,PA,6.95
2009-03-01,P,PB,6.28
2009-03-01,P,PR,4.37
2009-03-01,P,PE,7.49
2009-03-01,P,PI,6.84
2009-03-01,P,RJ,7.55
2009-03-01,P,RN,6.99
2009-03-01,P,RS,4.08
2009-03-01,P,RO,5.91
2009-03-01,P,RR,7.51
2009-03-01,P,SC,4.19
2009-03-01,P,SP,5.71
2009-03-01,P,SE,5.90
2009-03-01,P,TO,6.67
2009-04-01,P,AC,6.00
2009-04-01,P,AL,7.10
2009-04-01,P,AP,7.33
2009-04-01,P,AM,7.59
2009-04-01,P,BA,8.62
2009-04-01,P,CE,6.28
2009-04-01,P,DF,5.01
2009-04-01,P,ES,5.35
2009-04-01,P,GO,5.96
2009-04-01,P,MA,8.20
2009-04-01,P,MT,6.46
2009-04-01,P,MS,4.72
2009-04-01,P,MG,5.27
2009-04-01,P,PA,7.10
2009-04-01,P,PB,6.22
2009-04-01,P,PR,4.71
2009-04-01,P,PE,7.45
2009-04-01,P,PI,6.88
2009-04-01,P,RJ,7.61
2009-04-01,P,RN,6.81
2009-04-01,P,RS,4.30
2009-04-01,P,RO,6.14
2009-04-01,P,RR,7.43
2009-04-01,P,SC,4.31
2009-04-01,P,SP,5.86
2009-04-01,P,SE,6.06
2009-04-01,P,TO,6.90
2009-05-01,P,AC,6.28
2009-05-01,P,AL,7.21
2009-05-01,P,AP,7.58
2009-05-01,P,AM,7.85
2009-05-01,P,BA,8.47
2009-05-01,P,CE,6.58
2009-05-01,P,DF,5.27
2009-05-01,P,ES,5.58
2009-05-01,P,GO,5.93
2009-05-01,P,MA,8.09
2009-05-01,P,MT,4.74
2009-05-01,P,MS,4.24
2009-05-01,P,MG,5.49
2009-05-01,P,PA,7.31
2009-05-01,P,PB,6.36
2009-05-01,P,PR,4.59
2009-05-01,P,PE,7.62
2009-05-01,P,PI,7.06
2009-05-01,P,RJ,7.82
2009-05-01,P,RN,6.80
2009-05-01,P,RS,4.24
2009-05-01,P,RO,6.24
2009-05-01,P,RR,7.61
2009-05-01,P,SC,4.42
2009-05-01,P,SP,6.01
2009-05-01,P,SE,6.16
2009-05-01,P,TO,6.89
2009-06-01,P,AC,6.52
2009-06-01,P,AL,7.19
2009-06-01,P,AP,7.29
2009-06-01,P,AM,7.85
2009-06-01,P,BA,8.35
2009-06-01,P,CE,6.56
2009-06-01,P,DF,5.23
2009-06-01,P,ES,5.52
2009-06-01,P,GO,6.16
2009-06-01,P,MA,7.93
2009-06-01,P,MT,5.14
2009-06-01,P,MS,4.50
2009-06-01,P,MG,5.56
2009-06-01,P,PA,7.52
2009-06-01,P,PB,6.38
2009-06-01,P,PR,4.79
2009-06-01,P,PE,7.58
2009-06-01,P,PI,7.07
2009-06-01,P,RJ,7.68
2009-06-01,P,RN,6.81
2009-06-01,P,RS,4.23
2009-06-01,P,RO,6.23
2009-06-01,P,RR,7.51
2009-06-01,P,SC,4.47
2009-06-01,P,SP,5.83
2009-06-01,P,SE,6.16
2009-06-01,P,TO,6.87
2009-07-01,P,AC,6.69
2009-07-01,P,AL,7.16
2009-07-01,P,AP,7.26
2009-07-01,P,AM,7.76
2009-07-01,P,BA,8.32
2009-07-01,P,CE,6.53
2009-07-01,P,DF,5.29
2009-07-01,P,ES,5.49
2009-07-01,P,GO,6.53
2009-07-01,P,MA,7.90
2009-07-01,P,MT,5.79
2009-07-01,P,MS,4.76
2009-07-01,P,MG,5.62
2009-07-01,P,PA,7.60
2009-07-01,P,PB,6.51
2009-07-01,P,PR,5.12
2009-07-01,P,PE,7.64
2009-07-01,P,PI,7.13
2009-07-01,P,RJ,7.68
2009-07-01,P,RN,6.86
2009-07-01,P,RS,4.50
2009-07-01,P,RO,6.33
2009-07-01,P,RR,7.42
2009-07-01,P,SC,4.58
2009-07-01,P,SP,5.92
2009-07-01,P,SE,6.08
2009-07-01,P,TO,7.31
2009-08-01,P,AC,7.00
2009-08-01,P,AL,6.91
2009-08-01,P,AP,6.96
2009-08-01,P,AM,7.74
2009-08-01,P,BA,8.27
2009-08-01,P,CE,6.41
2009-08-01,P,DF,5.28
2009-08-01,P,ES,5.48
2009-08-01,P,GO,7.30
2009-08-01,P,MA,8.01
2009-08-01,P,MT,8.27
2009-08-01,P,MS,5.29
2009-08-01,P,MG,5.66
2009-08-01,P,PA,7.76
2009-08-01,P,PB,6.40
2009-08-01,P,PR,5.46
2009-08-01,P,PE,7.56
2009-08-01,P,PI,7.21
2009-08-01,P,RJ,7.59
2009-08-01,P,RN,6.69
2009-08-01,P,RS,4.67
2009-08-01,P,RO,6.58
2009-08-01,P,RR,7.33
2009-08-01,P,SC,4.59
2009-08-01,P,SP,5.97
2009-08-01,P,SE,5.96
2009-08-01,P,TO,7.47
2009-09-01,P,AC,7.03
2009-09-01,P,AL,6.70
2009-09-01,P,AP,6.91
2009-09-01,P,AM,7.67
2009-09-01,P,BA,8.07
2009-09-01,P,CE,6.38
2009-09-01,P,DF,5.29
2009-09-01,P,ES,5.40
2009-09-01,P,GO,7.22
2009-09-01,P,MA,7.79
2009-09-01,P,MT,8.26
2009-09-01,P,MS,5.39
2009-09-01,P,MG,5.58
2009-09-01,P,PA,7.71
2009-09-01,P,PB,6.38
2009-09-01,P,PR,5.47
2009-09-01,P,PE,7.44
2009-09-01,P,PI,7.12
2009-09-01,P,RJ,7.45
2009-09-01,P,RN,6.54
2009-09-01,P,RS,4.73
2009-09-01,P,RO,6.57
2009-09-01,P,RR,7.05
2009-09-01,P,SC,4.61
2009-09-01,P,SP,5.96
2009-09-01,P,SE,5.80
2009-09-01,P,TO,7.45
2009-10-01,P,AC,6.84
2009-10-01,P,AL,6.72
2009-10-01,P,AP,6.84
2009-10-01,P,AM,7.45
2009-10-01,P,BA,7.97
2009-10-01,P,CE,6.42
2009-10-01,P,DF,5.32
2009-10-01,P,ES,5.29
2009-10-01,P,GO,7.28
2009-10-01,P,MA,7.61
2009-10-01,P,MT,8.14
2009-10-01,P,MS,5.32
2009-10-01,P,MG,5.49
2009-10-01,P,PA,7.62
2009-10-01,P,PB,6.48
2009-10-01,P,PR,5.48
2009-10-01,P,PE,7.36
2009-10-01,P,PI,7.15
2009-10-01,P,RJ,7.37
2009-10-01,P,RN,6.58
2009-10-01,P,RS,4.69
2009-10-01,P,RO,6.51
2009-10-01,P,RR,6.86
2009-10-01,P,SC,4.54
2009-10-01,P,SP,5.92
2009-10-01,P,SE,5.80
2009-10-01,P,TO,7.33
2009-11-01,P,AC,6.78
2009-11-01,P,AL,6.59
2009-11-01,P,AP,7.06
2009-11-01,P,AM,7.37
2009-11-01,P,BA,7.72
2009-11-01,P,CE,6.29
2009-11-01,P,DF,5.19
2009-11-01,P,ES,5.09
2009-11-01,P,GO,6.91
2009-11-01,P,MA,7.43
2009-11-01,P,MT,7.45
2009-11-01,P,MS,5.36
2009-11-01,P,MG,5.29
2009-11-01,P,PA,7.52
2009-11-01,P,PB,6.48
2009-11-01,P,PR,5.27
2009-11-01,P,PE,7.09
2009-11-01,P,PI,6.98
2009-11-01,P,RJ,7.14
2009-11-01,P,RN,6.42
2009-11-01,P,RS,4.69
2009-11-01,P,RO,6.36
2009-11-01,P,RR,6.74
2009-11-01,P,SC,4.52
2009-11-01,P,SP,5.75
2009-11-01,P,SE,5.59
2009-11-01,P,TO,7.27
2009-12-01,P,AC,6.49
2009-12-01,P,AL,6.42
2009-12-01,P,AP,6.90
2009-12-01,P,AM,6.99
2009-12-01,P,BA,7.45
2009-12-01,P,CE,5.84
2009-12-01,P,DF,4.97
2009-12-01,P,ES,4.67
2009-12-01,P,GO,6.45
2009-12-01,P,MA,7.07
2009-12-01,P,MT,6.40
2009-12-01,P,MS,4.66
2009-12-01,P,MG,4.93
2009-12-01,P,PA,6.84
2009-12-01,P,PB,6.32
2009-12-01,P,PR,4.93
2009-12-01,P,PE,6.69
2009-12-01,P,PI,6.93
2009-12-01,P,RJ,6.67
2009-12-01,P,RN,5.85
2009-12-01,P,RS,4.29
2009-12-01,P,RO,6.19
2009-12-01,P,RR,6.72
2009-12-01,P,SC,4.18
2009-12-01,P,SP,5.33
2009-12-01,P,SE,5.03
2009-12-01,P,TO,6.53
2010-01-01,P,AC,6.32
2010-01-01,P,AL,6.37
2010-01-01,P,AP,7.58
2010-01-01,P,AM,7.10
2010-01-01,P,BA,7.64
2010-01-01,P,CE,5.92
2010-01-01,P,DF,5.18
2010-01-01,P,ES,4.70
2010-01-01,P,GO,6.42
2010-01-01,P,MA,7.03
2010-01-01,P,MT,6.57
2010-01-01,P,MS,4.76
2010-01-01,P,MG,4.94
2010-01-01,P,PA,6.87
2010-01-01,P,PB,6.45
2010-01-01,P,PR,4.96
2010-01-01,P,PE,6.74
2010-01-01,P,PI,7.10
2010-01-01,P,RJ,6.79
2010-01-01,P,RN,5.92
2010-01-01,P,RS,4.32
2010-01-01,P,RO,6.19
2010-01-01,P,RR,7.06
2010-01-01,P,SC,4.24
2010-01-01,P,SP,5.38
2010-01-01,P,SE,4.96
2010-01-01,P,TO,6.54
2010-02-01,P,AC,6.15
2010-02-01,P,AL,6.26
2010-02-01,P,AP,7.47
2010-02-01,P,AM,7.04
2010-02-01,P,BA,7.38
2010-02-01,P,CE,5.87
2010-02-01,P,DF,5.15
2010-02-01,P,ES,4.74
2010-02-01,P,GO,6.55
2010-02-01,P,MA,6.96
2010-02-01,P,MT,8.00
2010-02-01,P,MS,4.79
2010-02-01,P,MG,4.87
2010-02-01,P,PA,6.84
2010-02-01,P,PB,6.31
2010-02-01,P,PR,4.97
2010-02-01,P,PE,6.58
2010-02-01,P,PI,6.88
2010-02-01,P,RJ,6.61
2010-02-01,P,RN,5.81
2010-02-01,P,RS,4.29
2010-02-01,P,RO,6.20
2010-02-01,P,RR,7.01
2010-02-01,P,SC,4.27
2010-02-01,P,SP,5.28
2010-02-01,P,SE,4.96
2010-02-01,P,TO,6.58
2010-03-01,P,AC,5.99
2010-03-01,P,AL,6.18
2010-03-01,P,AP,6.46
2010-03-01,P,AM,6.76
2010-03-01,P,BA,7.12
2010-03-01,P,CE,5.74
2010-03-01,P,DF,4.92
2010-03-01,P,ES,4.53
2010-03-01,P,GO,6.16
2010-03-01,P,MA,6.77
2010-03-01,P,MT,7.51
2010-03-01,P,MS,4.41
2010-03-01,P,MG,4.75
2010-03-01,P,PA,6.70
2010-03-01,P,PB,6.10
2010-03-01,P,PR,4.83
2010-03-01,P,PE,6.34
2010-03-01,P,PI,6.69
2010-03-01,P,RJ,6.38
2010-03-01,P,RN,5.67
2010-03-01,P,RS,4.16
2010-03-01,P,RO,6.13
2010-03-01,P,RR,6.87
2010-03-01,P,SC,4.25
2010-03-01,P,SP,5.07
2010-03-01,P,SE,4.76
2010-03-01,P,TO,6.32
2010-04-01,P,AC,5.83
2010-04-01,P,AL,6.00
2010-04-01,P,AP,6.33
2010-04-01,P,AM,6.63
2010-04-01,P,BA,6.93
2010-04-01,P,CE,5.73
2010-04-01,P,DF,4.80
2010-04-01,P,ES,4.48
2010-04-01,P,GO,5.89
2010-04-01,P,MA,6.61
2010-04-01,P,MT,6.85
2010-04-01,P,MS,4.42
2010-04-01,P,MG,4.62
2010-04-01,P,PA,6.71
2010-04-01,P,PB,5.96
2010-04-01,P,PR,4.66
2010-04-01,P,PE,6.28
2010-04-01,P,PI,6.51
2010-04-01,P,RJ,6.30
2010-04-01,P,RN,5.77
2010-04-01,P,RS,4.09
2010-04-01,P,RO,6.03
2010-04-01,P,RR,6.83
2010-04-01,P,SC,4.17
2010-04-01,P,SP,4.97
2010-04-01,P,SE,4.66
2010-04-01,P,TO,6.18
2010-05-01,P,AC,6.00
2010-05-01,P,AL,5.95
2010-05-01,P,AP,8.71
2010-05-01,P,AM,6.65
2010-05-01,P,BA,6.75
2010-05-01,P,CE,5.74
2010-05-01,P,DF,4.70
2010-05-01,P,ES,4.40
2010-05-01,P,GO,5.63
2010-05-01,P,MA,6.52
2010-05-01,P,MT,6.40
2010-05-01,P,MS,4.30
2010-05-01,P,MG,4.49
2010-05-01,P,PA,6.57
2010-05-01,P,PB,5.75
2010-05-01,P,PR,4.53
2010-05-01,P,PE,6.26
2010-05-01,P,PI,6.42
2010-05-01,P,RJ,6.29
2010-05-01,P,RN,5.70
2010-05-01,P,RS,3.91
2010-05-01,P,RO,5.90
2010-05-01,P,RR,7.02
2010-05-01,P,SC,4.15
2010-05-01,P,SP,4.91
2010-05-01,P,SE,4.57
2010-05-01,P,TO,5.86
2010-06-01,P,AC,5.86
2010-06-01,P,AL,5.88
2010-06-01,P,AP,9.44
2010-06-01,P,AM,6.52
2010-06-01,P,BA,6.43
2010-06-01,P,CE,5.60
2010-06-01,P,DF,4.63
2010-06-01,P,ES,4.25
2010-06-01,P,GO,5.20
2010-06-01,P,MA,6.20
2010-06-01,P,MT,5.52
2010-06-01,P,MS,4.03
2010-06-01,P,MG,4.24
2010-06-01,P,PA,6.22
2010-06-01,P,PB,5.52
2010-06-01,P,PR,4.15
2010-06-01,P,PE,6.20
2010-06-01,P,PI,5.97
2010-06-01,P,RJ,6.13
2010-06-01,P,RN,5.27
2010-06-01,P,RS,3.65
2010-06-01,P,RO,5.43
2010-06-01,P,RR,6.76
2010-06-01,P,SC,3.92
2010-06-01,P,SP,4.74
2010-06-01,P,SE,4.39
2010-06-01,P,TO,5.24
2010-07-01,P,AC,5.89
2010-07-01,P,AL,5.78
2010-07-01,P,AP,9.51
2010-07-01,P,AM,6.45
2010-07-01,P,BA,7.75
2010-07-01,P,CE,5.59
2010-07-01,P,DF,4.48
2010-07-01,P,ES,4.21
2010-07-01,P,GO,5.08
2010-07-01,P,MA,6.11
2010-07-01,P,MT,5.62
2010-07-01,P,MS,4.09
2010-07-01,P,MG,4.14
2010-07-01,P,PA,6.03
2010-07-01,P,PB,5.41
2010-07-01,P,PR,4.12
2010-07-01,P,PE,6.22
2010-07-01,P,PI,5.77
2010-07-01,P,RJ,6.05
2010-07-01,P,RN,5.21
2010-07-01,P,RS,3.62
2010-07-01,P,RO,5.26
2010-07-01,P,RR,6.67
2010-07-01,P,SC,3.93
2010-07-01,P,SP,4.63
2010-07-01,P,SE,4.24
2010-07-01,P,TO,5.18
2010-08-01,P,AC,5.83
2010-08-01,P,AL,5.67
2010-08-01,P,AP,9.06
2010-08-01,P,AM,6.07
2010-08-01,P,BA,7.21
2010-08-01,P,CE,5.47
2010-08-01,P,DF,4.33
2010-08-01,P,ES,4.09
2010-08-01,P,GO,4.94
2010-08-01,P,MA,5.95
2010-08-01,P,MT,5.46
2010-08-01,P,MS,3.92
2010-08-01,P,MG,3.98
2010-08-01,P,PA,5.87
2010-08-01,P,PB,5.24
2010-08-01,P,PR,3.99
2010-08-01,P,PE,5.82
2010-08-01,P,PI,5.64
2010-08-01,P,RJ,5.86
2010-08-01,P,RN,5.05
2010-08-01,P,RS,3.50
2010-08-01,P,RO,5.07
2010-08-01,P,RR,6.45
2010-08-01,P,SC,3.81
2010-08-01,P,SP,4.43
2010-08-01,P,SE,4.14
2010-08-01,P,TO,4.86
2010-09-01,P,AC,5.57
2010-09-01,P,AL,5.59
2010-09-01,P,AP,8.76
2010-09-01,P,AM,5.89
2010-09-01,P,BA,7.01
2010-09-01,P,CE,5.22
2010-09-01,P,DF,4.23
2010-09-01,P,ES,3.97
2010-09-01,P,GO,4.76
2010-09-01,P,MA,6.00
2010-09-01,P,MT,5.21
2010-09-01,P,MS,3.82
2010-09-01,P,MG,3.81
2010-09-01,P,PA,5.74
2010-09-01,P,PB,5.05
2010-09-01,P,PR,3.91
2010-09-01,P,PE,5.67
2010-09-01,P,PI,5.48
2010-09-01,P,RJ,5.67
2010-09-01,P,RN,4.93
2010-09-01,P,RS,3.48
2010-09-01,P,RO,4.78
2010-09-01,P,RR,6.30
2010-09-01,P,SC,3.76
2010-09-01,P,SP,4.27
2010-09-01,P,SE,3.96
2010-09-01,P,TO,4.73
2010-10-01,P,AC,5.55
2010-10-01,P,AL,5.71
2010-10-01,P,AP,8.67
2010-10-01,P,AM,5.85
2010-10-01,P,BA,7.15
2010-10-01,P,CE,5.43
2010-10-01,P,DF,4.19
2010-10-01,P,ES,3.97
2010-10-01,P,GO,5.10
2010-10-01,P,MA,6.24
2010-10-01,P,MT,5.25
2010-10-01,P,MS,3.84
2010-10-01,P,MG,3.85
2010-10-01,P,PA,5.81
2010-10-01,P,PB,5.11
2010-10-01,P,PR,3.88
2010-10-01,P,PE,5.72
2010-10-01,P,PI,5.61
2010-10-01,P,RJ,5.76
2010-10-01,P,RN,5.16
2010-10-01,P,RS,3.50
2010-10-01,P,RO,4.80
2010-10-01,P,RR,6.40
2010-10-01,P,SC,3.76
2010-10-01,P,SP,4.28
2010-10-01,P,SE,4.12
2010-10-01,P,TO,4.64
2010-11-01,P,AC,5.24
2010-11-01,P,AL,5.36
2010-11-01,P,AP,7.89
2010-11-01,P,AM,5.66
2010-11-01,P,BA,6.77
2010-11-01,P,CE,5.34
2010-11-01,P,DF,4.05
2010-11-01,P,ES,3.86
2010-11-01,P,GO,4.58
2010-11-01,P,MA,6.19
2010-11-01,P,MT,4.64
2010-11-01,P,MS,3.64
2010-11-01,P,MG,3.68
2010-11-01,P,PA,5.49
2010-11-01,P,PB,4.74
2010-11-01,P,PR,3.72
2010-11-01,P,PE,5.43
2010-11-01,P,PI,5.33
2010-11-01,P,RJ,5.53
2010-11-01,P,RN,4.91
2010-11-01,P,RS,3.37
2010-11-01,P,RO,4.49
2010-11-01,P,RR,6.35
2010-11-01,P,SC,3.60
2010-11-01,P,SP,4.14
2010-11-01,P,SE,3.93
2010-11-01,P,TO,4.40
2010-12-01,P,AC,4.90
2010-12-01,P,AL,5.11
2010-12-01,P,AP,7.70
2010-12-01,P,AM,5.46
2010-12-01,P,BA,5.37
2010-12-01,P,CE,4.89
2010-12-01,P,DF,3.95
2010-12-01,P,ES,3.56
2010-12-01,P,GO,4.32
2010-12-01,P,MA,6.08
2010-12-01,P,MT,4.39
2010-12-01,P,MS,3.23
2010-12-01,P,MG,3.42
2010-12-01,P,PA,5.26
2010-12-01,P,PB,4.50
2010-12-01,P,PR,3.42
2010-12-01,P,PE,5.27
2010-12-01,P,PI,5.08
2010-12-01,P,RJ,5.33
2010-12-01,P,RN,4.69
2010-12-01,P,RS,3.08
2010-12-01,P,RO,4.17
2010-12-01,P,RR,5.87
2010-12-01,P,SC,3.31
2010-12-01,P,SP,3.88
2010-12-01,P,SE,3.74
2010-12-01,P,TO,4.09
2011-01-01,P,AC,4.91
2011-01-01,P,AL,5.10
2011-01-01,P,AP,7.94
2011-01-01,P,AM,5.52
2011-01-01,P,BA,5.40
2011-01-01,P,CE,5.07
2011-01-01,P,DF,4.04
2011-01-01,P,ES,3.64
2011-01-01,P,GO,4.33
2011-01-01,P,MA,6.17
2011-01-01,P,MT,4.36
2011-01-01,P,MS,3.38
2011-01-01,P,MG,3.54
2011-01-01,P,PA,5.36
2011-01-01,P,PB,4.51
2011-01-01,P,PR,3.46
2011-01-01,P,PE,5.25
2011-01-01,P,PI,5.15
2011-01-01,P,RJ,5.44
2011-01-01,P,RN,4.91
2011-01-01,P,RS,3.13
2011-01-01,P,RO,4.29
2011-01-01,P,RR,6.06
2011-01-01,P,SC,3.39
2011-01-01,P,SP,4.03
2011-01-01,P,SE,3.80
2011-01-01,P,TO,4.15
2011-02-01,P,AC,4.36
2011-02-01,P,AL,4.50
2011-02-01,P,AP,7.20
2011-02-01,P,AM,4.73
2011-02-01,P,BA,4.80
2011-02-01,P,CE,4.45
2011-02-01,P,DF,3.63
2011-02-01,P,ES,3.22
2011-02-01,P,GO,3.98
2011-02-01,P,MA,5.57
2011-02-01,P,MT,4.07
2011-02-01,P,MS,3.02
2011-02-01,P,MG,3.10
2011-02-01,P,PA,4.52
2011-02-01,P,PB,3.95
2011-02-01,P,PR,3.11
2011-02-01,P,PE,4.52
2011-02-01,P,PI,4.65
2011-02-01,P,RJ,4.68
2011-02-01,P,RN,4.25
2011-02-01,P,RS,2.77
2011-02-01,P,RO,3.80
2011-02-01,P,RR,5.65
2011-02-01,P,SC,3.11
2011-02-01,P,SP,3.46
2011-02-01,P,SE,3.32
2011-02-01,P,TO,3.83
2011-03-01,P,AC,4.50
2011-03-01,P,AL,4.57
2011-03-01,P,AP,7.22
2011-03-01,P,AM,4.83
2011-03-01,P,BA,4.86
2011-03-01,P,CE,4.56
2011-03-01,P,DF,3.67
2011-03-01,P,ES,3.31
2011-03-01,P,GO,4.04
2011-03-01,P,MA,5.74
2011-03-01,P,MT,4.13
2011-03-01,P,MS,3.02
2011-03-01,P,MG,3.25
2011-03-01,P,PA,4.57
2011-03-01,P,PB,3.98
2011-03-01,P,PR,3.13
2011-03-01,P,PE,4.53
2011-03-01,P,PI,4.74
2011-03-01,P,RJ,4.84
2011-03-01,P,RN,4.34
2011-03-01,P,RS,2.79
2011-03-01,P,RO,3.90
2011-03-01,P,RR,5.79
2011-03-01,P,SC,3.21
2011-03-01,P,SP,3.50
2011-03-01,P,SE,3.33
2011-03-01,P,TO,3.86
2011-04-01,P,AC,4.45
2011-04-01,P,AL,4.72
2011-04-01,P,AP,6.30
2011-04-01,P,AM,4.98
2011-04-01,P,BA,4.98
2011-04-01,P,CE,4.74
2011-04-01,P,DF,3.75
2011-04-01,P,ES,3.47
2011-04-01,P,GO,4.14
2011-04-01,P,MA,5.95
2011-04-01,P,MT,4.11
2011-04-01,P,MS,3.08
2011-04-01,P,MG,3.37
2011-04-01,P,PA,4.72
2011-04-01,P,PB,4.11
2011-04-01,P,PR,3.22
2011-04-01,P,PE,4.68
2011-04-01,P,PI,4.95
2011-04-01,P,RJ,5.01
2011-04-01,P,RN,4.59
2011-04-01,P,RS,2.82
2011-04-01,P,RO,3.96
2011-04-01,P,RR,6.03
2011-04-01,P,SC,3.33
2011-04-01,P,SP,3.63
2011-04-01,P,SE,3.41
2011-04-01,P,TO,3.91
2011-05-01,P,AC,4.76
2011-05-01,P,AL,4.77
2011-05-01,P,AP,6.50
2011-05-01,P,AM,5.24
2011-05-01,P,BA,4.98
2011-05-01,P,CE,4.92
2011-05-01,P,DF,3.86
2011-05-01,P,ES,3.56
2011-05-01,P,GO,4.19
2011-05-01,P,MA,6.15
2011-05-01,P,MT,4.12
2011-05-01,P,MS,3.03
2011-05-01,P,MG,3.44
2011-05-01,P,PA,4.83
2011-05-01,P,PB,4.37
2011-05-01,P,PR,3.25
2011-05-01,P,PE,4.86
2011-05-01,P,PI,5.16
2011-05-01,P,RJ,5.08
2011-05-01,P,RN,4.79
2011-05-01,P,RS,2.83
2011-05-01,P,RO,4.01
2011-05-01,P,RR,6.22
2011-05-01,P,SC,3.40
2011-05-01,P,SP,3.74
2011-05-01,P,SE,3.46
2011-05-01,P,TO,4.08
2011-06-01,P,AC,4.82
2011-06-01,P,AL,4.66
2011-06-01,P,AP,6.36
2011-06-01,P,AM,5.20
2011-06-01,P,BA,4.99
2011-06-01,P,CE,4.86
2011-06-01,P,DF,3.88
2011-06-01,P,ES,3.55
2011-06-01,P,GO,4.18
2011-06-01,P,MA,6.05
2011-06-01,P,MT,4.11
2011-06-01,P,MS,2.97
2011-06-01,P,MG,3.44
2011-06-01,P,PA,4.72
2011-06-01,P,PB,4.19
2011-06-01,P,PR,3.20
2011-06-01,P,PE,4.90
2011-06-01,P,PI,5.11
2011-06-01,P,RJ,5.02
2011-06-01,P,RN,4.88
2011-06-01,P,RS,2.83
2011-06-01,P,RO,3.96
2011-06-01,P,RR,6.32
2011-06-01,P,SC,3.38
2011-06-01,P,SP,3.68
2011-06-01,P,SE,3.52
2011-06-01,P,TO,4.24
2011-07-01,P,AC,5.04
2011-07-01,P,AL,4.82
2011-07-01,P,AP,6.44
2011-07-01,P,AM,5.34
2011-07-01,P,BA,5.08
2011-07-01,P,CE,5.02
2011-07-01,P,DF,3.95
2011-07-01,P,ES,3.56
2011-07-01,P,GO,4.26
2011-07-01,P,MA,6.22
2011-07-01,P,MT,3.92
2011-07-01,P,MS,3.03
2011-07-01,P,MG,3.49
2011-07-01,P,PA,4.60
2011-07-01,P,PB,4.33
2011-07-01,P,PR,3.27
2011-07-01,P,PE,5.01
2011-07-01,P,PI,5.26
2011-07-01,P,RJ,5.13
2011-07-01,P,RN,4.99
2011-07-01,P,RS,2.93
2011-07-01,P,RO,4.03
2011-07-01,P,RR,6.63
2011-07-01,P,SC,3.49
2011-07-01,P,SP,3.72
2011-07-01,P,SE,3.67
2011-07-01,P,TO,4.34
2011-08-01,P,AC,5.09
2011-08-01,P,AL,4.83
2011-08-01,P,AP,6.73
2011-08-01,P,AM,5.44
2011-08-01,P,BA,5.10
2011-08-01,P,CE,5.03
2011-08-01,P,DF,3.88
2011-08-01,P,ES,3.63
2011-08-01,P,GO,4.14
2011-08-01,P,MA,6.27
2011-08-01,P,MT,3.51
2011-08-01,P,MS,3.02
2011-08-01,P,MG,3.53
2011-08-01,P,PA,4.67
2011-08-01,P,PB,4.44
2011-08-01,P,PR,3.25
2011-08-01,P,PE,5.14
2011-08-01,P,PI,5.35
2011-08-01,P,RJ,5.17
2011-08-01,P,RN,5.03
2011-08-01,P,RS,2.94
2011-08-01,P,RO,4.03
2011-08-01,P,RR,6.61
2011-08-01,P,SC,3.56
2011-08-01,P,SP,3.75
2011-08-01,P,SE,3.72
2011-08-01,P,TO,4.34
2011-09-01,P,AC,5.19
2011-09-01,P,AL,4.96
2011-09-01,P,AP,6.99
2011-09-01,P,AM,5.56
2011-09-01,P,BA,5.12
2011-09-01,P,CE,5.10
2011-09-01,P,DF,3.97
2011-09-01,P,ES,3.67
2011-09-01,P,GO,4.27
2011-09-01,P,MA,6.54
2011-09-01,P,MT,3.48
2011-09-01,P,MS,2.93
2011-09-01,P,MG,3.61
2011-09-01,P,PA,4.71
2011-09-01,P,PB,4.53
2011-09-01,P,PR,3.31
2011-09-01,P,PE,5.24
2011-09-01,P,PI,5.63
2011-09-01,P,RJ,5.18
2011-09-01,P,RN,5.02
2011-09-01,P,RS,3.00
2011-09-01,P,RO,4.03
2011-09-01,P,RR,6.88
2011-09-01,P,SC,3.63
2011-09-01,P,SP,3.80
2011-09-01,P,SE,3.72
2011-09-01,P,TO,4.50
2011-10-01,P,AC,5.40
2011-10-01,P,AL,5.29
2011-10-01,P,AP,7.25
2011-10-01,P,AM,5.69
2011-10-01,P,BA,5.36
2011-10-01,P,CE,5.39
2011-10-01,P,DF,4.13
2011-10-01,P,ES,3.83
2011-10-01,P,GO,4.46
2011-10-01,P,MA,6.98
2011-10-01,P,MT,3.49
2011-10-01,P,MS,3.10
2011-10-01,P,MG,3.73
2011-10-01,P,PA,5.01
2011-10-01,P,PB,4.86
2011-10-01,P,PR,3.45
2011-10-01,P,PE,5.46
2011-10-01,P,PI,6.12
2011-10-01,P,RJ,5.33
2011-10-01,P,RN,5.28
2011-10-01,P,RS,3.15
2011-10-01,P,RO,4.26
2011-10-01,P,RR,7.40
2011-10-01,P,SC,3.79
2011-10-01,P,SP,3.94
2011-10-01,P,SE,3.96
2011-10-01,P,TO,4.79
2011-11-01,P,AC,6.20
2011-11-01,P,AL,5.92
2011-11-01,P,AP,8.41
2011-11-01,P,AM,6.49
2011-11-01,P,BA,6.01
2011-11-01,P,CE,6.04
2011-11-01,P,DF,4.52
2011-11-01,P,ES,4.31
2011-11-01,P,GO,4.84
2011-11-01,P,MA,7.70
2011-11-01,P,MT,3.68
2011-11-01,P,MS,3.54
2011-11-01,P,MG,4.25
2011-11-01,P,PA,5.81
2011-11-01,P,PB,5.63
2011-11-01,P,PR,3.88
2011-11-01,P,PE,6.29
2011-11-01,P,PI,6.86
2011-11-01,P,RJ,6.19
2011-11-01,P,RN,5.89
2011-11-01,P,RS,3.58
2011-11-01,P,RO,4.87
2011-11-01,P,RR,7.85
2011-11-01,P,SC,4.11
2011-11-01,P,SP,4.54
2011-11-01,P,SE,4.55
2011-11-01,P,TO,5.43
2011-12-01,P,AC,6.33
2011-12-01,P,AL,5.83
2011-12-01,P,AP,8.60
2011-12-01,P,AM,6.44
2011-12-01,P,BA,6.00
2011-12-01,P,CE,6.09
2011-12-01,P,DF,4.71
2011-12-01,P,ES,4.31
2011-12-01,P,GO,4.86
2011-12-01,P,MA,7.78
2011-12-01,P,MT,3.64
2011-12-01,P,MS,3.55
2011-12-01,P,MG,4.27
2011-12-01,P,PA,5.79
2011-12-01,P,PB,5.62
2011-12-01,P,PR,3.83
2011-12-01,P,PE,6.30
2011-12-01,P,PI,6.88
2011-12-01,P,RJ,6.19
2011-12-01,P,RN,5.87
2011-12-01,P,RS,3.44
2011-12-01,P,RO,4.95
2011-12-01,P,RR,8.04
2011-12-01,P,SC,4.07
2011-12-01,P,SP,4.54
2011-12-01,P,SE,4.50
2011-12-01,P,TO,5.40
2012-01-01,P,AC,5.65
2012-01-01,P,AL,5.35
2012-01-01,P,AP,7.05
2012-01-01,P,AM,5.89
2012-01-01,P,BA,5.50
2012-01-01,P,CE,5.41
2012-01-01,P,DF,4.35
2012-01-01,P,ES,4.22
2012-01-01,P,GO,4.79
2012-01-01,P,MA,6.81
2012-01-01,P,MT,3.66
2012-01-01,P,MS,3.36
2012-01-01,P,MG,4.05
2012-01-01,P,PA,5.22
2012-01-01,P,PB,5.07
2012-01-01,P,PR,3.74
2012-01-01,P,PE,5.77
2012-01-01,P,PI,5.92
2012-01-01,P,RJ,5.56
2012-01-01,P,RN,5.27
2012-01-01,P,RS,3.36
2012-01-01,P,RO,4.51
2012-01-01,P,RR,6.77
2012-01-01,P,SC,3.96
2012-01-01,P,SP,4.35
2012-01-01,P,SE,4.13
2012-01-01,P,TO,5.01
2012-02-01,P,AC,6.00
2012-02-01,P,AL,6.16
2012-02-01,P,AP,7.57
2012-02-01,P,AM,6.21
2012-02-01,P,BA,6.12
2012-02-01,P,CE,6.03
2012-02-01,P,DF,4.57
2012-02-01,P,ES,4.62
2012-02-01,P,GO,5.13
2012-02-01,P,MA,7.15
2012-02-01,P,MT,3.91
2012-02-01,P,MS,3.70
2012-02-01,P,MG,4.47
2012-02-01,P,PA,5.55
2012-02-01,P,PB,5.64
2012-02-01,P,PR,4.11
2012-02-01,P,PE,6.34
2012-02-01,P,PI,6.33
2012-02-01,P,RJ,6.09
2012-02-01,P,RN,5.67
2012-02-01,P,RS,3.69
2012-02-01,P,RO,4.80
2012-02-01,P,RR,7.24
2012-02-01,P,SC,4.30
2012-02-01,P,SP,4.84
2012-02-01,P,SE,4.91
2012-02-01,P,TO,5.31
2012-03-01,P,AC,5.99
2012-03-01,P,AL,6.12
2012-03-01,P,AP,7.57
2012-03-01,P,AM,6.09
2012-03-01,P,BA,6.02
2012-03-01,P,CE,6.03
2012-03-01,P,DF,4.48
2012-03-01,P,ES,4.55
2012-03-01,P,GO,5.10
2012-03-01,P,MA,7.14
2012-03-01,P,MT,3.79
2012-03-01,P,MS,3.70
2012-03-01,P,MG,4.38
2012-03-01,P,PA,5.43
2012-03-01,P,PB,5.59
2012-03-01,P,PR,4.03
2012-03-01,P,PE,6.19
2012-03-01,P,PI,6.32
2012-03-01,P,RJ,5.90
2012-03-01,P,RN,5.56
2012-03-01,P,RS,3.64
2012-03-01,P,RO,4.83
2012-03-01,P,RR,7.09
2012-03-01,P,SC,4.29
2012-03-01,P,SP,4.74
2012-03-01,P,SE,4.81
2012-03-01,P,TO,5.33
2012-04-01,P,AC,5.84
2012-04-01,P,AL,5.89
2012-04-01,P,AP,7.99
2012-04-01,P,AM,6.17
2012-04-01,P,BA,5.82
2012-04-01,P,CE,5.83
2012-04-01,P,DF,4.53
2012-04-01,P,ES,4.52
2012-04-01,P,GO,5.48
2012-04-01,P,MA,6.89
2012-04-01,P,MT,3.83
2012-04-01,P,MS,3.78
2012-04-01,P,MG,4.50
2012-04-01,P,PA,5.40
2012-04-01,P,PB,5.46
2012-04-01,P,PR,4.16
2012-04-01,P,PE,5.93
2012-04-01,P,PI,6.19
2012-04-01,P,RJ,5.98
2012-04-01,P,RN,5.38
2012-04-01,P,RS,3.83
2012-04-01,P,RO,5.08
2012-04-01,P,RR,7.10
2012-04-01,P,SC,4.38
2012-04-01,P,SP,4.96
2012-04-01,P,SE,4.74
2012-04-01,P,TO,5.40
2012-05-01,P,AC,5.80
2012-05-01,P,AL,5.97
2012-05-01,P,AP,7.87
2012-05-01,P,AM,6.31
2012-05-01,P,BA,5.89
2012-05-01,P,CE,5.95
2012-05-01,P,DF,4.57
2012-05-01,P,ES,4.60
2012-05-01,P,GO,5.62
2012-05-01,P,MA,6.95
2012-05-01,P,MT,3.74
2012-05-01,P,MS,3.83
2012-05-01,P,MG,4.55
2012-05-01,P,PA,5.42
2012-05-01,P,PB,5.58
2012-05-01,P,PR,4.19
2012-05-01,P,PE,6.01
2012-05-01,P,PI,6.20
2012-05-01,P,RJ,6.17
2012-05-01,P,RN,5.48
2012-05-01,P,RS,3.85
2012-05-01,P,RO,5.05
2012-05-01,P,RR,6.87
2012-05-01,P,SC,4.41
2012-05-01,P,SP,5.09
2012-05-01,P,SE,4.75
2012-05-01,P,TO,5.54
2012-06-01,P,AC,5.62
2012-06-01,P,AL,5.94
2012-06-01,P,AP,7.73
2012-06-01,P,AM,6.17
2012-06-01,P,BA,5.77
2012-06-01,P,CE,5.85
2012-06-01,P,DF,4.49
2012-06-01,P,ES,4.41
2012-06-01,P,GO,5.39
2012-06-01,P,MA,6.93
2012-06-01,P,MT,3.61
2012-06-01,P,MS,3.79
2012-06-01,P,MG,4.53
2012-06-01,P,PA,5.37
2012-06-01,P,PB,5.51
2012-06-01,P,PR,4.13
2012-06-01,P,PE,5.91
2012-06-01,P,PI,6.06
2012-06-01,P,RJ,6.13
2012-06-01,P,RN,5.43
2012-06-01,P,RS,3.74
2012-06-01,P,RO,4.94
2012-06-01,P,RR,6.79
2012-06-01,P,SC,4.36
2012-06-01,P,SP,5.07
2012-06-01,P,SE,4.65
2012-06-01,P,TO,5.44
2012-07-01,P,AC,5.58
2012-07-01,P,AL,6.09
2012-07-01,P,AP,7.58
2012-07-01,P,AM,6.07
2012-07-01,P,BA,5.79
2012-07-01,P,CE,5.86
2012-07-01,P,DF,4.43
2012-07-01,P,ES,4.31
2012-07-01,P,GO,5.39
2012-07-01,P,MA,6.81
2012-07-01,P,MT,3.60
2012-07-01,P,MS,3.83
2012-07-01,P,MG,4.54
2012-07-01,P,PA,5.36
2012-07-01,P,PB,5.57
2012-07-01,P,PR,4.14
2012-07-01,P,PE,5.88
2012-07-01,P,PI,5.93
2012-07-01,P,RJ,6.20
2012-07-01,P,RN,5.46
2012-07-01,P,RS,3.75
2012-07-01,P,RO,4.82
2012-07-01,P,RR,6.73
2012-07-01,P,SC,4.33
2012-07-01,P,SP,5.11
2012-07-01,P,SE,4.62
2012-07-01,P,TO,5.38
2012-08-01,P,AC,5.37
2012-08-01,P,AL,6.00
2012-08-01,P,AP,7.39
2012-08-01,P,AM,5.96
2012-08-01,P,BA,5.77
2012-08-01,P,CE,5.89
2012-08-01,P,DF,4.33
2012-08-01,P,ES,4.60
2012-08-01,P,GO,5.31
2012-08-01,P,MA,6.65
2012-08-01,P,MT,3.53
2012-08-01,P,MS,3.78
2012-08-01,P,MG,4.50
2012-08-01,P,PA,5.27
2012-08-01,P,PB,5.56
2012-08-01,P,PR,4.04
2012-08-01,P,PE,5.77
2012-08-01,P,PI,5.83
2012-08-01,P,RJ,6.17
2012-08-01,P,RN,5.35
2012-08-01,P,RS,3.68
2012-08-01,P,RO,4.75
2012-08-01,P,RR,6.71
2012-08-01,P,SC,4.27
2012-08-01,P,SP,5.06
2012-08-01,P,SE,4.55
2012-08-01,P,TO,5.22
2012-09-01,P,AC,5.26
2012-09-01,P,AL,6.04
2012-09-01,P,AP,7.20
2012-09-01,P,AM,5.78
2012-09-01,P,BA,5.66
2012-09-01,P,CE,6.00
2012-09-01,P,DF,4.22
2012-09-01,P,ES,4.14
2012-09-01,P,GO,5.29
2012-09-01,P,MA,6.61
2012-09-01,P,MT,3.54
2012-09-01,P,MS,3.64
2012-09-01,P,MG,4.42
2012-09-01,P,PA,5.26
2012-09-01,P,PB,5.58
2012-09-01,P,PR,3.97
2012-09-01,P,PE,5.68
2012-09-01,P,PI,5.72
2012-09-01,P,RJ,6.02
2012-09-01,P,RN,5.34
2012-09-01,P,RS,3.65
2012-09-01,P,RO,4.85
2012-09-01,P,RR,6.69
2012-09-01,P,SC,4.21
2012-09-01,P,SP,4.92
2012-09-01,P,SE,4.59
2012-09-01,P,TO,5.21
2012-10-01,P,AC,5.17
2012-10-01,P,AL,6.02
2012-10-01,P,AP,6.99
2012-10-01,P,AM,5.80
2012-10-01,P,BA,5.61
2012-10-01,P,CE,5.96
2012-10-01,P,DF,4.13
2012-10-01,P,ES,4.01
2012-10-01,P,GO,5.18
2012-10-01,P,MA,6.50
2012-10-01,P,MT,3.44
2012-10-01,P,MS,3.59
2012-10-01,P,MG,4.34
2012-10-01,P,PA,5.27
2012-10-01,P,PB,5.55
2012-10-01,P,PR,3.88
2012-10-01,P,PE,5.67
2012-10-01,P,PI,5.70
2012-10-01,P,RJ,5.96
2012-10-01,P,RN,5.26
2012-10-01,P,RS,3.58
2012-10-01,P,RO,4.75
2012-10-01,P,RR,6.63
2012-10-01,P,SC,4.07
2012-10-01,P,SP,4.86
2012-10-01,P,SE,4.50
2012-10-01,P,TO,5.10
2012-11-01,P,AC,5.06
2012-11-01,P,AL,5.95
2012-11-01,P,AP,6.85
2012-11-01,P,AM,5.85
2012-11-01,P,BA,5.59
2012-11-01,P,CE,5.75
2012-11-01,P,DF,4.08
2012-11-01,P,ES,4.25
2012-11-01,P,GO,5.04
2012-11-01,P,MA,6.37
2012-11-01,P,MT,3.34
2012-11-01,P,MS,3.51
2012-11-01,P,MG,4.26
2012-11-01,P,PA,5.22
2012-11-01,P,PB,5.51
2012-11-01,P,PR,3.76
2012-11-01,P,PE,5.55
2012-11-01,P,PI,5.45
2012-11-01,P,RJ,5.87
2012-11-01,P,RN,5.16
2012-11-01,P,RS,3.48
2012-11-01,P,RO,4.66
2012-11-01,P,RR,6.55
2012-11-01,P,SC,3.94
2012-11-01,P,SP,4.83
2012-11-01,P,SE,4.43
2012-11-01,P,TO,5.00
2012-12-01,P,AC,5.09
2012-12-01,P,AL,5.95
2012-12-01,P,AP,6.62
2012-12-01,P,AM,5.79
2012-12-01,P,BA,5.49
2012-12-01,P,CE,5.76
2012-12-01,P,DF,4.03
2012-12-01,P,ES,4.20
2012-12-01,P,GO,4.85
2012-12-01,P,MA,6.52
2012-12-01,P,MT,3.25
2012-12-01,P,MS,3.42
2012-12-01,P,MG,4.24
2012-12-01,P,PA,5.26
2012-12-01,P,PB,5.58
2012-12-01,P,PR,3.68
2012-12-01,P,PE,5.58
2012-12-01,P,PI,5.63
2012-12-01,P,RJ,5.80
2012-12-01,P,RN,5.07
2012-12-01,P,RS,3.36
2012-12-01,P,RO,4.64
2012-12-01,P,RR,6.54
2012-12-01,P,SC,3.81
2012-12-01,P,SP,4.78
2012-12-01,P,SE,4.44
2012-12-01,P,TO,4.97
2013-01-01,P,AC,4.92
2013-01-01,P,AL,5.92
2013-01-01,P,AP,6.44
2013-01-01,P,AM,5.73
2013-01-01,P,BA,5.38
2013-01-01,P,CE,5.49
2013-01-01,P,DF,3.96
2013-01-01,P,ES,4.09
2013-01-01,P,GO,4.72
2013-01-01,P,MA,6.34
2013-01-01,P,MT,3.28
2013-01-01,P,MS,3.30
2013-01-01,P,MG,4.20
2013-01-01,P,PA,5.14
2013-01-01,P,PB,5.47
2013-01-01,P,PR,3.63
2013-01-01,P,PE,5.49
2013-01-01,P,PI,5.52
2013-01-01,P,RJ,5.71
2013-01-01,P,RN,4.92
2013-01-01,P,RS,3.29
2013-01-01,P,RO,4.48
2013-01-01,P,RR,6.50
2013-01-01,P,SC,3.75
2013-01-01,P,SP,4.72
2013-01-01,P,SE,4.32
2013-01-01,P,TO,4.85
2013-02-01,P,AC,4.93
2013-02-01,P,AL,6.01
2013-02-01,P,AP,6.29
2013-02-01,P,AM,5.69
2013-02-01,P,BA,5.45
2013-02-01,P,CE,5.47
2013-02-01,P,DF,3.92
2013-02-01,P,ES,4.07
2013-02-01,P,GO,4.63
2013-02-01,P,MA,6.29
2013-02-01,P,MT,3.24
2013-02-01,P,MS,3.26
2013-02-01,P,MG,4.19
2013-02-01,P,PA,5.11
2013-02-01,P,PB,5.54
2013-02-01,P,PR,3.58
2013-02-01,P,PE,5.44
2013-02-01,P,PI,5.43
2013-02-01,P,RJ,5.69
2013-02-01,P,RN,4.92
2013-02-01,P,RS,3.29
2013-02-01,P,RO,4.53
2013-02-01,P,RR,6.34
2013-02-01,P,SC,3.72
2013-02-01,P,SP,4.70
2013-02-01,P,SE,4.34
2013-02-01,P,TO,4.77
2013-03-01,P,AC,4.91
2013-03-01,P,AL,6.20
2013-03-01,P,AP,6.21
2013-03-01,P,AM,5.82
2013-03-01,P,BA,5.54
2013-03-01,P,CE,5.58
2013-03-01,P,DF,3.90
2013-03-01,P,ES,4.10
2013-03-01,P,GO,4.59
2013-03-01,P,MA,6.27
2013-03-01,P,MT,3.29
2013-03-01,P,MS,3.25
2013-03-01,P,MG,4.25
2013-03-01,P,PA,5.33
2013-03-01,P,PB,5.53
2013-03-01,P,PR,3.57
2013-03-01,P,PE,5.49
2013-03-01,P,PI,5.39
2013-03-01,P,RJ,5.72
2013-03-01,P,RN,5.00
2013-03-01,P,RS,3.33
2013-03-01,P,RO,4.84
2013-03-01,P,RR,6.28
2013-03-01,P,SC,3.74
2013-03-01,P,SP,4.70
2013-03-01,P,SE,4.43
2013-03-01,P,TO,4.99
2013-04-01,P,AC,5.09
2013-04-01,P,AL,6.05
2013-04-01,P,AP,5.97
2013-04-01,P,AM,5.83
2013-04-01,P,BA,5.42
2013-04-01,P,CE,5.50
2013-04-01,P,DF,3.77
2013-04-01,P,ES,3.99
2013-04-01,P,GO,4.40
2013-04-01,P,MA,6.03
2013-04-01,P,MT,3.17
2013-04-01,P,MS,3.12
2013-04-01,P,MG,4.13
2013-04-01,P,PA,5.31
2013-04-01,P,PB,5.38
2013-04-01,P,PR,3.46
2013-04-01,P,PE,5.37
2013-04-01,P,PI,5.39
2013-04-01,P,RJ,5.66
2013-04-01,P,RN,4.84
2013-04-01,P,RS,3.19
2013-04-01,P,RO,4.70
2013-04-01,P,RR,6.22
2013-04-01,P,SC,3.67
2013-04-01,P,SP,4.58
2013-04-01,P,SE,4.22
2013-04-01,P,TO,5.01
2013-05-01,P,AC,5.18
2013-05-01,P,AL,6.03
2013-05-01,P,AP,6.18
2013-05-01,P,AM,5.94
2013-05-01,P,BA,5.36
2013-05-01,P,CE,5.48
2013-05-01,P,DF,3.69
2013-05-01,P,ES,3.87
2013-05-01,P,GO,4.32
2013-05-01,P,MA,5.90
2013-05-01,P,MT,3.06
2013-05-01,P,MS,3.03
2013-05-01,P,MG,4.12
2013-05-01,P,PA,5.45
2013-05-01,P,PB,5.38
2013-05-01,P,PR,3.39
2013-05-01,P,PE,5.37
2013-05-01,P,PI,5.40
2013-05-01,P,RJ,5.62
2013-05-01,P,RN,4.79
2013-05-01,P,RS,3.14
2013-05-01,P,RO,4.70
2013-05-01,P,RR,6.17
2013-05-01,P,SC,3.59
2013-05-01,P,SP,4.56
2013-05-01,P,SE,4.33
2013-05-01,P,TO,5.09
2013-06-01,P,AC,4.87
2013-06-01,P,AL,5.94
2013-06-01,P,AP,5.98
2013-06-01,P,AM,5.86
2013-06-01,P,BA,5.23
2013-06-01,P,CE,5.33
2013-06-01,P,DF,3.53
2013-06-01,P,ES,3.74
2013-06-01,P,GO,4.06
2013-06-01,P,MA,5.72
2013-06-01,P,MT,2.84
2013-06-01,P,MS,2.91
2013-06-01,P,MG,3.96
2013-06-01,P,PA,5.46
2013-06-01,P,PB,5.27
2013-06-01,P,PR,3.22
2013-06-01,P,PE,5.34
2013-06-01,P,PI,5.23
2013-06-01,P,RJ,5.40
2013-06-01,P,RN,4.62
2013-06-01,P,RS,3.01
2013-06-01,P,RO,4.39
2013-06-01,P,RR,5.99
2013-06-01,P,SC,3.46
2013-06-01,P,SP,4.36
2013-06-01,P,SE,4.32
2013-06-01,P,TO,4.96
2013-07-01,P,AC,4.75
2013-07-01,P,AL,5.80
2013-07-01,P,AP,5.66
2013-07-01,P,AM,5.80
2013-07-01,P,BA,5.16
2013-07-01,P,CE,5.20
2013-07-01,P,DF,3.42
2013-07-01,P,ES,3.64
2013-07-01,P,GO,3.95
2013-07-01,P,MA,5.53
2013-07-01,P,MT,2.83
2013-07-01,P,MS,2.89
2013-07-01,P,MG,3.90
2013-07-01,P,PA,5.41
2013-07-01,P,PB,5.22
2013-07-01,P,PR,3.19
2013-07-01,P,PE,5.28
2013-07-01,P,PI,5.08
2013-07-01,P,RJ,5.32
2013-07-01,P,RN,4.57
2013-07-01,P,RS,2.97
2013-07-01,P,RO,4.34
2013-07-01,P,RR,5.82
2013-07-01,P,SC,3.39
2013-07-01,P,SP,4.29
2013-07-01,P,SE,4.41
2013-07-01,P,TO,4.86
2013-08-01,P,AC,4.73
2013-08-01,P,AL,5.73
2013-08-01,P,AP,5.67
2013-08-01,P,AM,5.69
2013-08-01,P,BA,5.01
2013-08-01,P,CE,5.05
2013-08-01,P,DF,3.34
2013-08-01,P,ES,3.56
2013-08-01,P,GO,3.80
2013-08-01,P,MA,5.35
2013-08-01,P,MT,2.78
2013-08-01,P,MS,2.78
2013-08-01,P,MG,3.83
2013-08-01,P,PA,5.37
2013-08-01,P,PB,5.18
2013-08-01,P,PR,3.08
2013-08-01,P,PE,5.25
2013-08-01,P,PI,4.98
2013-08-01,P,RJ,5.18
2013-08-01,P,RN,4.46
2013-08-01,P,RS,2.93
2013-08-01,P,RO,4.41
2013-08-01,P,RR,5.66
2013-08-01,P,SC,3.31
2013-08-01,P,SP,4.12
2013-08-01,P,SE,4.34
2013-08-01,P,TO,4.77
2013-09-01,P,AC,4.95
2013-09-01,P,AL,5.81
2013-09-01,P,AP,5.49
2013-09-01,P,AM,5.72
2013-09-01,P,BA,5.08
2013-09-01,P,CE,5.00
2013-09-01,P,DF,3.31
2013-09-01,P,ES,3.58
2013-09-01,P,GO,3.78
2013-09-01,P,MA,5.44
2013-09-01,P,MT,2.72
2013-09-01,P,MS,2.84
2013-09-01,P,MG,3.78
2013-09-01,P,PA,5.45
2013-09-01,P,PB,5.14
2013-09-01,P,PR,3.10
2013-09-01,P,PE,5.26
2013-09-01,P,PI,5.03
2013-09-01,P,RJ,5.16
2013-09-01,P,RN,4.48
2013-09-01,P,RS,2.95
2013-09-01,P,RO,4.36
2013-09-01,P,RR,5.54
2013-09-01,P,SC,3.35
2013-09-01,P,SP,4.07
2013-09-01,P,SE,4.37
2013-09-01,P,TO,4.84
2013-10-01,P,AC,4.94
2013-10-01,P,AL,5.86
2013-10-01,P,AP,5.35
2013-10-01,P,AM,5.62
2013-10-01,P,BA,5.01
2013-10-01,P,CE,4.89
2013-10-01,P,DF,3.29
2013-10-01,P,ES,3.55
2013-10-01,P,GO,3.75
2013-10-01,P,MA,5.35
2013-10-01,P,MT,2.71
2013-10-01,P,MS,2.79
2013-10-01,P,MG,3.68
2013-10-01,P,PA,5.47
2013-10-01,P,PB,5.09
2013-10-01,P,PR,3.00
2013-10-01,P,PE,5.21
2013-10-01,P,PI,4.97
2013-10-01,P,RJ,5.06
2013-10-01,P,RN,4.43
2013-10-01,P,RS,2.88
2013-10-01,P,RO,4.33
2013-10-01,P,RR,5.42
2013-10-01,P,SC,3.19
2013-10-01,P,SP,3.99
2013-10-01,P,SE,4.42
2013-10-01,P,TO,4.71
2013-11-01,P,AC,4.92
2013-11-01,P,AL,5.70
2013-11-01,P,AP,5.25
2013-11-01,P,AM,5.65
2013-11-01,P,BA,4.87
2013-11-01,P,CE,4.72
2013-11-01,P,DF,3.21
2013-11-01,P,ES,3.46
2013-11-01,P,GO,3.64
2013-11-01,P,MA,5.23
2013-11-01,P,MT,2.65
2013-11-01,P,MS,2.75
2013-11-01,P,MG,3.60
2013-11-01,P,PA,5.44
2013-11-01,P,PB,4.96
2013-11-01,P,PR,2.91
2013-11-01,P,PE,5.05
2013-11-01,P,PI,4.79
2013-11-01,P,RJ,4.96
2013-11-01,P,RN,4.33
2013-11-01,P,RS,2.79
2013-11-01,P,RO,4.29
2013-11-01,P,RR,5.36
2013-11-01,P,SC,3.11
2013-11-01,P,SP,3.90
2013-11-01,P,SE,4.30
2013-11-01,P,TO,4.55
2013-12-01,P,AC,4.85
2013-12-01,P,AL,5.55
2013-12-01,P,AP,5.33
2013-12-01,P,AM,5.64
2013-12-01,P,BA,4.69
2013-12-01,P,CE,4.56
2013-12-01,P,DF,3.10
2013-12-01,P,ES,3.44
2013-12-01,P,GO,3.49
2013-12-01,P,MA,5.08
2013-12-01,P,MT,2.53
2013-12-01,P,MS,2.71
2013-12-01,P,MG,3.53
2013-12-01,P,PA,5.33
2013-12-01,P,PB,4.82
2013-12-01,P,PR,2.84
2013-12-01,P,PE,5.03
2013-12-01,P,PI,4.65
2013-12-01,P,RJ,4.86
2013-12-01,P,RN,4.00
2013-12-01,P,RS,2.65
2013-12-01,P,RO,3.95
2013-12-01,P,RR,5.13
2013-12-01,P,SC,3.02
2013-12-01,P,SP,3.80
2013-12-01,P,SE,4.14
2013-12-01,P,TO,4.39
2014-01-01,P,AC,4.67
2014-01-01,P,AL,5.42
2014-01-01,P,AP,5.12
2014-01-01,P,AM,5.55
2014-01-01,P,BA,4.66
2014-01-01,P,CE,4.45
2014-01-01,P,DF,3.10
2014-01-01,P,ES,3.44
2014-01-01,P,GO,3.43
2014-01-01,P,MA,5.00
2014-01-01,P,MT,2.54
2014-01-01,P,MS,2.72
2014-01-01,P,MG,3.49
2014-01-01,P,PA,5.09
2014-01-01,P,PB,4.73
2014-01-01,P,PR,2.82
2014-01-01,P,PE,4.92
2014-01-01,P,PI,4.61
2014-01-01,P,RJ,4.84
2014-01-01,P,RN,4.04
2014-01-01,P,RS,2.63
2014-01-01,P,RO,3.85
2014-01-01,P,RR,5.11
2014-01-01,P,SC,3.01
2014-01-01,P,SP,3.80
2014-01-01,P,SE,4.07
2014-01-01,P,TO,4.29
2014-02-01,P,AC,4.65
2014-02-01,P,AL,5.54
2014-02-01,P,AP,5.21
2014-02-01,P,AM,5.66
2014-02-01,P,BA,4.64
2014-02-01,P,CE,4.37
2014-02-01,P,DF,3.07
2014-02-01,P,ES,3.42
2014-02-01,P,GO,3.39
2014-02-01,P,MA,4.96
2014-02-01,P,MT,2.56
2014-02-01,P,MS,2.72
2014-02-01,P,MG,3.53
2014-02-01,P,PA,5.10
2014-02-01,P,PB,4.66
2014-02-01,P,PR,2.83
2014-02-01,P,PE,4.88
2014-02-01,P,PI,4.56
2014-02-01,P,RJ,4.82
2014-02-01,P,RN,4.12
2014-02-01,P,RS,2.66
2014-02-01,P,RO,3.71
2014-02-01,P,RR,5.00
2014-02-01,P,SC,2.99
2014-02-01,P,SP,3.78
2014-02-01,P,SE,4.13
2014-02-01,P,TO,4.29
2014-03-01,P,AC,4.71
2014-03-01,P,AL,5.52
2014-03-01,P,AP,5.17
2014-03-01,P,AM,5.85
2014-03-01,P,BA,4.69
2014-03-01,P,CE,4.40
2014-03-01,P,DF,3.04
2014-03-01,P,ES,3.49
2014-03-01,P,GO,3.40
2014-03-01,P,MA,5.00
2014-03-01,P,MT,2.54
2014-03-01,P,MS,2.74
2014-03-01,P,MG,3.56
2014-03-01,P,PA,5.09
2014-03-01,P,PB,4.63
2014-03-01,P,PR,2.80
2014-03-01,P,PE,4.99
2014-03-01,P,PI,4.76
2014-03-01,P,RJ,4.84
2014-03-01,P,RN,4.15
2014-03-01,P,RS,2.72
2014-03-01,P,RO,3.66
2014-03-01,P,RR,5.14
2014-03-01,P,SC,2.99
2014-03-01,P,SP,3.79
2014-03-01,P,SE,4.13
2014-03-01,P,TO,4.36
2014-04-01,P,AC,4.60
2014-04-01,P,AL,5.49
2014-04-01,P,AP,5.08
2014-04-01,P,AM,5.75
2014-04-01,P,BA,4.70
2014-04-01,P,CE,4.49
2014-04-01,P,DF,3.06
2014-04-01,P,ES,3.49
2014-04-01,P,GO,3.37
2014-04-01,P,MA,4.93
2014-04-01,P,MT,2.49
2014-04-01,P,MS,2.68
2014-04-01,P,MG,3.62
2014-04-01,P,PA,5.11
2014-04-01,P,PB,4.52
2014-04-01,P,PR,2.77
2014-04-01,P,PE,5.04
2014-04-01,P,PI,4.58
2014-04-01,P,RJ,4.95
2014-04-01,P,RN,4.18
2014-04-01,P,RS,2.71
2014-04-01,P,RO,3.72
2014-04-01,P,RR,4.95
2014-04-01,P,SC,2.96
2014-04-01,P,SP,3.80
2014-04-01,P,SE,4.17
2014-04-01,P,TO,4.28
2014-05-01,P,AC,4.67
2014-05-01,P,AL,5.53
2014-05-01,P,AP,5.05
2014-05-01,P,AM,5.93
2014-05-01,P,BA,4.68
2014-05-01,P,CE,4.60
2014-05-01,P,DF,3.08
2014-05-01,P,ES,3.52
2014-05-01,P,GO,3.37
2014-05-01,P,MA,4.90
2014-05-01,P,MT,2.71
2014-05-01,P,MS,2.69
2014-05-01,P,MG,3.62
2014-05-01,P,PA,5.02
2014-05-01,P,PB,4.54
2014-05-01,P,PR,2.76
2014-05-01,P,PE,5.15
2014-05-01,P,PI,4.57
2014-05-01,P,RJ,5.10
2014-05-01,P,RN,4.29
2014-05-01,P,RS,2.72
2014-05-01,P,RO,3.70
2014-05-01,P,RR,4.92
2014-05-01,P,SC,3.00
2014-05-01,P,SP,3.83
2014-05-01,P,SE,4.11
2014-05-01,P,TO,4.27
2014-06-01,P,AC,4.62
2014-06-01,P,AL,5.46
2014-06-01,P,AP,5.09
2014-06-01,P,AM,5.65
2014-06-01,P,BA,4.62
2014-06-01,P,CE,4.51
2014-06-01,P,DF,3.05
2014-06-01,P,ES,3.39
2014-06-01,P,GO,3.32
2014-06-01,P,MA,4.86
2014-06-01,P,MT,2.47
2014-06-01,P,MS,2.65
2014-06-01,P,MG,3.56
2014-06-01,P,PA,4.95
2014-06-01,P,PB,4.55
2014-06-01,P,PR,2.73
2014-06-01,P,PE,5.16
2014-06-01,P,PI,4.64
2014-06-01,P,RJ,5.06
2014-06-01,P,RN,4.30
2014-06-01,P,RS,2.57
2014-06-01,P,RO,3.53
2014-06-01,P,RR,4.80
2014-06-01,P,SC,2.90
2014-06-01,P,SP,3.79
2014-06-01,P,SE,3.94
2014-06-01,P,TO,4.06
2014-07-01,P,AC,4.46
2014-07-01,P,AL,5.51
2014-07-01,P,AP,4.99
2014-07-01,P,AM,5.78
2014-07-01,P,BA,4.67
2014-07-01,P,CE,4.58
2014-07-01,P,DF,3.04
2014-07-01,P,ES,3.50
2014-07-01,P,GO,3.36
2014-07-01,P,MA,4.82
2014-07-01,P,MT,2.45
2014-07-01,P,MS,2.73
2014-07-01,P,MG,3.56
2014-07-01,P,PA,4.96
2014-07-01,P,PB,4.56
2014-07-01,P,PR,2.79
2014-07-01,P,PE,5.19
2014-07-01,P,PI,4.62
2014-07-01,P,RJ,5.05
2014-07-01,P,RN,4.29
2014-07-01,P,RS,2.60
2014-07-01,P,RO,3.34
2014-07-01,P,RR,4.80
2014-07-01,P,SC,2.92
2014-07-01,P,SP,3.82
2014-07-01,P,SE,4.02
2014-07-01,P,TO,4.03
2014-08-01,P,AC,4.51
2014-08-01,P,AL,5.64
2014-08-01,P,AP,4.96
2014-08-01,P,AM,5.39
2014-08-01,P,BA,4.71
2014-08-01,P,CE,4.59
2014-08-01,P,DF,3.05
2014-08-01,P,ES,3.53
2014-08-01,P,GO,3.46
2014-08-01,P,MA,4.85
2014-08-01,P,MT,2.77
2014-08-01,P,MS,2.86
2014-08-01,P,MG,3.60
2014-08-01,P,PA,4.97
2014-08-01,P,PB,4.56
2014-08-01,P,PR,2.85
2014-08-01,P,PE,5.23
2014-08-01,P,PI,4.66
2014-08-01,P,RJ,5.09
2014-08-01,P,RN,4.27
2014-08-01,P,RS,2.70
2014-08-01,P,RO,3.34
2014-08-01,P,RR,4.68
2014-08-01,P,SC,2.91
2014-08-01,P,SP,3.82
2014-08-01,P,SE,4.02
2014-08-01,P,TO,4.18
2014-09-01,P,AC,4.17
2014-09-01,P,AL,5.21
2014-09-01,P,AP,4.76
2014-09-01,P,AM,5.37
2014-09-01,P,BA,4.41
2014-09-01,P,CE,4.40
2014-09-01,P,DF,2.94
2014-09-01,P,ES,3.28
2014-09-01,P,GO,3.31
2014-09-01,P,MA,4.51
2014-09-01,P,MT,2.66
2014-09-01,P,MS,2.78
2014-09-01,P,MG,3.44
2014-09-01,P,PA,4.69
2014-09-01,P,PB,4.35
2014-09-01,P,PR,2.76
2014-09-01,P,PE,4.96
2014-09-01,P,PI,4.38
2014-09-01,P,RJ,4.82
2014-09-01,P,RN,3.99
2014-09-01,P,RS,2.66
2014-09-01,P,RO,3.20
2014-09-01,P,RR,4.64
2014-09-01,P,SC,2.76
2014-09-01,P,SP,3.71
2014-09-01,P,SE,3.87
2014-09-01,P,TO,4.08
2014-10-01,P,AC,4.30
2014-10-01,P,AL,5.26
2014-10-01,P,AP,4.48
2014-10-01,P,AM,5.41
2014-10-01,P,BA,4.50
2014-10-01,P,CE,4.31
2014-10-01,P,DF,3.01
2014-10-01,P,ES,3.28
2014-10-01,P,GO,3.37
2014-10-01,P,MA,4.50
2014-10-01,P,MT,2.60
2014-10-01,P,MS,2.87
2014-10-01,P,MG,3.44
2014-10-01,P,PA,4.73
2014-10-01,P,PB,4.37
2014-10-01,P,PR,2.77
2014-10-01,P,PE,4.91
2014-10-01,P,PI,4.47
2014-10-01,P,RJ,4.77
2014-10-01,P,RN,4.15
2014-10-01,P,RS,2.76
2014-10-01,P,RO,3.18
2014-10-01,P,RR,4.58
2014-10-01,P,SC,2.77
2014-10-01,P,SP,3.72
2014-10-01,P,SE,3.90
2014-10-01,P,TO,4.04
2014-11-01,P,AC,4.26
2014-11-01,P,AL,5.12
2014-11-01,P,AP,4.38
2014-11-01,P,AM,5.35
2014-11-01,P,BA,4.43
2014-11-01,P,CE,4.18
2014-11-01,P,DF,2.95
2014-11-01,P,ES,3.21
2014-11-01,P,GO,3.32
2014-11-01,P,MA,4.48
2014-11-01,P,MT,2.42
2014-11-01,P,MS,2.82
2014-11-01,P,MG,3.39
2014-11-01,P,PA,4.72
2014-11-01,P,PB,4.25
2014-11-01,P,PR,2.68
2014-11-01,P,PE,4.77
2014-11-01,P,PI,4.37
2014-11-01,P,RJ,4.67
2014-11-01,P,RN,3.92
2014-11-01,P,RS,2.68
2014-11-01,P,RO,3.09
2014-11-01,P,RR,4.87
2014-11-01,P,SC,2.71
2014-11-01,P,SP,3.68
2014-11-01,P,SE,3.75
2014-11-01,P,TO,3.98
2014-12-01,P,AC,4.02
2014-12-01,P,AL,4.66
2014-12-01,P,AP,4.23
2014-12-01,P,AM,5.14
2014-12-01,P,BA,4.10
2014-12-01,P,CE,3.94
2014-12-01,P,DF,2.79
2014-12-01,P,ES,3.04
2014-12-01,P,GO,3.17
2014-12-01,P,MA,4.29
2014-12-01,P,MT,2.33
2014-12-01,P,MS,2.65
2014-12-01,P,MG,3.29
2014-12-01,P,PA,4.51
2014-12-01,P,PB,3.96
2014-12-01,P,PR,2.53
2014-12-01,P,PE,4.60
2014-12-01,P,PI,4.11
2014-12-01,P,RJ,4.46
2014-12-01,P,RN,3.51
2014-12-01,P,RS,2.49
2014-12-01,P,RO,2.90
2014-12-01,P,RR,4.02
2014-12-01,P,SC,2.51
2014-12-01,P,SP,3.48
2014-12-01,P,SE,3.63
2014-12-01,P,TO,3.78
2015-01-01,P,AC,4.01
2015-01-01,P,AL,4.82
2015-01-01,P,AP,4.33
2015-01-01,P,AM,5.22
2015-01-01,P,BA,4.27
2015-01-01,P,CE,3.92
2015-01-01,P,DF,2.87
2015-01-01,P,ES,3.11
2015-01-01,P,GO,3.29
2015-01-01,P,MA,4.36
2015-01-01,P,MT,2.56
2015-01-01,P,MS,2.82
2015-01-01,P,MG,3.44
2015-01-01,P,PA,4.62
2015-01-01,P,PB,3.99
2015-01-01,P,PR,2.63
2015-01-01,P,PE,4.58
2015-01-01,P,PI,4.12
2015-01-01,P,RJ,4.57
2015-01-01,P,RN,3.68
2015-01-01,P,RS,2.57
2015-01-01,P,RO,2.94
2015-01-01,P,RR,4.08
2015-01-01,P,SC,2.58
2015-01-01,P,SP,3.57
2015-01-01,P,SE,3.74
2015-01-01,P,TO,3.80
2015-02-01,P,AC,4.06
2015-02-01,P,AL,4.82
2015-02-01,P,AP,5.42
2015-02-01,P,AM,5.29
2015-02-01,P,BA,4.31
2015-02-01,P,CE,3.93
2015-02-01,P,DF,2.99
2015-02-01,P,ES,3.21
2015-02-01,P,GO,3.37
2015-02-01,P,MA,4.61
2015-02-01,P,MT,2.62
2015-02-01,P,MS,2.94
2015-02-01,P,MG,3.58
2015-02-01,P,PA,4.71
2015-02-01,P,PB,4.04
2015-02-01,P,PR,2.73
2015-02-01,P,PE,4.56
2015-02-01,P,PI,4.18
2015-02-01,P,RJ,4.61
2015-02-01,P,RN,3.76
2015-02-01,P,RS,2.66
2015-02-01,P,RO,2.94
2015-02-01,P,RR,4.22
2015-02-01,P,SC,2.61
2015-02-01,P,SP,3.60
2015-02-01,P,SE,3.71
2015-02-01,P,TO,4.17
2015-03-01,P,AC,3.83
2015-03-01,P,AL,4.71
2015-03-01,P,AP,5.06
2015-03-01,P,AM,5.05
2015-03-01,P,BA,4.14
2015-03-01,P,CE,3.88
2015-03-01,P,DF,2.90
2015-03-01,P,ES,3.21
2015-03-01,P,GO,3.27
2015-03-01,P,MA,4.35
2015-03-01,P,MT,2.43
2015-03-01,P,MS,2.76
2015-03-01,P,MG,3.48
2015-03-01,P,PA,4.56
2015-03-01,P,PB,3.90
2015-03-01,P,PR,2.68
2015-03-01,P,PE,4.44
2015-03-01,P,PI,4.13
2015-03-01,P,RJ,4.46
2015-03-01,P,RN,3.71
2015-03-01,P,RS,2.65
2015-03-01,P,RO,2.87
2015-03-01,P,RR,4.09
2015-03-01,P,SC,2.55
2015-03-01,P,SP,3.49
2015-03-01,P,SE,3.69
2015-03-01,P,TO,3.82
2015-04-01,P,AC,3.89
2015-04-01,P,AL,4.74
2015-04-01,P,AP,5.13
2015-04-01,P,AM,5.05
2015-04-01,P,BA,4.26
2015-04-01,P,CE,4.00
2015-04-01,P,DF,2.93
2015-04-01,P,ES,3.30
2015-04-01,P,GO,3.34
2015-04-01,P,MA,4.40
2015-04-01,P,MT,2.39
2015-04-01,P,MS,2.72
2015-04-01,P,MG,3.49
2015-04-01,P,PA,4.58
2015-04-01,P,PB,3.95
2015-04-01,P,PR,2.69
2015-04-01,P,PE,4.53
2015-04-01,P,PI,4.24
2015-04-01,P,RJ,4.53
2015-04-01,P,RN,3.84
2015-04-01,P,RS,2.65
2015-04-01,P,RO,2.88
2015-04-01,P,RR,4.05
2015-04-01,P,SC,2.59
2015-04-01,P,SP,3.53
2015-04-01,P,SE,3.71
2015-04-01,P,TO,3.78
2015-05-01,P,AC,4.18
2015-05-01,P,AL,4.80
2015-05-01,P,AP,5.26
2015-05-01,P,AM,5.27
2015-05-01,P,BA,4.44
2015-05-01,P,CE,4.07
2015-05-01,P,DF,2.96
2015-05-01,P,ES,3.47
2015-05-01,P,GO,3.45
2015-05-01,P,MA,4.52
2015-05-01,P,MT,2.43
2015-05-01,P,MS,2.80
2015-05-01,P,MG,3.53
2015-05-01,P,PA,4.63
2015-05-01,P,PB,3.99
2015-05-01,P,PR,2.77
2015-05-01,P,PE,4.63
2015-05-01,P,PI,4.34
2015-05-01,P,RJ,4.66
2015-05-01,P,RN,3.94
2015-05-01,P,RS,2.69
2015-05-01,P,RO,2.98
2015-05-01,P,RR,4.46
2015-05-01,P,SC,2.68
2015-05-01,P,SP,3.64
2015-05-01,P,SE,3.85
2015-05-01,P,TO,3.89
2015-06-01,P,AC,3.83
2015-06-01,P,AL,4.70
2015-06-01,P,AP,5.12
2015-06-01,P,AM,5.02
2015-06-01,P,BA,4.29
2015-06-01,P,CE,3.89
2015-06-01,P,DF,2.82
2015-06-01,P,ES,3.33
2015-06-01,P,GO,3.26
2015-06-01,P,MA,4.34
2015-06-01,P,MT,2.32
2015-06-01,P,MS,2.65
2015-06-01,P,MG,3.37
2015-06-01,P,PA,4.47
2015-06-01,P,PB,4.05
2015-06-01,P,PR,2.70
2015-06-01,P,PE,4.59
2015-06-01,P,PI,4.14
2015-06-01,P,RJ,4.53
2015-06-01,P,RN,3.80
2015-06-01,P,RS,2.51
2015-06-01,P,RO,2.87
2015-06-01,P,RR,4.17
2015-06-01,P,SC,2.51
2015-06-01,P,SP,3.49
2015-06-01,P,SE,3.79
2015-06-01,P,TO,3.76
2015-07-01,P,AC,3.83
2015-07-01,P,AL,4.93
2015-07-01,P,AP,5.19
2015-07-01,P,AM,5.03
2015-07-01,P,BA,4.40
2015-07-01,P,CE,3.99
2015-07-01,P,DF,2.93
2015-07-01,P,ES,3.50
2015-07-01,P,GO,3.38
2015-07-01,P,MA,4.36
2015-07-01,P,MT,2.74
2015-07-01,P,MS,2.76
2015-07-01,P,MG,3.48
2015-07-01,P,PA,4.58
2015-07-01,P,PB,4.13
2015-07-01,P,PR,2.80
2015-07-01,P,PE,4.74
2015-07-01,P,PI,4.15
2015-07-01,P,RJ,4.67
2015-07-01,P,RN,3.89
2015-07-01,P,RS,2.63
2015-07-01,P,RO,2.86
2015-07-01,P,RR,4.29
2015-07-01,P,SC,2.60
2015-07-01,P,SP,3.59
2015-07-01,P,SE,3.92
2015-07-01,P,TO,3.90
2015-08-01,P,AC,3.94
2015-08-01,P,AL,5.12
2015-08-01,P,AP,5.31
2015-08-01,P,AM,5.12
2015-08-01,P,BA,4.48
2015-08-01,P,CE,4.13
2015-08-01,P,DF,3.03
2015-08-01,P,ES,3.63
2015-08-01,P,GO,3.50
2015-08-01,P,MA,4.52
2015-08-01,P,MT,3.08
2015-08-01,P,MS,2.90
2015-08-01,P,MG,3.60
2015-08-01,P,PA,4.67
2015-08-01,P,PB,4.22
2015-08-01,P,PR,2.92
2015-08-01,P,PE,4.88
2015-08-01,P,PI,4.26
2015-08-01,P,RJ,4.79
2015-08-01,P,RN,3.93
2015-08-01,P,RS,2.75
2015-08-01,P,RO,2.85
2015-08-01,P,RR,4.42
2015-08-01,P,SC,2.68
2015-08-01,P,SP,3.69
2015-08-01,P,SE,4.02
2015-08-01,P,TO,4.00
2015-09-01,P,AC,4.01
2015-09-01,P,AL,5.26
2015-09-01,P,AP,5.24
2015-09-01,P,AM,5.16
2015-09-01,P,BA,4.54
2015-09-01,P,CE,4.21
2015-09-01,P,DF,3.08
2015-09-01,P,ES,3.73
2015-09-01,P,GO,3.56
2015-09-01,P,MA,4.57
2015-09-01,P,MT,3.08
2015-09-01,P,MS,2.89
2015-09-01,P,MG,3.62
2015-09-01,P,PA,4.73
2015-09-01,P,PB,4.28
2015-09-01,P,PR,2.98
2015-09-01,P,PE,5.02
2015-09-01,P,PI,4.32
2015-09-01,P,RJ,4.92
2015-09-01,P,RN,4.17
2015-09-01,P,RS,2.85
2015-09-01,P,RO,2.89
2015-09-01,P,RR,4.46
2015-09-01,P,SC,2.73
2015-09-01,P,SP,3.73
2015-09-01,P,SE,4.07
2015-09-01,P,TO,4.30
2015-10-01,P,AC,4.02
2015-10-01,P,AL,5.51
2015-10-01,P,AP,5.25
2015-10-01,P,AM,5.22
2015-10-01,P,BA,4.75
2015-10-01,P,CE,4.35
2015-10-01,P,DF,3.23
2015-10-01,P,ES,3.85
2015-10-01,P,GO,3.80
2015-10-01,P,MA,4.78
2015-10-01,P,MT,3.20
2015-10-01,P,MS,3.05
2015-10-01,P,MG,3.70
2015-10-01,P,PA,4.92
2015-10-01,P,PB,4.29
2015-10-01,P,PR,3.11
2015-10-01,P,PE,5.20
2015-10-01,P,PI,4.49
2015-10-01,P,RJ,5.08
2015-10-01,P,RN,4.39
2015-10-01,P,RS,3.04
2015-10-01,P,RO,2.97
2015-10-01,P,RR,4.51
2015-10-01,P,SC,2.80
2015-10-01,P,SP,3.81
2015-10-01,P,SE,4.21
2015-10-01,P,TO,4.43
2015-11-01,P,AC,4.34
2015-11-01,P,AL,5.59
2015-11-01,P,AP,4.86
2015-11-01,P,AM,5.42
2015-11-01,P,BA,4.89
2015-11-01,P,CE,4.49
2015-11-01,P,DF,3.38
2015-11-01,P,ES,3.96
2015-11-01,P,GO,3.87
2015-11-01,P,MA,4.98
2015-11-01,P,MT,3.27
2015-11-01,P,MS,3.05
2015-11-01,P,MG,3.84
2015-11-01,P,PA,5.00
2015-11-01,P,PB,4.32
2015-11-01,P,PR,3.20
2015-11-01,P,PE,5.33
2015-11-01,P,PI,4.60
2015-11-01,P,RJ,5.25
2015-11-01,P,RN,4.50
2015-11-01,P,RS,3.11
2015-11-01,P,RO,3.11
2015-11-01,P,RR,4.75
2015-11-01,P,SC,2.91
2015-11-01,P,SP,3.96
2015-11-01,P,SE,4.41
2015-11-01,P,TO,4.49
2015-12-01,P,AC,4.39
2015-12-01,P,AL,5.60
2015-12-01,P,AP,5.20
2015-12-01,P,AM,5.57
2015-12-01,P,BA,5.01
2015-12-01,P,CE,4.51
2015-12-01,P,DF,3.40
2015-12-01,P,ES,3.99
2015-12-01,P,GO,3.84
2015-12-01,P,MA,4.88
2015-12-01,P,MT,3.05
2015-12-01,P,MS,3.13
2015-12-01,P,MG,3.86
2015-12-01,P,PA,5.00
2015-12-01,P,PB,4.35
2015-12-01,P,PR,3.19
2015-12-01,P,PE,5.41
2015-12-01,P,PI,4.58
2015-12-01,P,RJ,5.29
2015-12-01,P,RN,4.38
2015-12-01,P,RS,3.05
2015-12-01,P,RO,3.08
2015-12-01,P,RR,4.79
2015-12-01,P,SC,2.94
2015-12-01,P,SP,3.94
2015-12-01,P,SE,4.32
2015-12-01,P,TO,4.33
2016-01-01,P,AC,4.38
2016-01-01,P,AL,5.53
2016-01-01,P,AP,5.30
2016-01-01,P,AM,5.57
2016-01-01,P,BA,5.03
2016-01-01,P,CE,4.56
2016-01-01,P,DF,3.54
2016-01-01,P,ES,4.03
2016-01-01,P,GO,4.01
2016-01-01,P,MA,4.90
2016-01-01,P,MT,3.36
2016-01-01,P,MS,3.17
2016-01-01,P,MG,3.96
2016-01-01,P,PA,5.10
2016-01-01,P,PB,4.34
2016-01-01,P,PR,3.20
2016-01-01,P,PE,5.37
2016-01-01,P,PI,4.55
2016-01-01,P,RJ,5.32
2016-01-01,P,RN,4.42
2016-01-01,P,RS,3.09
2016-01-01,P,RO,3.08
2016-01-01,P,RR,4.79
2016-01-01,P,SC,3.00
2016-01-01,P,SP,3.97
2016-01-01,P,SE,4.38
2016-01-01,P,TO,4.51
2016-02-01,P,AC,4.44
2016-02-01,P,AL,5.58
2016-02-01,P,AP,5.64
2016-02-01,P,AM,5.77
2016-02-01,P,BA,5.06
2016-02-01,P,CE,4.64
2016-02-01,P,DF,3.62
2016-02-01,P,ES,4.20
2016-02-01,P,GO,4.12
2016-02-01,P,MA,5.03
2016-02-01,P,MT,3.41
2016-02-01,P,MS,3.19
2016-02-01,P,MG,4.06
2016-02-01,P,PA,5.28
2016-02-01,P,PB,4.37
2016-02-01,P,PR,3.24
2016-02-01,P,PE,5.45
2016-02-01,P,PI,4.61
2016-02-01,P,RJ,5.42
2016-02-01,P,RN,4.50
2016-02-01,P,RS,3.18
2016-02-01,P,RO,3.13
2016-02-01,P,RR,4.52
2016-02-01,P,SC,3.07
2016-02-01,P,SP,4.02
2016-02-01,P,SE,4.55
2016-02-01,P,TO,4.55
2016-03-01,P,AC,4.37
2016-03-01,P,AL,5.45
2016-03-01,P,AP,5.22
2016-03-01,P,AM,5.79
2016-03-01,P,BA,5.02
2016-03-01,P,CE,4.55
2016-03-01,P,DF,3.51
2016-03-01,P,ES,4.17
2016-03-01,P,GO,4.07
2016-03-01,P,MA,4.93
2016-03-01,P,MT,3.14
2016-03-01,P,MS,3.04
2016-03-01,P,MG,3.96
2016-03-01,P,PA,5.15
2016-03-01,P,PB,4.27
2016-03-01,P,PR,3.14
2016-03-01,P,PE,5.41
2016-03-01,P,PI,4.56
2016-03-01,P,RJ,5.37
2016-03-01,P,RN,4.38
2016-03-01,P,RS,3.14
2016-03-01,P,RO,3.08
2016-03-01,P,RR,4.48
2016-03-01,P,SC,2.96
2016-03-01,P,SP,3.95
2016-03-01,P,SE,4.56
2016-03-01,P,TO,4.50
2016-04-01,P,AC,4.60
2016-04-01,P,AL,5.62
2016-04-01,P,AP,5.31
2016-04-01,P,AM,6.19
2016-04-01,P,BA,5.23
2016-04-01,P,CE,4.75
2016-04-01,P,DF,3.63
2016-04-01,P,ES,4.36
2016-04-01,P,GO,4.14
2016-04-01,P,MA,5.07
2016-04-01,P,MT,3.17
2016-04-01,P,MS,3.19
2016-04-01,P,MG,4.04
2016-04-01,P,PA,5.24
2016-04-01,P,PB,4.41
2016-04-01,P,PR,3.18
2016-04-01,P,PE,5.55
2016-04-01,P,PI,4.67
2016-04-01,P,RJ,5.51
2016-04-01,P,RN,4.45
2016-04-01,P,RS,3.18
2016-04-01,P,RO,3.16
2016-04-01,P,RR,4.71
2016-04-01,P,SC,3.09
2016-04-01,P,SP,4.06
2016-04-01,P,SE,4.85
2016-04-01,P,TO,4.66
2016-05-01,P,AC,4.66
2016-05-01,P,AL,5.58
2016-05-01,P,AP,5.60
2016-05-01,P,AM,6.28
2016-05-01,P,BA,5.22
2016-05-01,P,CE,4.75
2016-05-01,P,DF,3.64
2016-05-01,P,ES,4.39
2016-05-01,P,GO,4.07
2016-05-01,P,MA,5.02
2016-05-01,P,MT,3.02
2016-05-01,P,MS,3.17
2016-05-01,P,MG,4.06
2016-05-01,P,PA,5.26
2016-05-01,P,PB,4.32
2016-05-01,P,PR,3.17
2016-05-01,P,PE,5.51
2016-05-01,P,PI,4.52
2016-05-01,P,RJ,5.64
2016-05-01,P,RN,4.45
2016-05-01,P,RS,3.08
2016-05-01,P,RO,3.14
2016-05-01,P,RR,4.70
2016-05-01,P,SC,3.05
2016-05-01,P,SP,4.05
2016-05-01,P,SE,4.86
2016-05-01,P,TO,4.51
2016-06-01,P,AC,4.24
2016-06-01,P,AL,5.28
2016-06-01,P,AP,5.01
2016-06-01,P,AM,5.87
2016-06-01,P,BA,4.95
2016-06-01,P,CE,4.51
2016-06-01,P,DF,3.46
2016-06-01,P,ES,4.15
2016-06-01,P,GO,3.85
2016-06-01,P,MA,4.67
2016-06-01,P,MT,2.74
2016-06-01,P,MS,2.93
2016-06-01,P,MG,3.83
2016-06-01,P,PA,4.93
2016-06-01,P,PB,4.12
2016-06-01,P,PR,2.95
2016-06-01,P,PE,5.28
2016-06-01,P,PI,4.21
2016-06-01,P,RJ,5.36
2016-06-01,P,RN,4.10
2016-06-01,P,RS,2.85
2016-06-01,P,RO,2.89
2016-06-01,P,RR,4.43
2016-06-01,P,SC,2.86
2016-06-01,P,SP,3.83
2016-06-01,P,SE,4.52
2016-06-01,P,TO,3.97
2016-07-01,P,AC,3.97
2016-07-01,P,AL,5.02
2016-07-01,P,AP,4.88
2016-07-01,P,AM,5.62
2016-07-01,P,BA,4.72
2016-07-01,P,CE,4.27
2016-07-01,P,DF,3.40
2016-07-01,P,ES,3.93
2016-07-01,P,GO,3.86
2016-07-01,P,MA,4.40
2016-07-01,P,MT,3.07
2016-07-01,P,MS,2.85
2016-07-01,P,MG,3.66
2016-07-01,P,PA,4.72
2016-07-01,P,PB,3.89
2016-07-01,P,PR,2.88
2016-07-01,P,PE,4.92
2016-07-01,P,PI,3.98
2016-07-01,P,RJ,5.10
2016-07-01,P,RN,3.90
2016-07-01,P,RS,2.79
2016-07-01,P,RO,2.75
2016-07-01,P,RR,4.18
2016-07-01,P,SC,2.78
2016-07-01,P,SP,3.64
2016-07-01,P,SE,4.34
2016-07-01,P,TO,3.82
2016-08-01,P,AC,3.99
2016-08-01,P,AL,4.90
2016-08-01,P,AP,4.66
2016-08-01,P,AM,5.59
2016-08-01,P,BA,4.75
2016-08-01,P,CE,4.28
2016-08-01,P,DF,3.32
2016-08-01,P,ES,3.90
2016-08-01,P,GO,3.94
2016-08-01,P,MA,4.46
2016-08-01,P,MT,3.24
2016-08-01,P,MS,2.83
2016-08-01,P,MG,3.61
2016-08-01,P,PA,4.83
2016-08-01,P,PB,3.88
2016-08-01,P,PR,2.84
2016-08-01,P,PE,4.83
2016-08-01,P,PI,4.01
2016-08-01,P,RJ,5.19
2016-08-01,P,RN,3.86
2016-08-01,P,RS,2.77
2016-08-01,P,RO,2.74
2016-08-01,P,RR,4.04
2016-08-01,P,SC,2.78
2016-08-01,P,SP,3.53
2016-08-01,P,SE,4.30
2016-08-01,P,TO,3.92
2016-09-01,P,AC,4.04
2016-09-01,P,AL,5.06
2016-09-01,P,AP,4.64
2016-09-01,P,AM,5.60
2016-09-01,P,BA,4.84
2016-09-01,P,CE,4.37
2016-09-01,P,DF,3.40
2016-09-01,P,ES,3.93
2016-09-01,P,GO,4.04
2016-09-01,P,MA,4.61
2016-09-01,P,MT,3.26
2016-09-01,P,MS,2.89
2016-09-01,P,MG,3.60
2016-09-01,P,PA,4.95
2016-09-01,P,PB,4.06
2016-09-01,P,PR,2.87
2016-09-01,P,PE,4.84
2016-09-01,P,PI,4.08
2016-09-01,P,RJ,5.20
2016-09-01,P,RN,4.08
2016-09-01,P,RS,2.79
2016-09-01,P,RO,2.76
2016-09-01,P,RR,4.01
2016-09-01,P,SC,2.82
2016-09-01,P,SP,3.51
2016-09-01,P,SE,4.41
2016-09-01,P,TO,4.04
2016-10-01,P,AC,4.17
2016-10-01,P,AL,4.90
2016-10-01,P,AP,4.83
2016-10-01,P,AM,5.67
2016-10-01,P,BA,4.84
2016-10-01,P,CE,4.42
2016-10-01,P,DF,3.45
2016-10-01,P,ES,4.01
2016-10-01,P,GO,4.09
2016-10-01,P,MA,4.75
2016-10-01,P,MT,3.17
2016-10-01,P,MS,2.95
2016-10-01,P,MG,3.62
2016-10-01,P,PA,5.07
2016-10-01,P,PB,4.13
2016-10-01,P,PR,2.87
2016-10-01,P,PE,4.78
2016-10-01,P,PI,4.16
2016-10-01,P,RJ,5.14
2016-10-01,P,RN,4.26
2016-10-01,P,RS,2.86
2016-10-01,P,RO,2.81
2016-10-01,P,RR,4.09
2016-10-01,P,SC,2.85
2016-10-01,P,SP,3.54
2016-10-01,P,SE,4.44
2016-10-01,P,TO,4.26
2016-11-01,P,AC,4.09
2016-11-01,P,AL,4.71
2016-11-01,P,AP,4.78
2016-11-01,P,AM,5.55
2016-11-01,P,BA,4.68
2016-11-01,P,CE,4.34
2016-11-01,P,DF,3.39
2016-11-01,P,ES,3.89
2016-11-01,P,GO,3.88
2016-11-01,P,MA,4.59
2016-11-01,P,MT,2.99
2016-11-01,P,MS,2.87
2016-11-01,P,MG,3.59
2016-11-01,P,PA,4.95
2016-11-01,P,PB,4.04
2016-11-01,P,PR,2.82
2016-11-01,P,PE,4.61
2016-11-01,P,PI,4.02
2016-11-01,P,RJ,5.20
2016-11-01,P,RN,4.09
2016-11-01,P,RS,2.77
2016-11-01,P,RO,2.76
2016-11-01,P,RR,4.01
2016-11-01,P,SC,2.78
2016-11-01,P,SP,3.51
2016-11-01,P,SE,4.23
2016-11-01,P,TO,4.29
2016-12-01,P,AC,3.86
2016-12-01,P,AL,4.42
2016-12-01,P,AP,4.74
2016-12-01,P,AM,5.28
2016-12-01,P,BA,4.48
2016-12-01,P,CE,4.16
2016-12-01,P,DF,3.18
2016-12-01,P,ES,3.63
2016-12-01,P,GO,3.66
2016-12-01,P,MA,4.26
2016-12-01,P,MT,2.85
2016-12-01,P,MS,2.70
2016-12-01,P,MG,3.52
2016-12-01,P,PA,4.77
2016-12-01,P,PB,3.81
2016-12-01,P,PR,2.69
2016-12-01,P,PE,4.50
2016-12-01,P,PI,3.79
2016-12-01,P,RJ,5.15
2016-12-01,P,RN,3.86
2016-12-01,P,RS,2.62
2016-12-01,P,RO,2.67
2016-12-01,P,RR,3.91
2016-12-01,P,SC,2.65
2016-12-01,P,SP,3.42
2016-12-01,P,SE,4.00
2016-12-01,P,TO,4.05
2017-01-01,P,AC,3.75
2017-01-01,P,AL,4.37
2017-01-01,P,AP,4.79
2017-01-01,P,AM,5.23
2017-01-01,P,BA,4.53
2017-01-01,P,CE,4.19
2017-01-01,P,DF,3.23
2017-01-01,P,ES,3.71
2017-01-01,P,GO,3.70
2017-01-01,P,MA,4.38
2017-01-01,P,MT,3.26
2017-01-01,P,MS,2.65
2017-01-01,P,MG,3.58
2017-01-01,P,PA,4.73
2017-01-01,P,PB,3.83
2017-01-01,P,PR,2.73
2017-01-01,P,PE,4.42
2017-01-01,P,PI,3.82
2017-01-01,P,RJ,5.16
2017-01-01,P,RN,4.23
2017-01-01,P,RS,2.64
2017-01-01,P,RO,2.74
2017-01-01,P,RR,3.84
2017-01-01,P,SC,2.68
2017-01-01,P,SP,3.47
2017-01-01,P,SE,4.03
2017-01-01,P,TO,4.11
2017-02-01,P,AC,3.69
2017-02-01,P,AL,4.43
2017-02-01,P,AP,4.80
2017-02-01,P,AM,5.16
2017-02-01,P,BA,4.53
2017-02-01,P,CE,4.20
2017-02-01,P,DF,3.28
2017-02-01,P,ES,3.93
2017-02-01,P,GO,3.81
2017-02-01,P,MA,4.40
2017-02-01,P,MT,3.29
2017-02-01,P,MS,2.73
2017-02-01,P,MG,3.66
2017-02-01,P,PA,4.79
2017-02-01,P,PB,3.88
2017-02-01,P,PR,2.82
2017-02-01,P,PE,4.37
2017-02-01,P,PI,3.88
2017-02-01,P,RJ,5.13
2017-02-01,P,RN,4.37
2017-02-01,P,RS,2.72
2017-02-01,P,RO,2.78
2017-02-01,P,RR,3.76
2017-02-01,P,SC,2.75
2017-02-01,P,SP,3.50
2017-02-01,P,SE,4.07
2017-02-01,P,TO,4.31
2017-03-01,P,AC,3.67
2017-03-01,P,AL,4.39
2017-03-01,P,AP,4.89
2017-03-01,P,AM,5.11
2017-03-01,P,BA,4.40
2017-03-01,P,CE,4.20
2017-03-01,P,DF,3.23
2017-03-01,P,ES,3.74
2017-03-01,P,GO,3.69
2017-03-01,P,MA,4.42
2017-03-01,P,MT,3.35
2017-03-01,P,MS,2.67
2017-03-01,P,MG,3.59
2017-03-01,P,PA,4.74
2017-03-01,P,PB,3.84
2017-03-01,P,PR,2.75
2017-03-01,P,PE,4.37
2017-03-01,P,PI,3.72
2017-03-01,P,RJ,5.16
2017-03-01,P,RN,4.42
2017-03-01,P,RS,2.58
2017-03-01,P,RO,2.74
2017-03-01,P,RR,3.75
2017-03-01,P,SC,2.64
2017-03-01,P,SP,3.45
2017-03-01,P,SE,4.09
2017-03-01,P,TO,4.37
2017-04-01,P,AC,3.72
2017-04-01,P,AL,4.54
2017-04-01,P,AP,5.04
2017-04-01,P,AM,5.13
2017-04-01,P,BA,4.60
2017-04-01,P,CE,4.39
2017-04-01,P,DF,3.26
2017-04-01,P,ES,4.28
2017-04-01,P,GO,3.66
2017-04-01,P,MA,4.65
2017-04-01,P,MT,3.30
2017-04-01,P,MS,2.77
2017-04-01,P,MG,3.72
2017-04-01,P,PA,4.94
2017-04-01,P,PB,4.00
2017-04-01,P,PR,2.79
2017-04-01,P,PE,4.53
2017-04-01,P,PI,3.91
2017-04-01,P,RJ,5.25
2017-04-01,P,RN,4.71
2017-04-01,P,RS,2.76
2017-04-01,P,RO,2.75
2017-04-01,P,RR,3.85
2017-04-01,P,SC,2.73
2017-04-01,P,SP,3.51
2017-04-01,P,SE,4.12
2017-04-01,P,TO,4.55
2017-05-01,P,AC,3.78
2017-05-01,P,AL,4.70
2017-05-01,P,AP,5.06
2017-05-01,P,AM,5.17
2017-05-01,P,BA,4.69
2017-05-01,P,CE,4.45
2017-05-01,P,DF,3.31
2017-05-01,P,ES,4.31
2017-05-01,P,GO,3.62
2017-05-01,P,MA,4.62
2017-05-01,P,MT,3.12
2017-05-01,P,MS,2.76
2017-05-01,P,MG,3.71
2017-05-01,P,PA,5.01
2017-05-01,P,PB,4.11
2017-05-01,P,PR,2.76
2017-05-01,P,PE,4.58
2017-05-01,P,PI,3.93
2017-05-01,P,RJ,5.33
2017-05-01,P,RN,4.78
2017-05-01,P,RS,2.71
2017-05-01,P,RO,2.76
2017-05-01,P,RR,3.90
2017-05-01,P,SC,2.70
2017-05-01,P,SP,3.55
2017-05-01,P,SE,4.20
2017-05-01,P,TO,4.42
2017-06-01,P,AC,3.43
2017-06-01,P,AL,4.21
2017-06-01,P,AP,4.86
2017-06-01,P,AM,4.83
2017-06-01,P,BA,4.30
2017-06-01,P,CE,4.01
2017-06-01,P,DF,3.07
2017-06-01,P,ES,3.98
2017-06-01,P,GO,3.26
2017-06-01,P,MA,3.80
2017-06-01,P,MT,2.75
2017-06-01,P,MS,2.51
2017-06-01,P,MG,3.39
2017-06-01,P,PA,4.68
2017-06-01,P,PB,3.72
2017-06-01,P,PR,2.51
2017-06-01,P,PE,4.13
2017-06-01,P,PI,3.11
2017-06-01,P,RJ,4.98
2017-06-01,P,RN,4.37
2017-06-01,P,RS,2.44
2017-06-01,P,RO,2.52
2017-06-01,P,RR,3.48
2017-06-01,P,SC,2.49
2017-06-01,P,SP,3.33
2017-06-01,P,SE,3.72
2017-06-01,P,TO,3.95
2017-07-01,P,AC,3.54
2017-07-01,P,AL,4.41
2017-07-01,P,AP,5.21
2017-07-01,P,AM,4.90
2017-07-01,P,BA,4.45
2017-07-01,P,CE,4.17
2017-07-01,P,DF,3.16
2017-07-01,P,ES,4.06
2017-07-01,P,GO,3.41
2017-07-01,P,MA,3.98
2017-07-01,P,MT,2.92
2017-07-01,P,MS,2.74
2017-07-01,P,MG,3.45
2017-07-01,P,PA,4.85
2017-07-01,P,PB,3.86
2017-07-01,P,PR,2.72
2017-07-01,P,PE,4.28
2017-07-01,P,PI,3.28
2017-07-01,P,RJ,5.06
2017-07-01,P,RN,4.54
2017-07-01,P,RS,2.57
2017-07-01,P,RO,2.52
2017-07-01,P,RR,3.67
2017-07-01,P,SC,2.56
2017-07-01,P,SP,3.40
2017-07-01,P,SE,3.91
2017-07-01,P,TO,4.10
2017-08-01,P,AC,3.59
2017-08-01,P,AL,4.32
2017-08-01,P,AP,5.16
2017-08-01,P,AM,4.87
2017-08-01,P,BA,4.38
2017-08-01,P,CE,4.12
2017-08-01,P,DF,3.16
2017-08-01,P,ES,3.90
2017-08-01,P,GO,3.39
2017-08-01,P,MA,4.01
2017-08-01,P,MT,3.25
2017-08-01,P,MS,2.78
2017-08-01,P,MG,3.44
2017-08-01,P,PA,4.88
2017-08-01,P,PB,3.80
2017-08-01,P,PR,2.74
2017-08-01,P,PE,4.19
2017-08-01,P,PI,3.31
2017-08-01,P,RJ,5.01
2017-08-01,P,RN,4.39
2017-08-01,P,RS,2.58
2017-08-01,P,RO,2.48
2017-08-01,P,RR,3.67
2017-08-01,P,SC,2.53
2017-08-01,P,SP,3.35
2017-08-01,P,SE,3.83
2017-08-01,P,TO,4.16
2017-09-01,P,AC,3.44
2017-09-01,P,AL,4.30
2017-09-01,P,AP,5.13
2017-09-01,P,AM,4.87
2017-09-01,P,BA,4.34
2017-09-01,P,CE,4.08
2017-09-01,P,DF,3.19
2017-09-01,P,ES,3.74
2017-09-01,P,GO,3.36
2017-09-01,P,MA,4.09
2017-09-01,P,MT,3.15
2017-09-01,P,MS,2.77
2017-09-01,P,MG,3.39
2017-09-01,P,PA,4.85
2017-09-01,P,PB,3.80
2017-09-01,P,PR,2.74
2017-09-01,P,PE,4.24
2017-09-01,P,PI,3.41
2017-09-01,P,RJ,4.97
2017-09-01,P,RN,4.32
2017-09-01,P,RS,2.59
2017-09-01,P,RO,2.46
2017-09-01,P,RR,3.82
2017-09-01,P,SC,2.50
2017-09-01,P,SP,3.28
2017-09-01,P,SE,3.81
2017-09-01,P,TO,4.29
2017-10-01,P,AC,3.31
2017-10-01,P,AL,4.25
2017-10-01,P,AP,5.15
2017-10-01,P,AM,4.70
2017-10-01,P,BA,4.38
2017-10-01,P,CE,4.06
2017-10-01,P,DF,3.17
2017-10-01,P,ES,3.66
2017-10-01,P,GO,3.38
2017-10-01,P,MA,4.12
2017-10-01,P,MT,2.93
2017-10-01,P,MS,2.79
2017-10-01,P,MG,3.36
2017-10-01,P,PA,4.84
2017-10-01,P,PB,3.83
2017-10-01,P,PR,2.75
2017-10-01,P,PE,4.29
2017-10-01,P,PI,3.52
2017-10-01,P,RJ,4.94
2017-10-01,P,RN,4.30
2017-10-01,P,RS,2.69
2017-10-01,P,RO,2.40
2017-10-01,P,RR,3.86
2017-10-01,P,SC,2.52
2017-10-01,P,SP,3.29
2017-10-01,P,SE,3.73
2017-10-01,P,TO,4.34
2017-11-01,P,AC,3.22
2017-11-01,P,AL,4.13
2017-11-01,P,AP,5.07
2017-11-01,P,AM,4.58
2017-11-01,P,BA,4.30
2017-11-01,P,CE,3.95
2017-11-01,P,DF,3.09
2017-11-01,P,ES,3.59
2017-11-01,P,GO,3.28
2017-11-01,P,MA,4.03
2017-11-01,P,MT,2.72
2017-11-01,P,MS,2.68
2017-11-01,P,MG,3.34
2017-11-01,P,PA,4.71
2017-11-01,P,PB,3.76
2017-11-01,P,PR,2.66
2017-11-01,P,PE,4.14
2017-11-01,P,PI,3.47
2017-11-01,P,RJ,4.85
2017-11-01,P,RN,4.24
2017-11-01,P,RS,2.60
2017-11-01,P,RO,2.34
2017-11-01,P,RR,4.04
2017-11-01,P,SC,2.44
2017-11-01,P,SP,3.24
2017-11-01,P,SE,3.64
2017-11-01,P,TO,4.19
2017-12-01,P,AC,3.05
2017-12-01,P,AL,3.87
2017-12-01,P,AP,5.03
2017-12-01,P,AM,4.33
2017-12-01,P,BA,3.99
2017-12-01,P,CE,3.70
2017-12-01,P,DF,2.93
2017-12-01,P,ES,3.41
2017-12-01,P,GO,3.03
2017-12-01,P,MA,3.72
2017-12-01,P,MT,2.53
2017-12-01,P,MS,2.50
2017-12-01,P,MG,3.15
2017-12-01,P,PA,4.52
2017-12-01,P,PB,3.46
2017-12-01,P,PR,2.45
2017-12-01,P,PE,3.90
2017-12-01,P,PI,3.23
2017-12-01,P,RJ,4.56
2017-12-01,P,RN,4.02
2017-12-01,P,RS,2.43
2017-12-01,P,RO,2.24
2017-12-01,P,RR,3.91
2017-12-01,P,SC,2.31
2017-12-01,P,SP,3.11
2017-12-01,P,SE,3.39
2017-12-01,P,TO,4.14
2018-01-01,P,AC,3.24
2018-01-01,P,AL,4.16
2018-01-01,P,AP,5.36
2018-01-01,P,AM,4.47
2018-01-01,P,BA,4.23
2018-01-01,P,CE,3.98
2018-01-01,P,DF,3.16
2018-01-01,P,ES,3.57
2018-01-01,P,GO,3.38
2018-01-01,P,MA,3.97
2018-01-01,P,MT,2.68
2018-01-01,P,MS,2.76
2018-01-01,P,MG,3.44
2018-01-01,P,PA,4.69
2018-01-01,P,PB,3.70
2018-01-01,P,PR,2.66
2018-01-01,P,PE,4.09
2018-01-01,P,PI,3.57
2018-01-01,P,RJ,4.70
2018-01-01,P,RN,4.38
2018-01-01,P,RS,2.59
2018-01-01,P,RO,2.33
2018-01-01,P,RR,4.23
2018-01-01,P,SC,2.46
2018-01-01,P,SP,3.25
2018-01-01,P,SE,3.75
2018-01-01,P,TO,4.35
2018-02-01,P,AC,3.12
2018-02-01,P,AL,4.21
2018-02-01,P,AP,5.08
2018-02-01,P,AM,4.32
2018-02-01,P,BA,4.23
2018-02-01,P,CE,3.99
2018-02-01,P,DF,3.28
2018-02-01,P,ES,3.65
2018-02-01,P,GO,3.35
2018-02-01,P,MA,3.96
2018-02-01,P,MT,2.68
2018-02-01,P,MS,2.77
2018-02-01,P,MG,3.49
2018-02-01,P,PA,4.62
2018-02-01,P,PB,3.81
2018-02-01,P,PR,2.67
2018-02-01,P,PE,4.08
2018-02-01,P,PI,3.68
2018-02-01,P,RJ,4.61
2018-02-01,P,RN,4.51
2018-02-01,P,RS,2.61
2018-02-01,P,RO,2.34
2018-02-01,P,RR,4.29
2018-02-01,P,SC,2.44
2018-02-01,P,SP,3.22
2018-02-01,P,SE,3.71
2018-02-01,P,TO,4.40
2018-03-01,P,AC,3.08
2018-03-01,P,AL,4.26
2018-03-01,P,AP,5.08
2018-03-01,P,AM,4.09
2018-03-01,P,BA,4.17
2018-03-01,P,CE,3.91
2018-03-01,P,DF,3.25
2018-03-01,P,ES,3.56
2018-03-01,P,GO,3.33
2018-03-01,P,MA,3.87
2018-03-01,P,MT,2.64
2018-03-01,P,MS,2.65
2018-03-01,P,MG,3.41
2018-03-01,P,PA,4.58
2018-03-01,P,PB,3.88
2018-03-01,P,PR,2.59
2018-03-01,P,PE,4.11
2018-03-01,P,PI,3.70
2018-03-01,P,RJ,4.48
2018-03-01,P,RN,4.46
2018-03-01,P,RS,2.63
2018-03-01,P,RO,2.32
2018-03-01,P,RR,5.75
2018-03-01,P,SC,2.38
2018-03-01,P,SP,3.16
2018-03-01,P,SE,3.82
2018-03-01,P,TO,4.24
2018-04-01,P,AC,3.00
2018-04-01,P,AL,4.39
2018-04-01,P,AP,5.05
2018-04-01,P,AM,4.08
2018-04-01,P,BA,4.16
2018-04-01,P,CE,3.96
2018-04-01,P,DF,3.22
2018-04-01,P,ES,3.69
2018-04-01,P,GO,3.19
2018-04-01,P,MA,3.91
2018-04-01,P,MT,2.40
2018-04-01,P,MS,2.57
2018-04-01,P,MG,3.37
2018-04-01,P,PA,4.51
2018-04-01,P,PB,3.94
2018-04-01,P,PR,2.54
2018-04-01,P,PE,4.11
2018-04-01,P,PI,3.80
2018-04-01,P,RJ,4.53
2018-04-01,P,RN,4.42
2018-04-01,P,RS,2.55
2018-04-01,P,RO,2.28
2018-04-01,P,RR,5.22
2018-04-01,P,SC,2.33
2018-04-01,P,SP,3.16
2018-04-01,P,SE,3.69
2018-04-01,P,TO,4.10
2018-05-01,P,AC,2.97
2018-05-01,P,AL,4.46
2018-05-01,P,AP,5.17
2018-05-01,P,AM,4.09
2018-05-01,P,BA,4.11
2018-05-01,P,CE,3.91
2018-05-01,P,DF,3.21
2018-05-01,P,ES,3.63
2018-05-01,P,GO,3.18
2018-05-01,P,MA,3.86
2018-05-01,P,MT,2.37
2018-05-01,P,MS,2.53
2018-05-01,P,MG,3.32
2018-05-01,P,PA,4.49
2018-05-01,P,PB,4.01
2018-05-01,P,PR,2.48
2018-05-01,P,PE,4.13
2018-05-01,P,PI,3.90
2018-05-01,P,RJ,4.45
2018-05-01,P,RN,4.46
2018-05-01,P,RS,2.51
2018-05-01,P,RO,2.26
2018-05-01,P,RR,5.25
2018-05-01,P,SC,2.30
2018-05-01,P,SP,3.16
2018-05-01,P,SE,3.69
2018-05-01,P,TO,3.94
2018-06-01,P,AC,2.91
2018-06-01,P,AL,4.28
2018-06-01,P,AP,4.99
2018-06-01,P,AM,3.95
2018-06-01,P,BA,3.97
2018-06-01,P,CE,3.74
2018-06-01,P,DF,3.20
2018-06-01,P,ES,3.40
2018-06-01,P,GO,2.99
2018-06-01,P,MA,3.67
2018-06-01,P,MT,2.00
2018-06-01,P,MS,2.37
2018-06-01,P,MG,3.16
2018-06-01,P,PA,4.37
2018-06-01,P,PB,3.87
2018-06-01,P,PR,2.39
2018-06-01,P,PE,4.04
2018-06-01,P,PI,3.66
2018-06-01,P,RJ,4.33
2018-06-01,P,RN,4.37
2018-06-01,P,RS,2.36
2018-06-01,P,RO,2.22
2018-06-01,P,RR,5.12
2018-06-01,P,SC,2.23
2018-06-01,P,SP,3.07
2018-06-01,P,SE,3.59
2018-06-01,P,TO,3.70
2018-07-01,P,AC,3.01
2018-07-01,P,AL,4.29
2018-07-01,P,AP,5.05
2018-07-01,P,AM,3.96
2018-07-01,P,BA,3.98
2018-07-01,P,CE,3.73
2018-07-01,P,DF,3.13
2018-07-01,P,ES,3.34
2018-07-01,P,GO,3.00
2018-07-01,P,MA,3.72
2018-07-01,P,MT,2.27
2018-07-01,P,MS,2.38
2018-07-01,P,MG,3.11
2018-07-01,P,PA,4.30
2018-07-01,P,PB,3.94
2018-07-01,P,PR,2.43
2018-07-01,P,PE,4.05
2018-07-01,P,PI,3.73
2018-07-01,P,RJ,4.30
2018-07-01,P,RN,4.37
2018-07-01,P,RS,2.37
2018-07-01,P,RO,2.24
2018-07-01,P,RR,5.73
2018-07-01,P,SC,2.24
2018-07-01,P,SP,3.09
2018-07-01,P,SE,3.71
2018-07-01,P,TO,3.62
2018-08-01,P,AC,2.87
2018-08-01,P,AL,4.19
2018-08-01,P,AP,4.88
2018-08-01,P,AM,3.77
2018-08-01,P,BA,3.85
2018-08-01,P,CE,3.65
2018-08-01,P,DF,3.23
2018-08-01,P,ES,3.24
2018-08-01,P,GO,2.90
2018-08-01,P,MA,3.64
2018-08-01,P,MT,2.29
2018-08-01,P,MS,2.41
2018-08-01,P,MG,3.00
2018-08-01,P,PA,4.14
2018-08-01,P,PB,3.90
2018-08-01,P,PR,2.39
2018-08-01,P,PE,3.96
2018-08-01,P,PI,3.75
2018-08-01,P,RJ,4.21
2018-08-01,P,RN,4.09
2018-08-01,P,RS,2.41
2018-08-01,P,RO,2.23
2018-08-01,P,RR,5.77
2018-08-01,P,SC,2.21
2018-08-01,P,SP,3.04
2018-08-01,P,SE,3.53
2018-08-01,P,TO,3.65
2018-09-01,P,AC,2.93
2018-09-01,P,AL,4.12
2018-09-01,P,AP,4.63
2018-09-01,P,AM,3.73
2018-09-01,P,BA,3.85
2018-09-01,P,CE,3.60
2018-09-01,P,DF,3.21
2018-09-01,P,ES,3.28
2018-09-01,P,GO,2.84
2018-09-01,P,MA,3.62
2018-09-01,P,MT,2.30
2018-09-01,P,MS,2.43
2018-09-01,P,MG,2.92
2018-09-01,P,PA,4.07
2018-09-01,P,PB,3.78
2018-09-01,P,PR,2.40
2018-09-01,P,PE,3.93
2018-09-01,P,PI,3.68
2018-09-01,P,RJ,4.20
2018-09-01,P,RN,4.11
2018-09-01,P,RS,2.53
2018-09-01,P,RO,2.29
2018-09-01,P,RR,5.78
2018-09-01,P,SC,2.23
2018-09-01,P,SP,3.02
2018-09-01,P,SE,3.46
2018-09-01,P,TO,3.78
2018-10-01,P,AC,2.90
2018-10-01,P,AL,3.86
2018-10-01,P,AP,4.56
2018-10-01,P,AM,3.74
2018-10-01,P,BA,3.70
2018-10-01,P,CE,3.51
2018-10-01,P,DF,3.10
2018-10-01,P,ES,3.23
2018-10-01,P,GO,2.78
2018-10-01,P,MA,3.55
2018-10-01,P,MT,2.23
2018-10-01,P,MS,2.41
2018-10-01,P,MG,2.86
2018-10-01,P,PA,3.96
2018-10-01,P,PB,3.68
2018-10-01,P,PR,2.36
2018-10-01,P,PE,3.85
2018-10-01,P,PI,3.67
2018-10-01,P,RJ,4.17
2018-10-01,P,RN,3.99
2018-10-01,P,RS,2.57
2018-10-01,P,RO,2.27
2018-10-01,P,RR,7.31
2018-10-01,P,SC,2.21
2018-10-01,P,SP,2.98
2018-10-01,P,SE,3.32
2018-10-01,P,TO,3.88
2018-11-01,P,AC,2.79
2018-11-01,P,AL,3.74
2018-11-01,P,AP,4.48
2018-11-01,P,AM,3.68
2018-11-01,P,BA,3.67
2018-11-01,P,CE,3.40
2018-11-01,P,DF,2.99
2018-11-01,P,ES,3.18
2018-11-01,P,GO,2.72
2018-11-01,P,MA,3.48
2018-11-01,P,MT,1.97
2018-11-01,P,MS,2.33
2018-11-01,P,MG,2.80
2018-11-01,P,PA,3.90
2018-11-01,P,PB,3.60
2018-11-01,P,PR,2.30
2018-11-01,P,PE,3.74
2018-11-01,P,PI,3.68
2018-11-01,P,RJ,4.11
2018-11-01,P,RN,3.91
2018-11-01,P,RS,2.46
2018-11-01,P,RO,2.24
2018-11-01,P,RR,7.22
2018-11-01,P,SC,2.17
2018-11-01,P,SP,2.93
2018-11-01,P,SE,3.28
2018-11-01,P,TO,3.70
2018-12-01,P,AC,2.82
2018-12-01,P,AL,3.60
2018-12-01,P,AP,4.46
2018-12-01,P,AM,3.65
2018-12-01,P,BA,3.60
2018-12-01,P,CE,3.34
2018-12-01,P,DF,2.89
2018-12-01,P,ES,3.23
2018-12-01,P,GO,2.63
2018-12-01,P,MA,3.26
2018-12-01,P,MT,1.90
2018-12-01,P,MS,2.18
2018-12-01,P,MG,2.79
2018-12-01,P,PA,3.82
2018-12-01,P,PB,3.49
2018-12-01,P,PR,2.24
2018-12-01,P,PE,3.73
2018-12-01,P,PI,3.44
2018-12-01,P,RJ,4.04
2018-12-01,P,RN,3.85
2018-12-01,P,RS,2.35
2018-12-01,P,RO,2.17
2018-12-01,P,RR,7.15
2018-12-01,P,SC,2.12
2018-12-01,P,SP,2.92
2018-12-01,P,SE,3.15
2018-12-01,P,TO,3.62
2019-01-01,P,AC,2.88
2019-01-01,P,AL,3.74
2019-01-01,P,AP,4.45
2019-01-01,P,AM,3.77
2019-01-01,P,BA,3.71
2019-01-01,P,CE,3.46
2019-01-01,P,DF,2.97
2019-01-01,P,ES,3.36
2019-01-01,P,GO,2.79
2019-01-01,P,MA,3.41
2019-01-01,P,MT,1.97
2019-01-01,P,MS,2.31
2019-01-01,P,MG,2.93
2019-01-01,P,PA,3.94
2019-01-01,P,PB,3.66
2019-01-01,P,PR,2.37
2019-01-01,P,PE,3.84
2019-01-01,P,PI,3.56
2019-01-01,P,RJ,4.16
2019-01-01,P,RN,3.98
2019-01-01,P,RS,2.45
2019-01-01,P,RO,2.22
2019-01-01,P,RR,4.18
2019-01-01,P,SC,2.23
2019-01-01,P,SP,2.99
2019-01-01,P,SE,3.21
2019-01-01,P,TO,3.71
2019-02-01,P,AC,2.89
2019-02-01,P,AL,3.69
2019-02-01,P,AP,4.38
2019-02-01,P,AM,3.58
2019-02-01,P,BA,3.66
2019-02-01,P,CE,3.44
2019-02-01,P,DF,2.99
2019-02-01,P,ES,3.42
2019-02-01,P,GO,2.78
2019-02-01,P,MA,3.37
2019-02-01,P,MT,1.96
2019-02-01,P,MS,2.26
2019-02-01,P,MG,2.90
2019-02-01,P,PA,3.75
2019-02-01,P,PB,3.69
2019-02-01,P,PR,2.36
2019-02-01,P,PE,3.76
2019-02-01,P,PI,3.57
2019-02-01,P,RJ,4.08
2019-02-01,P,RN,3.94
2019-02-01,P,RS,2.43
2019-02-01,P,RO,2.14
2019-02-01,P,RR,4.01
2019-02-01,P,SC,2.24
2019-02-01,P,SP,2.95
2019-02-01,P,SE,3.20
2019-02-01,P,TO,3.62
2019-03-01,P,AC,3.05
2019-03-01,P,AL,3.75
2019-03-01,P,AP,4.46
2019-03-01,P,AM,3.68
2019-03-01,P,BA,3.75
2019-03-01,P,CE,3.56
2019-03-01,P,DF,3.03
2019-03-01,P,ES,3.69
2019-03-01,P,GO,2.88
2019-03-01,P,MA,3.52
2019-03-01,P,MT,1.98
2019-03-01,P,MS,2.32
2019-03-01,P,MG,2.97
2019-03-01,P,PA,3.81
2019-03-01,P,PB,3.89
2019-03-01,P,PR,2.41
2019-03-01,P,PE,3.88
2019-03-01,P,PI,3.79
2019-03-01,P,RJ,4.15
2019-03-01,P,RN,4.13
2019-03-01,P,RS,2.46
2019-03-01,P,RO,2.20
2019-03-01,P,RR,4.07
2019-03-01,P,SC,2.27
2019-03-01,P,SP,3.03
2019-03-01,P,SE,3.36
2019-03-01,P,TO,3.73
2019-04-01,P,AC,3.12
2019-04-01,P,AL,3.79
2019-04-01,P,AP,4.37
2019-04-01,P,AM,3.68
2019-04-01,P,BA,3.66
2019-04-01,P,CE,3.56
2019-04-01,P,DF,2.97
2019-04-01,P,ES,3.65
2019-04-01,P,GO,2.86
2019-04-01,P,MA,3.49
2019-04-01,P,MT,1.90
2019-04-01,P,MS,2.30
2019-04-01,P,MG,2.93
2019-04-01,P,PA,3.74
2019-04-01,P,PB,3.97
2019-04-01,P,PR,2.39
2019-04-01,P,PE,3.88
2019-04-01,P,PI,3.78
2019-04-01,P,RJ,4.15
2019-04-01,P,RN,4.10
2019-04-01,P,RS,2.39
2019-04-01,P,RO,2.20
2019-04-01,P,RR,3.93
2019-04-01,P,SC,2.24
2019-04-01,P,SP,3.02
2019-04-01,P,SE,3.34
2019-04-01,P,TO,3.52
2019-05-01,P,AC,3.21
2019-05-01,P,AL,3.97
2019-05-01,P,AP,4.48
2019-05-01,P,AM,3.80
2019-05-01,P,BA,3.74
2019-05-01,P,CE,3.63
2019-05-01,P,DF,2.90
2019-05-01,P,ES,3.71
2019-05-01,P,GO,2.86
2019-05-01,P,MA,3.60
2019-05-01,P,MT,1.90
2019-05-01,P,MS,2.29
2019-05-01,P,MG,2.93
2019-05-01,P,PA,3.88
2019-05-01,P,PB,4.13
2019-05-01,P,PR,2.41
2019-05-01,P,PE,4.01
2019-05-01,P,PI,3.88
2019-05-01,P,RJ,4.22
2019-05-01,P,RN,4.20
2019-05-01,P,RS,2.35
2019-05-01,P,RO,2.29
2019-05-01,P,RR,4.13
2019-05-01,P,SC,2.28
2019-05-01,P,SP,3.07
2019-05-01,P,SE,3.35
2019-05-01,P,TO,3.50
2019-06-01,P,AC,3.12
2019-06-01,P,AL,3.84
2019-06-01,P,AP,4.38
2019-06-01,P,AM,3.70
2019-06-01,P,BA,3.73
2019-06-01,P,CE,3.55
2019-06-01,P,DF,2.86
2019-06-01,P,ES,3.64
2019-06-01,P,GO,2.74
2019-06-01,P,MA,3.47
2019-06-01,P,MT,1.83
2019-06-01,P,MS,2.22
2019-06-01,P,MG,2.85
2019-06-01,P,PA,3.80
2019-06-01,P,PB,4.12
2019-06-01,P,PR,2.32
2019-06-01,P,PE,4.01
2019-06-01,P,PI,3.80
2019-06-01,P,RJ,4.15
2019-06-01,P,RN,4.19
2019-06-01,P,RS,2.26
2019-06-01,P,RO,2.21
2019-06-01,P,RR,4.04
2019-06-01,P,SC,2.25
2019-06-01,P,SP,3.02
2019-06-01,P,SE,3.27
2019-06-01,P,TO,3.42
2019-07-01,P,AC,3.25
2019-07-01,P,AL,3.92
2019-07-01,P,AP,4.46
2019-07-01,P,AM,3.73
2019-07-01,P,BA,3.88
2019-07-01,P,CE,3.64
2019-07-01,P,DF,2.93
2019-07-01,P,ES,3.66
2019-07-01,P,GO,2.86
2019-07-01,P,MA,3.53
2019-07-01,P,MT,2.17
2019-07-01,P,MS,2.42
2019-07-01,P,MG,2.93
2019-07-01,P,PA,3.92
2019-07-01,P,PB,4.20
2019-07-01,P,PR,2.44
2019-07-01,P,PE,4.13
2019-07-01,P,PI,3.96
2019-07-01,P,RJ,4.20
2019-07-01,P,RN,4.30
2019-07-01,P,RS,2.33
2019-07-01,P,RO,2.25
2019-07-01,P,RR,4.02
2019-07-01,P,SC,2.35
2019-07-01,P,SP,3.09
2019-07-01,P,SE,3.51
2019-07-01,P,TO,3.48
2019-08-01,P,AC,3.23
2019-08-01,P,AL,3.98
2019-08-01,P,AP,4.33
2019-08-01,P,AM,3.74
2019-08-01,P,BA,3.88
2019-08-01,P,CE,3.70
2019-08-01,P,DF,2.90
2019-08-01,P,ES,3.66
2019-08-01,P,GO,2.92
2019-08-01,P,MA,3.70
2019-08-01,P,MT,2.40
2019-08-01,P,MS,2.47
2019-08-01,P,MG,2.94
2019-08-01,P,PA,3.95
2019-08-01,P,PB,4.22
2019-08-01,P,PR,2.53
2019-08-01,P,PE,4.16
2019-08-01,P,PI,3.99
2019-08-01,P,RJ,4.23
2019-08-01,P,RN,4.30
2019-08-01,P,RS,2.40
2019-08-01,P,RO,2.28
2019-08-01,P,RR,3.93
2019-08-01,P,SC,2.40
2019-08-01,P,SP,3.13
2019-08-01,P,SE,3.47
2019-08-01,P,TO,3.50
2019-09-01,P,AC,3.26
2019-09-01,P,AL,4.03
2019-09-01,P,AP,4.37
2019-09-01,P,AM,3.82
2019-09-01,P,BA,3.95
2019-09-01,P,CE,3.78
2019-09-01,P,DF,2.93
2019-09-01,P,ES,3.76
2019-09-01,P,GO,2.95
2019-09-01,P,MA,3.84
2019-09-01,P,MT,2.35
2019-09-01,P,MS,2.47
2019-09-01,P,MG,2.95
2019-09-01,P,PA,4.01
2019-09-01,P,PB,4.27
2019-09-01,P,PR,2.57
2019-09-01,P,PE,4.23
2019-09-01,P,PI,4.01
2019-09-01,P,RJ,4.30
2019-09-01,P,RN,4.28
2019-09-01,P,RS,2.53
2019-09-01,P,RO,2.35
2019-09-01,P,RR,4.01
2019-09-01,P,SC,2.46
2019-09-01,P,SP,3.18
2019-09-01,P,SE,3.42
2019-09-01,P,TO,3.74
2019-10-01,P,AC,3.25
2019-10-01,P,AL,4.05
2019-10-01,P,AP,4.37
2019-10-01,P,AM,3.76
2019-10-01,P,BA,3.92
2019-10-01,P,CE,3.74
2019-10-01,P,DF,2.91
2019-10-01,P,ES,3.78
2019-10-01,P,GO,2.85
2019-10-01,P,MA,3.82
2019-10-01,P,MT,2.26
2019-10-01,P,MS,2.42
2019-10-01,P,MG,2.93
2019-10-01,P,PA,4.00
2019-10-01,P,PB,4.26
2019-10-01,P,PR,2.58
2019-10-01,P,PE,4.20
2019-10-01,P,PI,4.07
2019-10-01,P,RJ,4.30
2019-10-01,P,RN,4.25
2019-10-01,P,RS,2.58
2019-10-01,P,RO,2.38
2019-10-01,P,RR,3.98
2019-10-01,P,SC,2.49
2019-10-01,P,SP,3.16
2019-10-01,P,SE,3.51
2019-10-01,P,TO,3.65
2019-11-01,P,AC,3.15
2019-11-01,P,AL,4.10
2019-11-01,P,AP,4.29
2019-11-01,P,AM,3.76
2019-11-01,P,BA,3.95
2019-11-01,P,CE,3.73
2019-11-01,P,DF,2.94
2019-11-01,P,ES,3.81
2019-11-01,P,GO,2.85
2019-11-01,P,MA,3.89
2019-11-01,P,MT,2.14
2019-11-01,P,MS,2.46
2019-11-01,P,MG,2.93
2019-11-01,P,PA,3.93
2019-11-01,P,PB,4.24
2019-11-01,P,PR,2.61
2019-11-01,P,PE,4.21
2019-11-01,P,PI,4.06
2019-11-01,P,RJ,4.34
2019-11-01,P,RN,4.27
2019-11-01,P,RS,2.56
2019-11-01,P,RO,2.38
2019-11-01,P,RR,3.87
2019-11-01,P,SC,2.50
2019-11-01,P,SP,3.17
2019-11-01,P,SE,3.52
2019-11-01,P,TO,3.60
2019-12-01,P,AC,3.20
2019-12-01,P,AL,4.07
2019-12-01,P,AP,4.29
2019-12-01,P,AM,3.80
2019-12-01,P,BA,3.91
2019-12-01,P,CE,3.71
2019-12-01,P,DF,2.94
2019-12-01,P,ES,3.82
2019-12-01,P,GO,2.88
2019-12-01,P,MA,3.88
2019-12-01,P,MT,2.14
2019-12-01,P,MS,2.42
2019-12-01,P,MG,2.92
2019-12-01,P,PA,3.90
2019-12-01,P,PB,4.11
2019-12-01,P,PR,2.56
2019-12-01,P,PE,4.26
2019-12-01,P,PI,3.99
2019-12-01,P,RJ,4.34
2019-12-01,P,RN,4.17
2019-12-01,P,RS,2.46
2019-12-01,P,RO,2.35
2019-12-01,P,RR,3.88
2019-12-01,P,SC,2.47
2019-12-01,P,SP,3.12
2019-12-01,P,SE,3.46
2019-12-01,P,TO,3.44
2020-01-01,P,AC,3.16
2020-01-01,P,AL,4.30
2020-01-01,P,AP,4.33
2020-01-01,P,AM,3.87
2020-01-01,P,BA,4.16
2020-01-01,P,CE,3.87
2020-01-01,P,DF,3.04
2020-01-01,P,ES,3.98
2020-01-01,P,GO,3.03
2020-01-01,P,MA,4.03
2020-01-01,P,MT,2.26
2020-01-01,P,MS,2.62
2020-01-01,P,MG,3.06
2020-01-01,P,PA,4.01
2020-01-01,P,PB,4.22
2020-01-01,P,PR,2.70
2020-01-01,P,PE,4.40
2020-01-01,P,PI,4.11
2020-01-01,P,RJ,4.48
2020-01-01,P,RN,4.43
2020-01-01,P,RS,2.59
2020-01-01,P,RO,2.40
2020-01-01,P,RR,4.02
2020-01-01,P,SC,2.57
2020-01-01,P,SP,3.24
2020-01-01,P,SE,3.70
2020-01-01,P,TO,3.60
2020-02-01,P,AC,3.24
2020-02-01,P,AL,4.36
2020-02-01,P,AP,4.33
2020-02-01,P,AM,3.79
2020-02-01,P,BA,4.19
2020-02-01,P,CE,3.92
2020-02-01,P,DF,3.07
2020-02-01,P,ES,3.96
2020-02-01,P,GO,3.16
2020-02-01,P,MA,4.07
2020-02-01,P,MT,2.28
2020-02-01,P,MS,2.63
2020-02-01,P,MG,3.11
2020-02-01,P,PA,4.04
2020-02-01,P,PB,4.24
2020-02-01,P,PR,2.72
2020-02-01,P,PE,4.43
2020-02-01,P,PI,4.11
2020-02-01,P,RJ,4.57
2020-02-01,P,RN,4.56
2020-02-01,P,RS,2.63
2020-02-01,P,RO,2.47
2020-02-01,P,RR,3.86
2020-02-01,P,SC,2.59
2020-02-01,P,SP,3.28
2020-02-01,P,SE,3.70
2020-02-01,P,TO,3.67
2020-03-01,P,AC,3.45
2020-03-01,P,AL,4.81
2020-03-01,P,AP,4.56
2020-03-01,P,AM,4.30
2020-03-01,P,BA,4.58
2020-03-01,P,CE,4.48
2020-03-01,P,DF,3.30
2020-03-01,P,ES,4.37
2020-03-01,P,GO,3.47
2020-03-01,P,MA,4.40
2020-03-01,P,MT,2.41
2020-03-01,P,MS,2.84
2020-03-01,P,MG,3.33
2020-03-01,P,PA,4.31
2020-03-01,P,PB,4.56
2020-03-01,P,PR,2.99
2020-03-01,P,PE,4.84
2020-03-01,P,PI,4.57
2020-03-01,P,RJ,5.02
2020-03-01,P,RN,5.08
2020-03-01,P,RS,2.94
2020-03-01,P,RO,2.62
2020-03-01,P,RR,4.14
2020-03-01,P,SC,2.81
2020-03-01,P,SP,3.60
2020-03-01,P,SE,4.16
2020-03-01,P,TO,3.89
2020-04-01,P,AC,3.55
2020-04-01,P,AL,5.10
2020-04-01,P,AP,4.68
2020-04-01,P,AM,4.57
2020-04-01,P,BA,4.76
2020-04-01,P,CE,4.76
2020-04-01,P,DF,3.38
2020-04-01,P,ES,4.46
2020-04-01,P,GO,3.54
2020-04-01,P,MA,4.64
2020-04-01,P,MT,2.33
2020-04-01,P,MS,2.91
2020-04-01,P,MG,3.42
2020-04-01,P,PA,4.56
2020-04-01,P,PB,4.78
2020-04-01,P,PR,3.03
2020-04-01,P,PE,5.15
2020-04-01,P,PI,4.86
2020-04-01,P,RJ,5.20
2020-04-01,P,RN,5.24
2020-04-01,P,RS,2.95
2020-04-01,P,RO,2.81
2020-04-01,P,RR,4.19
2020-04-01,P,SC,2.87
2020-04-01,P,SP,3.74
2020-04-01,P,SE,4.28
2020-04-01,P,TO,3.86
2020-05-01,P,AC,3.64
2020-05-01,P,AL,5.16
2020-05-01,P,AP,4.70
2020-05-01,P,AM,4.70
2020-05-01,P,BA,4.73
2020-05-01,P,CE,4.84
2020-05-01,P,DF,3.32
2020-05-01,P,ES,4.21
2020-05-01,P,GO,3.36
2020-05-01,P,MA,4.56
2020-05-01,P,MT,2.26
2020-05-01,P,MS,2.82
2020-05-01,P,MG,3.28
2020-05-01,P,PA,4.61
2020-05-01,P,PB,4.76
2020-05-01,P,PR,2.89
2020-05-01,P,PE,5.21
2020-05-01,P,PI,4.83
2020-05-01,P,RJ,5.05
2020-05-01,P,RN,5.06
2020-05-01,P,RS,2.76
2020-05-01,P,RO,2.83
2020-05-01,P,RR,4.34
2020-05-01,P,SC,2.75
2020-05-01,P,SP,3.67
2020-05-01,P,SE,4.15
2020-05-01,P,TO,3.74
2020-06-01,P,AC,3.31
2020-06-01,P,AL,4.74
2020-06-01,P,AP,4.44
2020-06-01,P,AM,4.27
2020-06-01,P,BA,4.31
2020-06-01,P,CE,4.42
2020-06-01,P,DF,2.94
2020-06-01,P,ES,3.69
2020-06-01,P,GO,2.77
2020-06-01,P,MA,4.05
2020-06-01,P,MT,1.97
2020-06-01,P,MS,2.41
2020-06-01,P,MG,2.89
2020-06-01,P,PA,4.09
2020-06-01,P,PB,4.30
2020-06-01,P,PR,2.57
2020-06-01,P,PE,4.86
2020-06-01,P,PI,4.30
2020-06-01,P,RJ,4.64
2020-06-01,P,RN,4.56
2020-06-01,P,RS,2.51
2020-06-01,P,RO,2.62
2020-06-01,P,RR,4.07
2020-06-01,P,SC,2.49
2020-06-01,P,SP,3.21
2020-06-01,P,SE,3.75
2020-06-01,P,TO,3.29
2020-07-01,P,AC,3.18
2020-07-01,P,AL,4.57
2020-07-01,P,AP,4.36
2020-07-01,P,AM,4.04
2020-07-01,P,BA,4.19
2020-07-01,P,CE,4.25
2020-07-01,P,DF,2.82
2020-07-01,P,ES,3.54
2020-07-01,P,GO,2.66
2020-07-01,P,MA,4.04
2020-07-01,P,MT,2.01
2020-07-01,P,MS,2.30
2020-07-01,P,MG,2.74
2020-07-01,P,PA,3.90
2020-07-01,P,PB,4.08
2020-07-01,P,PR,2.45
2020-07-01,P,PE,4.75
2020-07-01,P,PI,4.12
2020-07-01,P,RJ,4.57
2020-07-01,P,RN,4.42
2020-07-01,P,RS,2.42
2020-07-01,P,RO,2.48
2020-07-01,P,RR,3.85
2020-07-01,P,SC,2.37
2020-07-01,P,SP,3.01
2020-07-01,P,SE,3.61
2020-07-01,P,TO,3.15
2020-08-01,P,AC,2.94
2020-08-01,P,AL,4.29
2020-08-01,P,AP,4.23
2020-08-01,P,AM,3.82
2020-08-01,P,BA,3.99
2020-08-01,P,CE,3.99
2020-08-01,P,DF,2.69
2020-08-01,P,ES,3.29
2020-08-01,P,GO,2.54
2020-08-01,P,MA,4.15
2020-08-01,P,MT,2.17
2020-08-01,P,MS,2.22
2020-08-01,P,MG,2.54
2020-08-01,P,PA,3.66
2020-08-01,P,PB,3.83
2020-08-01,P,PR,2.33
2020-08-01,P,PE,4.54
2020-08-01,P,PI,3.88
2020-08-01,P,RJ,4.38
2020-08-01,P,RN,4.16
2020-08-01,P,RS,2.27
2020-08-01,P,RO,2.34
2020-08-01,P,RR,3.71
2020-08-01,P,SC,2.25
2020-08-01,P,SP,2.81
2020-08-01,P,SE,3.44
2020-08-01,P,TO,3.02
2020-09-01,P,AC,2.67
2020-09-01,P,AL,3.98
2020-09-01,P,AP,3.89
2020-09-01,P,AM,3.53
2020-09-01,P,BA,3.66
2020-09-01,P,CE,3.64
2020-09-01,P,DF,2.46
2020-09-01,P,ES,3.01
2020-09-01,P,GO,2.36
2020-09-01,P,MA,3.99
2020-09-01,P,MT,1.85
2020-09-01,P,MS,2.02
2020-09-01,P,MG,2.33
2020-09-01,P,PA,3.29
2020-09-01,P,PB,3.55
2020-09-01,P,PR,2.15
2020-09-01,P,PE,4.24
2020-09-01,P,PI,3.52
2020-09-01,P,RJ,4.15
2020-09-01,P,RN,3.88
2020-09-01,P,RS,2.15
2020-09-01,P,RO,2.13
2020-09-01,P,RR,3.41
2020-09-01,P,SC,2.07
2020-09-01,P,SP,2.60
2020-09-01,P,SE,3.13
2020-09-01,P,TO,2.81
2020-10-01,P,AC,2.51
2020-10-01,P,AL,3.80
2020-10-01,P,AP,3.73
2020-10-01,P,AM,3.40
2020-10-01,P,BA,3.51
2020-10-01,P,CE,3.49
2020-10-01,P,DF,2.41
2020-10-01,P,ES,2.87
2020-10-01,P,GO,2.31
2020-10-01,P,MA,3.83
2020-10-01,P,MT,1.79
2020-10-01,P,MS,1.96
2020-10-01,P,MG,2.25
2020-10-01,P,PA,3.16
2020-10-01,P,PB,3.49
2020-10-01,P,PR,2.06
2020-10-01,P,PE,4.05
2020-10-01,P,PI,3.36
2020-10-01,P,RJ,4.04
2020-10-01,P,RN,3.75
2020-10-01,P,RS,2.12
2020-10-01,P,RO,2.04
2020-10-01,P,RR,3.38
2020-10-01,P,SC,2.01
2020-10-01,P,SP,2.51
2020-10-01,P,SE,3.00
2020-10-01,P,TO,2.65
2020-11-01,P,AC,2.35
2020-11-01,P,AL,3.65
2020-11-01,P,AP,3.83
2020-11-01,P,AM,3.36
2020-11-01,P,BA,3.42
2020-11-01,P,CE,3.33
2020-11-01,P,DF,2.47
2020-11-01,P,ES,2.70
2020-11-01,P,GO,2.37
2020-11-01,P,MA,3.61
2020-11-01,P,MT,1.71
2020-11-01,P,MS,1.89
2020-11-01,P,MG,2.25
2020-11-01,P,PA,3.08
2020-11-01,P,PB,3.41
2020-11-01,P,PR,2.06
2020-11-01,P,PE,3.93
2020-11-01,P,PI,3.21
2020-11-01,P,RJ,4.17
2020-11-01,P,RN,3.68
2020-11-01,P,RS,2.07
2020-11-01,P,RO,1.96
2020-11-01,P,RR,3.36
2020-11-01,P,SC,1.97
2020-11-01,P,SP,2.50
2020-11-01,P,SE,2.84
2020-11-01,P,TO,2.58
2020-12-01,P,AC,2.30
2020-12-01,P,AL,3.45
2020-12-01,P,AP,3.71
2020-12-01,P,AM,3.26
2020-12-01,P,BA,3.26
2020-12-01,P,CE,3.16
2020-12-01,P,DF,2.39
2020-12-01,P,ES,2.55
2020-12-01,P,GO,2.22
2020-12-01,P,MA,3.40
2020-12-01,P,MT,1.63
2020-12-01,P,MS,1.79
2020-12-01,P,MG,2.15
2020-12-01,P,PA,2.93
2020-12-01,P,PB,3.19
2020-12-01,P,PR,1.98
2020-12-01,P,PE,3.78
2020-12-01,P,PI,2.98
2020-12-01,P,RJ,4.15
2020-12-01,P,RN,3.49
2020-12-01,P,RS,1.89
2020-12-01,P,RO,1.85
2020-12-01,P,RR,3.12
2020-12-01,P,SC,1.87
2020-12-01,P,SP,2.45
2020-12-01,P,SE,2.72
2020-12-01,P,TO,2.43
2021-01-01,P,AC,2.36
2021-01-01,P,AL,3.41
2021-01-01,P,AP,3.67
2021-01-01,P,AM,3.44
2021-01-01,P,BA,3.30
2021-01-01,P,CE,3.14
2021-01-01,P,DF,2.45
2021-01-01,P,ES,2.64
2021-01-01,P,GO,2.33
2021-01-01,P,MA,3.44
2021-01-01,P,MT,1.67
2021-01-01,P,MS,1.81
2021-01-01,P,MG,2.25
2021-01-01,P,PA,2.94
2021-01-01,P,PB,3.19
2021-01-01,P,PR,2.08
2021-01-01,P,PE,3.79
2021-01-01,P,PI,3.01
2021-01-01,P,RJ,4.25
2021-01-01,P,RN,3.51
2021-01-01,P,RS,1.96
2021-01-01,P,RO,1.88
2021-01-01,P,RR,3.13
2021-01-01,P,SC,1.95
2021-01-01,P,SP,2.52
2021-01-01,P,SE,2.72
2021-01-01,P,TO,2.51
2021-02-01,P,AC,2.34
2021-02-01,P,AL,3.45
2021-02-01,P,AP,3.60
2021-02-01,P,AM,3.53
2021-02-01,P,BA,3.37
2021-02-01,P,CE,3.16
2021-02-01,P,DF,2.53
2021-02-01,P,ES,2.70
2021-02-01,P,GO,2.44
2021-02-01,P,MA,3.50
2021-02-01,P,MT,1.69
2021-02-01,P,MS,1.87
2021-02-01,P,MG,2.35
2021-02-01,P,PA,2.95
2021-02-01,P,PB,3.24
2021-02-01,P,PR,2.16
2021-02-01,P,PE,3.79
2021-02-01,P,PI,3.09
2021-02-01,P,RJ,4.30
2021-02-01,P,RN,3.57
2021-02-01,P,RS,2.03
2021-02-01,P,RO,1.89
2021-02-01,P,RR,3.07
2021-02-01,P,SC,2.01
2021-02-01,P,SP,2.57
2021-02-01,P,SE,2.81
2021-02-01,P,TO,2.57
2021-03-01,P,AC,2.44
2021-03-01,P,AL,3.32
2021-03-01,P,AP,3.56
2021-03-01,P,AM,3.53
2021-03-01,P,BA,3.37
2021-03-01,P,CE,3.20
2021-03-01,P,DF,2.53
2021-03-01,P,ES,2.63
2021-03-01,P,GO,2.40
2021-03-01,P,MA,3.25
2021-03-01,P,MT,1.62
2021-03-01,P,MS,1.86
2021-03-01,P,MG,2.37
2021-03-01,P,PA,2.93
2021-03-01,P,PB,3.20
2021-03-01,P,PR,2.11
2021-03-01,P,PE,3.70
2021-03-01,P,PI,3.08
2021-03-01,P,RJ,4.22
2021-03-01,P,RN,3.51
2021-03-01,P,RS,1.99
2021-03-01,P,RO,1.85
2021-03-01,P,RR,3.01
2021-03-01,P,SC,1.97
2021-03-01,P,SP,2.54
2021-03-01,P,SE,2.71
2021-03-01,P,TO,2.49
2021-04-01,P,AC,2.49
2021-04-01,P,AL,3.41
2021-04-01,P,AP,3.55
2021-04-01,P,AM,3.66
2021-04-01,P,BA,3.43
2021-04-01,P,CE,3.27
2021-04-01,P,DF,2.56
2021-04-01,P,ES,2.72
2021-04-01,P,GO,2.46
2021-04-01,P,MA,3.15
2021-04-01,P,MT,1.65
2021-04-01,P,MS,1.92
2021-04-01,P,MG,2.43
2021-04-01,P,PA,2.95
2021-04-01,P,PB,3.30
2021-04-01,P,PR,2.15
2021-04-01,P,PE,3.72
2021-04-01,P,PI,3.15
2021-04-01,P,RJ,4.28
2021-04-01,P,RN,3.55
2021-04-01,P,RS,1.99
2021-04-01,P,RO,1.90
2021-04-01,P,RR,2.99
2021-04-01,P,SC,2.02
2021-04-01,P,SP,2.58
2021-04-01,P,SE,2.75
2021-04-01,P,TO,2.45
2021-05-01,P,AC,2.68
2021-05-01,P,AL,3.44
2021-05-01,P,AP,3.56
2021-05-01,P,AM,3.86
2021-05-01,P,BA,3.48
2021-05-01,P,CE,3.35
2021-05-01,P,DF,2.62
2021-05-01,P,ES,2.77
2021-05-01,P,GO,2.52
2021-05-01,P,MA,3.07
2021-05-01,P,MT,1.58
2021-05-01,P,MS,2.05
2021-05-01,P,MG,2.45
2021-05-01,P,PA,3.01
2021-05-01,P,PB,3.33
2021-05-01,P,PR,2.25
2021-05-01,P,PE,3.83
2021-05-01,P,PI,3.19
2021-05-01,P,RJ,4.40
2021-05-01,P,RN,3.60
2021-05-01,P,RS,2.05
2021-05-01,P,RO,1.87
2021-05-01,P,RR,2.91
2021-05-01,P,SC,2.09
2021-05-01,P,SP,2.65
2021-05-01,P,SE,2.76
2021-05-01,P,TO,2.48
2021-06-01,P,AC,2.59
2021-06-01,P,AL,3.33
2021-06-01,P,AP,3.36
2021-06-01,P,AM,3.74
2021-06-01,P,BA,3.35
2021-06-01,P,CE,3.24
2021-06-01,P,DF,2.54
2021-06-01,P,ES,2.65
2021-06-01,P,GO,2.30
2021-06-01,P,MA,2.91
2021-06-01,P,MT,1.51
2021-06-01,P,MS,1.98
2021-06-01,P,MG,2.32
2021-06-01,P,PA,2.87
2021-06-01,P,PB,3.22
2021-06-01,P,PR,2.15
2021-06-01,P,PE,3.77
2021-06-01,P,PI,3.06
2021-06-01,P,RJ,4.26
2021-06-01,P,RN,3.45
2021-06-01,P,RS,2.00
2021-06-01,P,RO,1.76
2021-06-01,P,RR,2.75
2021-06-01,P,SC,2.05
2021-06-01,P,SP,2.56
2021-06-01,P,SE,2.71
2021-06-01,P,TO,2.21
2021-07-01,P,AC,2.66
2021-07-01,P,AL,3.38
2021-07-01,P,AP,3.37
2021-07-01,P,AM,3.77
2021-07-01,P,BA,3.44
2021-07-01,P,CE,3.29
2021-07-01,P,DF,2.61
2021-07-01,P,ES,2.72
2021-07-01,P,GO,2.34
2021-07-01,P,MA,2.83
2021-07-01,P,MT,1.63
2021-07-01,P,MS,2.05
2021-07-01,P,MG,2.35
2021-07-01,P,PA,2.91
2021-07-01,P,PB,3.29
2021-07-01,P,PR,2.17
2021-07-01,P,PE,3.89
2021-07-01,P,PI,3.09
2021-07-01,P,RJ,4.31
2021-07-01,P,RN,3.53
2021-07-01,P,RS,2.02
2021-07-01,P,RO,1.74
2021-07-01,P,RR,2.86
2021-07-01,P,SC,2.08
2021-07-01,P,SP,2.61
2021-07-01,P,SE,2.82
2021-07-01,P,TO,2.33
2021-08-01,P,AC,2.63
2021-08-01,P,AL,3.47
2021-08-01,P,AP,3.25
2021-08-01,P,AM,3.79
2021-08-01,P,BA,3.46
2021-08-01,P,CE,3.37
2021-08-01,P,DF,2.64
2021-08-01,P,ES,2.72
2021-08-01,P,GO,2.34
2021-08-01,P,MA,2.91
2021-08-01,P,MT,1.72
2021-08-01,P,MS,2.09
2021-08-01,P,MG,2.38
2021-08-01,P,PA,2.92
2021-08-01,P,PB,3.32
2021-08-01,P,PR,2.15
2021-08-01,P,PE,3.97
2021-08-01,P,PI,3.13
2021-08-01,P,RJ,4.33
2021-08-01,P,RN,3.57
2021-08-01,P,RS,2.01
2021-08-01,P,RO,1.79
2021-08-01,P,RR,2.92
2021-08-01,P,SC,2.08
2021-08-01,P,SP,2.60
2021-08-01,P,SE,2.88
2021-08-01,P,TO,2.30
2021-09-01,P,AC,2.55
2021-09-01,P,AL,3.57
2021-09-01,P,AP,3.20
2021-09-01,P,AM,3.73
2021-09-01,P,BA,3.47
2021-09-01,P,CE,3.42
2021-09-01,P,DF,2.64
2021-09-01,P,ES,2.71
2021-09-01,P,GO,2.33
2021-09-01,P,MA,2.98
2021-09-01,P,MT,1.67
2021-09-01,P,MS,2.06
2021-09-01,P,MG,2.39
2021-09-01,P,PA,2.92
2021-09-01,P,PB,3.39
2021-09-01,P,PR,2.13
2021-09-01,P,PE,4.04
2021-09-01,P,PI,3.20
2021-09-01,P,RJ,4.31
2021-09-01,P,RN,3.61
2021-09-01,P,RS,2.04
2021-09-01,P,RO,1.77
2021-09-01,P,RR,2.95
2021-09-01,P,SC,2.08
2021-09-01,P,SP,2.58
2021-09-01,P,SE,2.92
2021-09-01,P,TO,2.33
2021-10-01,P,AC,2.59
2021-10-01,P,AL,3.61
2021-10-01,P,AP,3.17
2021-10-01,P,AM,3.80
2021-10-01,P,BA,3.43
2021-10-01,P,CE,3.47
2021-10-01,P,DF,2.63
2021-10-01,P,ES,2.74
2021-10-01,P,GO,2.26
2021-10-01,P,MA,3.02
2021-10-01,P,MT,1.63
2021-10-01,P,MS,2.01
2021-10-01,P,MG,2.39
2021-10-01,P,PA,2.98
2021-10-01,P,PB,3.46
2021-10-01,P,PR,2.13
2021-10-01,P,PE,4.12
2021-10-01,P,PI,3.24
2021-10-01,P,RJ,4.30
2021-10-01,P,RN,3.56
2021-10-01,P,RS,2.01
2021-10-01,P,RO,1.79
2021-10-01,P,RR,2.99
2021-10-01,P,SC,2.07
2021-10-01,P,SP,2.60
2021-10-01,P,SE,2.90
2021-10-01,P,TO,2.28
2021-11-01,P,AC,2.75
2021-11-01,P,AL,3.70
2021-11-01,P,AP,3.25
2021-11-01,P,AM,3.83
2021-11-01,P,BA,3.47
2021-11-01,P,CE,3.55
2021-11-01,P,DF,2.67
2021-11-01,P,ES,2.78
2021-11-01,P,GO,2.25
2021-11-01,P,MA,3.09
2021-11-01,P,MT,1.61
2021-11-01,P,MS,2.01
2021-11-01,P,MG,2.41
2021-11-01,P,PA,3.04
2021-11-01,P,PB,3.54
2021-11-01,P,PR,2.18
2021-11-01,P,PE,4.15
2021-11-01,P,PI,3.34
2021-11-01,P,RJ,4.39
2021-11-01,P,RN,3.62
2021-11-01,P,RS,2.01
2021-11-01,P,RO,1.80
2021-11-01,P,RR,2.93
2021-11-01,P,SC,2.11
2021-11-01,P,SP,2.65
2021-11-01,P,SE,2.95
2021-11-01,P,TO,2.22
2021-12-01,P,AC,2.61
2021-12-01,P,AL,3.80
2021-12-01,P,AP,3.33
2021-12-01,P,AM,3.81
2021-12-01,P,BA,3.51
2021-12-01,P,CE,3.62
2021-12-01,P,DF,2.72
2021-12-01,P,ES,2.72
2021-12-01,P,GO,2.26
2021-12-01,P,MA,3.11
2021-12-01,P,MT,1.62
2021-12-01,P,MS,1.96
2021-12-01,P,MG,2.40
2021-12-01,P,PA,3.07
2021-12-01,P,PB,3.60
2021-12-01,P,PR,2.20
2021-12-01,P,PE,4.26
2021-12-01,P,PI,3.41
2021-12-01,P,RJ,4.46
2021-12-01,P,RN,3.68
2021-12-01,P,RS,1.99
2021-12-01,P,RO,1.77
2021-12-01,P,RR,2.89
2021-12-01,P,SC,2.15
2021-12-01,P,SP,2.64
2021-12-01,P,SE,3.00
2021-12-01,P,TO,2.18
2022-01-01,P,AC,2.71
2022-01-01,P,AL,4.09
2022-01-01,P,AP,3.53
2022-01-01,P,AM,4.02
2022-01-01,P,BA,3.80
2022-01-01,P,CE,3.92
2022-01-01,P,DF,2.93
2022-01-01,P,ES,2.92
2022-01-01,P,GO,2.44
2022-01-01,P,MA,3.31
2022-01-01,P,MT,1.75
2022-01-01,P,MS,2.07
2022-01-01,P,MG,2.57
2022-01-01,P,PA,3.28
2022-01-01,P,PB,3.93
2022-01-01,P,PR,2.36
2022-01-01,P,PE,4.63
2022-01-01,P,PI,3.72
2022-01-01,P,RJ,4.90
2022-01-01,P,RN,4.09
2022-01-01,P,RS,2.13
2022-01-01,P,RO,1.86
2022-01-01,P,RR,3.00
2022-01-01,P,SC,2.27
2022-01-01,P,SP,2.83
2022-01-01,P,SE,3.31
2022-01-01,P,TO,2.28
2022-02-01,P,AC,2.76
2022-02-01,P,AL,4.28
2022-02-01,P,AP,3.58
2022-02-01,P,AM,4.07
2022-02-01,P,BA,3.95
2022-02-01,P,CE,4.12
2022-02-01,P,DF,3.09
2022-02-01,P,ES,3.07
2022-02-01,P,GO,2.58
2022-02-01,P,MA,3.46
2022-02-01,P,MT,1.78
2022-02-01,P,MS,2.11
2022-02-01,P,MG,2.69
2022-02-01,P,PA,3.40
2022-02-01,P,PB,4.17
2022-02-01,P,PR,2.47
2022-02-01,P,PE,4.86
2022-02-01,P,PI,3.96
2022-02-01,P,RJ,5.11
2022-02-01,P,RN,4.35
2022-02-01,P,RS,2.23
2022-02-01,P,RO,1.89
2022-02-01,P,RR,3.06
2022-02-01,P,SC,2.38
2022-02-01,P,SP,2.95
2022-02-01,P,SE,3.53
2022-02-01,P,TO,2.37
2022-03-01,P,AC,2.81
2022-03-01,P,AL,4.35
2022-03-01,P,AP,3.73
2022-03-01,P,AM,4.25
2022-03-01,P,BA,4.04
2022-03-01,P,CE,4.20
2022-03-01,P,DF,3.20
2022-03-01,P,ES,3.09
2022-03-01,P,GO,2.66
2022-03-01,P,MA,3.49
2022-03-01,P,MT,1.74
2022-03-01,P,MS,2.14
2022-03-01,P,MG,2.72
2022-03-01,P,PA,3.49
2022-03-01,P,PB,4.26
2022-03-01,P,PR,2.45
2022-03-01,P,PE,4.97
2022-03-01,P,PI,4.04
2022-03-01,P,RJ,5.28
2022-03-01,P,RN,4.42
2022-03-01,P,RS,2.24
2022-03-01,P,RO,1.90
2022-03-01,P,RR,3.03
2022-03-01,P,SC,2.39
2022-03-01,P,SP,2.96
2022-03-01,P,SE,3.61
2022-03-01,P,TO,2.41
2022-04-01,P,AC,2.85
2022-04-01,P,AL,4.40
2022-04-01,P,AP,3.89
2022-04-01,P,AM,4.40
2022-04-01,P,BA,4.14
2022-04-01,P,CE,4.32
2022-04-01,P,DF,3.32
2022-04-01,P,ES,3.16
2022-04-01,P,GO,2.71
2022-04-01,P,MA,3.50
2022-04-01,P,MT,1.68
2022-04-01,P,MS,2.20
2022-04-01,P,MG,2.79
2022-04-01,P,PA,3.57
2022-04-01,P,PB,4.29
2022-04-01,P,PR,2.47
2022-04-01,P,PE,5.06
2022-04-01,P,PI,4.14
2022-04-01,P,RJ,5.49
2022-04-01,P,RN,4.48
2022-04-01,P,RS,2.25
2022-04-01,P,RO,1.93
2022-04-01,P,RR,3.10
2022-04-01,P,SC,2.46
2022-04-01,P,SP,3.02
2022-04-01,P,SE,3.68
2022-04-01,P,TO,2.44
2022-05-01,P,AC,3.00
2022-05-01,P,AL,4.51
2022-05-01,P,AP,4.09
2022-05-01,P,AM,4.57
2022-05-01,P,BA,4.31
2022-05-01,P,CE,4.47
2022-05-01,P,DF,3.43
2022-05-01,P,ES,3.18
2022-05-01,P,GO,2.71
2022-05-01,P,MA,3.49
2022-05-01,P,MT,1.68
2022-05-01,P,MS,2.27
2022-05-01,P,MG,2.87
2022-05-01,P,PA,3.67
2022-05-01,P,PB,4.39
2022-05-01,P,PR,2.52
2022-05-01,P,PE,5.25
2022-05-01,P,PI,4.29
2022-05-01,P,RJ,5.66
2022-05-01,P,RN,4.58
2022-05-01,P,RS,2.33
2022-05-01,P,RO,2.00
2022-05-01,P,RR,3.27
2022-05-01,P,SC,2.53
2022-05-01,P,SP,3.10
2022-05-01,P,SE,3.75
2022-05-01,P,TO,2.48
2022-06-01,P,AC,2.91
2022-06-01,P,AL,4.44
2022-06-01,P,AP,3.98
2022-06-01,P,AM,4.56
2022-06-01,P,BA,4.30
2022-06-01,P,CE,4.41
2022-06-01,P,DF,3.29
2022-06-01,P,ES,3.11
2022-06-01,P,GO,2.58
2022-06-01,P,MA,3.51
2022-06-01,P,MT,1.57
2022-06-01,P,MS,2.15
2022-06-01,P,MG,2.74
2022-06-01,P,PA,3.63
2022-06-01,P,PB,4.28
2022-06-01,P,PR,2.48
2022-06-01,P,PE,5.20
2022-06-01,P,PI,4.19
2022-06-01,P,RJ,5.59
2022-06-01,P,RN,4.52
2022-06-01,P,RS,2.29
2022-06-01,P,RO,1.97
2022-06-01,P,RR,3.19
2022-06-01,P,SC,2.51
2022-06-01,P,SP,3.02
2022-06-01,P,SE,3.65
2022-06-01,P,TO,2.39
2022-07-01,P,AC,3.04
2022-07-01,P,AL,4.64
2022-07-01,P,AP,4.20
2022-07-01,P,AM,4.83
2022-07-01,P,BA,4.53
2022-07-01,P,CE,4.63
2022-07-01,P,DF,3.46
2022-07-01,P,ES,3.28
2022-07-01,P,GO,2.69
2022-07-01,P,MA,3.68
2022-07-01,P,MT,1.65
2022-07-01,P,MS,2.22
2022-07-01,P,MG,2.86
2022-07-01,P,PA,3.79
2022-07-01,P,PB,4.50
2022-07-01,P,PR,2.59
2022-07-01,P,PE,5.38
2022-07-01,P,PI,4.35
2022-07-01,P,RJ,5.81
2022-07-01,P,RN,4.68
2022-07-01,P,RS,2.39
2022-07-01,P,RO,2.07
2022-07-01,P,RR,3.37
2022-07-01,P,SC,2.63
2022-07-01,P,SP,3.16
2022-07-01,P,SE,3.81
2022-07-01,P,TO,2.55
2022-08-01,P,AC,3.18
2022-08-01,P,AL,4.76
2022-08-01,P,AP,4.26
2022-08-01,P,AM,4.99
2022-08-01,P,BA,4.63
2022-08-01,P,CE,4.77
2022-08-01,P,DF,3.54
2022-08-01,P,ES,3.30
2022-08-01,P,GO,2.70
2022-08-01,P,MA,3.78
2022-08-01,P,MT,1.70
2022-08-01,P,MS,2.24
2022-08-01,P,MG,2.94
2022-08-01,P,PA,3.83
2022-08-01,P,PB,4.60
2022-08-01,P,PR,2.59
2022-08-01,P,PE,5.51
2022-08-01,P,PI,4.47
2022-08-01,P,RJ,5.89
2022-08-01,P,RN,4.73
2022-08-01,P,RS,2.38
2022-08-01,P,RO,2.08
2022-08-01,P,RR,3.45
2022-08-01,P,SC,2.66
2022-08-01,P,SP,3.21
2022-08-01,P,SE,3.90
2022-08-01,P,TO,2.60
2022-09-01,P,AC,3.24
2022-09-01,P,AL,4.83
2022-09-01,P,AP,4.19
2022-09-01,P,AM,5.09
2022-09-01,P,BA,4.70
2022-09-01,P,CE,4.83
2022-09-01,P,DF,3.63
2022-09-01,P,ES,3.32
2022-09-01,P,GO,2.71
2022-09-01,P,MA,3.82
2022-09-01,P,MT,1.66
2022-09-01,P,MS,2.25
2022-09-01,P,MG,2.95
2022-09-01,P,PA,3.87
2022-09-01,P,PB,4.58
2022-09-01,P,PR,2.59
2022-09-01,P,PE,5.51
2022-09-01,P,PI,4.52
2022-09-01,P,RJ,5.89
2022-09-01,P,RN,4.74
2022-09-01,P,RS,2.39
2022-09-01,P,RO,2.09
2022-09-01,P,RR,3.46
2022-09-01,P,SC,2.66
2022-09-01,P,SP,3.24
2022-09-01,P,SE,3.93
2022-09-01,P,TO,2.54
2022-10-01,P,AC,3.35
2022-10-01,P,AL,4.90
2022-10-01,P,AP,4.18
2022-10-01,P,AM,5.24
2022-10-01,P,BA,4.84
2022-10-01,P,CE,4.97
2022-10-01,P,DF,3.77
2022-10-01,P,ES,3.41
2022-10-01,P,GO,2.82
2022-10-01,P,MA,3.91
2022-10-01,P,MT,1.71
2022-10-01,P,MS,2.30
2022-10-01,P,MG,3.05
2022-10-01,P,PA,3.99
2022-10-01,P,PB,4.73
2022-10-01,P,PR,2.68
2022-10-01,P,PE,5.59
2022-10-01,P,PI,4.64
2022-10-01,P,RJ,5.98
2022-10-01,P,RN,4.84
2022-10-01,P,RS,2.45
2022-10-01,P,RO,2.19
2022-10-01,P,RR,3.52
2022-10-01,P,SC,2.73
2022-10-01,P,SP,3.36
2022-10-01,P,SE,4.03
2022-10-01,P,TO,2.55
2022-11-01,P,AC,3.29
2022-11-01,P,AL,4.90
2022-11-01,P,AP,4.05
2022-11-01,P,AM,5.21
2022-11-01,P,BA,4.76
2022-11-01,P,CE,4.92
2022-11-01,P,DF,3.85
2022-11-01,P,ES,3.40
2022-11-01,P,GO,2.85
2022-11-01,P,MA,3.87
2022-11-01,P,MT,1.72
2022-11-01,P,MS,2.34
2022-11-01,P,MG,3.07
2022-11-01,P,PA,3.95
2022-11-01,P,PB,4.76
2022-11-01,P,PR,2.69
2022-11-01,P,PE,5.55
2022-11-01,P,PI,4.62
2022-11-01,P,RJ,5.89
2022-11-01,P,RN,4.88
2022-11-01,P,RS,2.44
2022-11-01,P,RO,2.20
2022-11-01,P,RR,3.55
2022-11-01,P,SC,2.77
2022-11-01,P,SP,3.38
2022-11-01,P,SE,4.05
2022-11-01,P,TO,2.58
2022-12-01,P,AC,3.33
2022-12-01,P,AL,4.96
2022-12-01,P,AP,4.01
2022-12-01,P,AM,5.33
2022-12-01,P,BA,4.81
2022-12-01,P,CE,4.96
2022-12-01,P,DF,3.85
2022-12-01,P,ES,3.41
2022-12-01,P,GO,2.84
2022-12-01,P,MA,3.92
2022-12-01,P,MT,1.74
2022-12-01,P,MS,2.38
2022-12-01,P,MG,3.07
2022-12-01,P,PA,3.98
2022-12-01,P,PB,4.77
2022-12-01,P,PR,2.70
2022-12-01,P,PE,5.62
2022-12-01,P,PI,4.50
2022-12-01,P,RJ,5.94
2022-12-01,P,RN,4.92
2022-12-01,P,RS,2.42
2022-12-01,P,RO,2.24
2022-12-01,P,RR,3.56
2022-12-01,P,SC,2.77
2022-12-01,P,SP,3.44
2022-12-01,P,SE,4.06
2022-12-01,P,TO,2.59
2023-01-01,P,AC,3.42
2023-01-01,P,AL,5.09
2023-01-01,P,AP,4.02
2023-01-01,P,AM,5.65
2023-01-01,P,BA,5.01
2023-01-01,P,CE,5.14
2023-01-01,P,DF,4.00
2023-01-01,P,ES,3.53
2023-01-01,P,GO,2.97
2023-01-01,P,MA,4.02
2023-01-01,P,MT,1.84
2023-01-01,P,MS,2.53
2023-01-01,P,MG,3.17
2023-01-01,P,PA,4.16
2023-01-01,P,PB,4.93
2023-01-01,P,PR,2.83
2023-01-01,P,PE,5.79
2023-01-01,P,PI,4.59
2023-01-01,P,RJ,6.12
2023-01-01,P,RN,5.08
2023-01-01,P,RS,2.52
2023-01-01,P,RO,2.35
2023-01-01,P,RR,3.62
2023-01-01,P,SC,2.90
2023-01-01,P,SP,3.63
2023-01-01,P,SE,4.18
2023-01-01,P,TO,2.73
2023-02-01,P,AC,3.46
2023-02-01,P,AL,5.22
2023-02-01,P,AP,4.03
2023-02-01,P,AM,5.73
2023-02-01,P,BA,5.13
2023-02-01,P,CE,5.27
2023-02-01,P,DF,4.12
2023-02-01,P,ES,3.61
2023-02-01,P,GO,3.06
2023-02-01,P,MA,4.16
2023-02-01,P,MT,1.88
2023-02-01,P,MS,2.58
2023-02-01,P,MG,3.25
2023-02-01,P,PA,4.23
2023-02-01,P,PB,5.06
2023-02-01,P,PR,2.88
2023-02-01,P,PE,5.91
2023-02-01,P,PI,4.69
2023-02-01,P,RJ,6.20
2023-02-01,P,RN,5.31
2023-02-01,P,RS,2.60
2023-02-01,P,RO,2.42
2023-02-01,P,RR,3.69
2023-02-01,P,SC,2.98
2023-02-01,P,SP,3.73
2023-02-01,P,SE,4.32
2023-02-01,P,TO,2.79
2023-03-01,P,AC,3.34
2023-03-01,P,AL,5.18
2023-03-01,P,AP,4.02
2023-03-01,P,AM,5.67
2023-03-01,P,BA,5.07
2023-03-01,P,CE,5.27
2023-03-01,P,DF,4.05
2023-03-01,P,ES,3.52
2023-03-01,P,GO,3.05
2023-03-01,P,MA,4.12
2023-03-01,P,MT,1.85
2023-03-01,P,MS,2.57
2023-03-01,P,MG,3.20
2023-03-01,P,PA,4.20
2023-03-01,P,PB,5.02
2023-03-01,P,PR,2.82
2023-03-01,P,PE,5.86
2023-03-01,P,PI,4.66
2023-03-01,P,RJ,6.07
2023-03-01,P,RN,5.42
2023-03-01,P,RS,2.56
2023-03-01,P,RO,2.43
2023-03-01,P,RR,3.65
2023-03-01,P,SC,2.94
2023-03-01,P,SP,3.68
2023-03-01,P,SE,4.33
2023-03-01,P,TO,2.66
2023-04-01,P,AC,3.39
2023-04-01,P,AL,5.39
2023-04-01,P,AP,4.08
2023-04-01,P,AM,5.90
2023-04-01,P,BA,5.26
2023-04-01,P,CE,5.47
2023-04-01,P,DF,4.16
2023-04-01,P,ES,3.62
2023-04-01,P,GO,3.21
2023-04-01,P,MA,4.29
2023-04-01,P,MT,1.97
2023-04-01,P,MS,2.71
2023-04-01,P,MG,3.32
2023-04-01,P,PA,4.29
2023-04-01,P,PB,5.21
2023-04-01,P,PR,2.97
2023-04-01,P,PE,6.04
2023-04-01,P,PI,4.80
2023-04-01,P,RJ,6.23
2023-04-01,P,RN,5.71
2023-04-01,P,RS,2.66
2023-04-01,P,RO,2.56
2023-04-01,P,RR,3.77
2023-04-01,P,SC,3.03
2023-04-01,P,SP,3.82
2023-04-01,P,SE,4.53
2023-04-01,P,TO,2.74
2023-05-01,P,AC,3.63
2023-05-01,P,AL,5.52
2023-05-01,P,AP,4.35
2023-05-01,P,AM,6.14
2023-05-01,P,BA,5.40
2023-05-01,P,CE,5.60
2023-05-01,P,DF,4.27
2023-05-01,P,ES,3.69
2023-05-01,P,GO,3.28
2023-05-01,P,MA,4.30
2023-05-01,P,MT,2.04
2023-05-01,P,MS,2.78
2023-05-01,P,MG,3.40
2023-05-01,P,PA,4.43
2023-05-01,P,PB,5.31
2023-05-01,P,PR,3.09
2023-05-01,P,PE,6.20
2023-05-01,P,PI,4.84
2023-05-01,P,RJ,6.33
2023-05-01,P,RN,5.84
2023-05-01,P,RS,2.73
2023-05-01,P,RO,2.63
2023-05-01,P,RR,3.91
2023-05-01,P,SC,3.11
2023-05-01,P,SP,3.92
2023-05-01,P,SE,4.72
2023-05-01,P,TO,2.79
2023-06-01,P,AC,3.53
2023-06-01,P,AL,5.28
2023-06-01,P,AP,4.24
2023-06-01,P,AM,5.98
2023-06-01,P,BA,5.24
2023-06-01,P,CE,5.39
2023-06-01,P,DF,4.16
2023-06-01,P,ES,3.55
2023-06-01,P,GO,3.18
2023-06-01,P,MA,4.17
2023-06-01,P,MT,1.99
2023-06-01,P,MS,2.71
2023-06-01,P,MG,3.30
2023-06-01,P,PA,4.32
2023-06-01,P,PB,5.09
2023-06-01,P,PR,2.99
2023-06-01,P,PE,6.02
2023-06-01,P,PI,4.68
2023-06-01,P,RJ,6.16
2023-06-01,P,RN,5.61
2023-06-01,P,RS,2.65
2023-06-01,P,RO,2.61
2023-06-01,P,RR,3.92
2023-06-01,P,SC,3.01
2023-06-01,P,SP,3.79
2023-06-01,P,SE,4.52
2023-06-01,P,TO,2.70
2023-07-01,P,AC,3.57
2023-07-01,P,AL,5.29
2023-07-01,P,AP,4.26
2023-07-01,P,AM,6.05
2023-07-01,P,BA,5.33
2023-07-01,P,CE,5.42
2023-07-01,P,DF,4.22
2023-07-01,P,ES,3.57
2023-07-01,P,GO,3.28
2023-07-01,P,MA,4.19
2023-07-01,P,MT,2.06
2023-07-01,P,MS,2.85
2023-07-01,P,MG,3.34
2023-07-01,P,PA,4.39
2023-07-01,P,PB,5.12
2023-07-01,P,PR,3.03
2023-07-01,P,PE,6.10
2023-07-01,P,PI,4.68
2023-07-01,P,RJ,6.18
2023-07-01,P,RN,5.67
2023-07-01,P,RS,2.74
2023-07-01,P,RO,2.67
2023-07-01,P,RR,3.98
2023-07-01,P,SC,3.04
2023-07-01,P,SP,3.81
2023-07-01,P,SE,4.62
2023-07-01,P,TO,2.81
2023-08-01,P,AC,3.46
2023-08-01,P,AL,5.11
2023-08-01,P,AP,4.14
2023-08-01,P,AM,5.99
2023-08-01,P,BA,5.24
2023-08-01,P,CE,5.32
2023-08-01,P,DF,4.17
2023-08-01,P,ES,3.52
2023-08-01,P,GO,3.28
2023-08-01,P,MA,4.16
2023-08-01,P,MT,2.06
2023-08-01,P,MS,2.86
2023-08-01,P,MG,3.33
2023-08-01,P,PA,4.36
2023-08-01,P,PB,5.02
2023-08-01,P,PR,3.02
2023-08-01,P,PE,6.02
2023-08-01,P,PI,4.55
2023-08-01,P,RJ,6.08
2023-08-01,P,RN,5.55
2023-08-01,P,RS,2.68
2023-08-01,P,RO,2.65
2023-08-01,P,RR,3.92
2023-08-01,P,SC,3.00
2023-08-01,P,SP,3.76
2023-08-01,P,SE,4.55
2023-08-01,P,TO,2.86
2023-09-01,P,AC,3.39
2023-09-01,P,AL,4.96
2023-09-01,P,AP,4.06
2023-09-01,P,AM,5.92
2023-09-01,P,BA,5.12
2023-09-01,P,CE,5.15
2023-09-01,P,DF,4.07
2023-09-01,P,ES,3.42
2023-09-01,P,GO,3.20
2023-09-01,P,MA,4.21
2023-09-01,P,MT,2.02
2023-09-01,P,MS,2.81
2023-09-01,P,MG,3.23
2023-09-01,P,PA,4.30
2023-09-01,P,PB,4.88
2023-09-01,P,PR,2.91
2023-09-01,P,PE,5.87
2023-09-01,P,PI,4.45
2023-09-01,P,RJ,5.89
2023-09-01,P,RN,5.35
2023-09-01,P,RS,2.66
2023-09-01,P,RO,2.64
2023-09-01,P,RR,3.95
2023-09-01,P,SC,2.96
2023-09-01,P,SP,3.67
2023-09-01,P,SE,4.39
2023-09-01,P,TO,2.82
2023-10-01,P,AC,3.34
2023-10-01,P,AL,4.89
2023-10-01,P,AP,4.13
2023-10-01,P,AM,5.87
2023-10-01,P,BA,5.02
2023-10-01,P,CE,5.06
2023-10-01,P,DF,4.02
2023-10-01,P,ES,3.38
2023-10-01,P,GO,3.10
2023-10-01,P,MA,4.27
2023-10-01,P,MT,2.05
2023-10-01,P,MS,2.79
2023-10-01,P,MG,3.20
2023-10-01,P,PA,4.27
2023-10-01,P,PB,4.74
2023-10-01,P,PR,2.86
2023-10-01,P,PE,5.76
2023-10-01,P,PI,4.41
2023-10-01,P,RJ,5.78
2023-10-01,P,RN,5.27
2023-10-01,P,RS,2.64
2023-10-01,P,RO,2.66
2023-10-01,P,RR,3.97
2023-10-01,P,SC,2.93
2023-10-01,P,SP,3.61
2023-10-01,P,SE,4.37
2023-10-01,P,TO,2.77
2023-11-01,P,AC,3.31
2023-11-01,P,AL,4.74
2023-11-01,P,AP,4.05
2023-11-01,P,AM,5.61
2023-11-01,P,BA,4.81
2023-11-01,P,CE,4.84
2023-11-01,P,DF,3.89
2023-11-01,P,ES,3.24
2023-11-01,P,GO,3.02
2023-11-01,P,MA,4.25
2023-11-01,P,MT,2.02
2023-11-01,P,MS,2.70
2023-11-01,P,MG,3.13
2023-11-01,P,PA,4.22
2023-11-01,P,PB,4.56
2023-11-01,P,PR,2.79
2023-11-01,P,PE,5.51
2023-11-01,P,PI,4.31
2023-11-01,P,RJ,5.55
2023-11-01,P,RN,4.94
2023-11-01,P,RS,2.57
2023-11-01,P,RO,2.61
2023-11-01,P,RR,3.86
2023-11-01,P,SC,2.87
2023-11-01,P,SP,3.52
2023-11-01,P,SE,4.21
2023-11-01,P,TO,2.66
2023-12-01,P,AC,3.36
2023-12-01,P,AL,4.69
2023-12-01,P,AP,4.09
2023-12-01,P,AM,5.48
2023-12-01,P,BA,4.68
2023-12-01,P,CE,4.77
2023-12-01,P,DF,3.78
2023-12-01,P,ES,3.16
2023-12-01,P,GO,3.00
2023-12-01,P,MA,4.22
2023-12-01,P,MT,2.06
2023-12-01,P,MS,2.70
2023-12-01,P,MG,3.05
2023-12-01,P,PA,4.17
2023-12-01,P,PB,4.47
2023-12-01,P,PR,2.72
2023-12-01,P,PE,5.42
2023-12-01,P,PI,4.23
2023-12-01,P,RJ,5.33
2023-12-01,P,RN,4.76
2023-12-01,P,RS,2.49
2023-12-01,P,RO,2.68
2023-12-01,P,RR,3.83
2023-12-01,P,SC,2.82
2023-12-01,P,SP,3.41
2023-12-01,P,SE,4.14
2023-12-01,P,TO,2.56
2024-01-01,P,AC,3.49
2024-01-01,P,AL,4.64
2024-01-01,P,AP,4.09
2024-01-01,P,AM,5.40
2024-01-01,P,BA,4.68
2024-01-01,P,CE,4.74
2024-01-01,P,DF,3.83
2024-01-01,P,ES,3.21
2024-01-01,P,GO,3.14
2024-01-01,P,MA,4.29
2024-01-01,P,MT,2.11
2024-01-01,P,MS,2.90
2024-01-01,P,MG,3.09
2024-01-01,P,PA,4.16
2024-01-01,P,PB,4.46
2024-01-01,P,PR,2.76
2024-01-01,P,PE,5.36
2024-01-01,P,PI,4.27
2024-01-01,P,RJ,5.33
2024-01-01,P,RN,4.70
2024-01-01,P,RS,2.48
2024-01-01,P,RO,2.76
2024-01-01,P,RR,3.84
2024-01-01,P,SC,2.85
2024-01-01,P,SP,3.45
2024-01-01,P,SE,4.13
2024-01-01,P,TO,2.63
2024-02-01,P,AC,3.48
2024-02-01,P,AL,4.60
2024-02-01,P,AP,4.05
2024-02-01,P,AM,5.25
2024-02-01,P,BA,4.64
2024-02-01,P,CE,4.68
2024-02-01,P,DF,3.85
2024-02-01,P,ES,3.25
2024-02-01,P,GO,3.14
2024-02-01,P,MA,4.27
2024-02-01,P,MT,2.14
2024-02-01,P,MS,2.89
2024-02-01,P,MG,3.13
2024-02-01,P,PA,4.15
2024-02-01,P,PB,4.44
2024-02-01,P,PR,2.75
2024-02-01,P,PE,5.33
2024-02-01,P,PI,4.27
2024-02-01,P,RJ,5.25
2024-02-01,P,RN,4.66
2024-02-01,P,RS,2.51
2024-02-01,P,RO,2.78
2024-02-01,P,RR,3.84
2024-02-01,P,SC,2.84
2024-02-01,P,SP,3.43
2024-02-01,P,SE,4.07
2024-02-01,P,TO,2.76
2024-03-01,P,AC,3.43
2024-03-01,P,AL,4.58
2024-03-01,P,AP,4.01
2024-03-01,P,AM,5.18
2024-03-01,P,BA,4.57
2024-03-01,P,CE,4.69
2024-03-01,P,DF,3.85
2024-03-01,P,ES,3.21
2024-03-01,P,GO,3.16
2024-03-01,P,MA,4.31
2024-03-01,P,MT,2.16
2024-03-01,P,MS,2.94
2024-03-01,P,MG,3.10
2024-03-01,P,PA,4.09
2024-03-01,P,PB,4.41
2024-03-01,P,PR,2.74
2024-03-01,P,PE,5.27
2024-03-01,P,PI,4.25
2024-03-01,P,RJ,5.17
2024-03-01,P,RN,4.61
2024-03-01,P,RS,2.53
2024-03-01,P,RO,2.81
2024-03-01,P,RR,3.88
2024-03-01,P,SC,2.81
2024-03-01,P,SP,3.36
2024-03-01,P,SE,4.00
2024-03-01,P,TO,2.78
2024-04-01,P,AC,3.46
2024-04-01,P,AL,4.59
2024-04-01,P,AP,4.10
2024-04-01,P,AM,5.15
2024-04-01,P,BA,4.59
2024-04-01,P,CE,4.70
2024-04-01,P,DF,3.87
2024-04-01,P,ES,3.19
2024-04-01,P,GO,3.18
2024-04-01,P,MA,4.36
2024-04-01,P,MT,2.22
2024-04-01,P,MS,2.95
2024-04-01,P,MG,3.11
2024-04-01,P,PA,4.09
2024-04-01,P,PB,4.42
2024-04-01,P,PR,2.75
2024-04-01,P,PE,5.25
2024-04-01,P,PI,4.30
2024-04-01,P,RJ,5.13
2024-04-01,P,RN,4.61
2024-04-01,P,RS,2.53
2024-04-01,P,RO,2.85
2024-04-01,P,RR,3.84
2024-04-01,P,SC,2.81
2024-04-01,P,SP,3.41
2024-04-01,P,SE,4.03
2024-04-01,P,TO,2.78
2024-05-01,P,AC,3.54
2024-05-01,P,AL,4.68
2024-05-01,P,AP,4.22
2024-05-01,P,AM,5.26
2024-05-01,P,BA,4.58
2024-05-01,P,CE,4.75
2024-05-01,P,DF,3.88
2024-05-01,P,ES,3.18
2024-05-01,P,GO,3.23
2024-05-01,P,MA,4.35
2024-05-01,P,MT,2.31
2024-05-01,P,MS,3.07
2024-05-01,P,MG,3.16
2024-05-01,P,PA,4.15
2024-05-01,P,PB,4.44
2024-05-01,P,PR,2.83
2024-05-01,P,PE,5.24
2024-05-01,P,PI,4.35
2024-05-01,P,RJ,5.14
2024-05-01,P,RN,4.65
2024-05-01,P,RS,2.60
2024-05-01,P,RO,2.99
2024-05-01,P,RR,3.91
2024-05-01,P,SC,2.87
2024-05-01,P,SP,3.46
2024-05-01,P,SE,4.08
2024-05-01,P,TO,2.97
2024-06-01,P,AC,3.50
2024-06-01,P,AL,4.62
2024-06-01,P,AP,4.11
2024-06-01,P,AM,5.14
2024-06-01,P,BA,4.51
2024-06-01,P,CE,4.61
2024-06-01,P,DF,3.75
2024-06-01,P,ES,3.06
2024-06-01,P,GO,3.16
2024-06-01,P,MA,4.17
2024-06-01,P,MT,2.30
2024-06-01,P,MS,3.09
2024-06-01,P,MG,3.09
2024-06-01,P,PA,4.09
2024-06-01,P,PB,4.32
2024-06-01,P,PR,2.76
2024-06-01,P,PE,5.09
2024-06-01,P,PI,4.24
2024-06-01,P,RJ,5.04
2024-06-01,P,RN,4.50
2024-06-01,P,RS,2.61
2024-06-01,P,RO,3.07
2024-06-01,P,RR,3.91
2024-06-01,P,SC,2.79
2024-06-01,P,SP,3.40
2024-06-01,P,SE,3.97
2024-06-01,P,TO,2.88
2024-07-01,P,AC,3.49
2024-07-01,P,AL,4.63
2024-07-01,P,AP,4.13
2024-07-01,P,AM,5.14
2024-07-01,P,BA,4.52
2024-07-01,P,CE,4.58
2024-07-01,P,DF,3.78
2024-07-01,P,ES,3.04
2024-07-01,P,GO,3.44
2024-07-01,P,MA,4.17
2024-07-01,P,MT,2.58
2024-07-01,P,MS,3.69
2024-07-01,P,MG,3.11
2024-07-01,P,PA,4.14
2024-07-01,P,PB,4.26
2024-07-01,P,PR,2.87
2024-07-01,P,PE,5.05
2024-07-01,P,PI,4.19
2024-07-01,P,RJ,5.02
2024-07-01,P,RN,4.49
2024-07-01,P,RS,2.61
2024-07-01,P,RO,3.16
2024-07-01,P,RR,3.90
2024-07-01,P,SC,2.82
2024-07-01,P,SP,3.43
2024-07-01,P,SE,4.01
2024-07-01,P,TO,3.12
2024-08-01,P,AC,3.44
2024-08-01,P,AL,4.63
2024-08-01,P,AP,4.04
2024-08-01,P,AM,5.06
2024-08-01,P,BA,4.47
2024-08-01,P,CE,4.50
2024-08-01,P,DF,3.74
2024-08-01,P,ES,3.00
2024-08-01,P,GO,3.77
2024-08-01,P,MA,4.16
2024-08-01,P,MT,2.89
2024-08-01,P,MS,4.10
2024-08-01,P,MG,3.16
2024-08-01,P,PA,4.14
2024-08-01,P,PB,4.21
2024-08-01,P,PR,3.02
2024-08-01,P,PE,4.97
2024-08-01,P,PI,4.13
2024-08-01,P,RJ,4.98
2024-08-01,P,RN,4.45
2024-08-01,P,RS,2.58
2024-08-01,P,RO,3.24
2024-08-01,P,RR,3.82
2024-08-01,P,SC,2.81
2024-08-01,P,SP,3.42
2024-08-01,P,SE,4.00
2024-08-01,P,TO,3.41
2024-09-01,P,AC,3.58
2024-09-01,P,AL,4.59
2024-09-01,P,AP,4.06
2024-09-01,P,AM,4.99
2024-09-01,P,BA,4.41
2024-09-01,P,CE,4.44
2024-09-01,P,DF,3.52
2024-09-01,P,ES,2.96
2024-09-01,P,GO,3.74
2024-09-01,P,MA,4.24
2024-09-01,P,MT,2.91
2024-09-01,P,MS,4.10
2024-09-01,P,MG,3.16
2024-09-01,P,PA,4.16
2024-09-01,P,PB,4.13
2024-09-01,P,PR,3.00
2024-09-01,P,PE,4.88
2024-09-01,P,PI,4.09
2024-09-01,P,RJ,4.89
2024-09-01,P,RN,4.43
2024-09-01,P,RS,2.54
2024-09-01,P,RO,3.24
2024-09-01,P,RR,3.92
2024-09-01,P,SC,2.78
2024-09-01,P,SP,3.39
2024-09-01,P,SE,3.98
2024-09-01,P,TO,3.56
2024-10-01,P,AC,3.59
2024-10-01,P,AL,4.59
2024-10-01,P,AP,3.98
2024-10-01,P,AM,4.87
2024-10-01,P,BA,4.35
2024-10-01,P,CE,4.35
2024-10-01,P,DF,3.46
2024-10-01,P,ES,2.94
2024-10-01,P,GO,3.64
2024-10-01,P,MA,4.18
2024-10-01,P,MT,2.93
2024-10-01,P,MS,3.94
2024-10-01,P,MG,3.14
2024-10-01,P,PA,4.22
2024-10-01,P,PB,4.01
2024-10-01,P,PR,2.97
2024-10-01,P,PE,4.78
2024-10-01,P,PI,4.00
2024-10-01,P,RJ,4.84
2024-10-01,P,RN,4.32
2024-10-01,P,RS,2.48
2024-10-01,P,RO,3.26
2024-10-01,P,RR,3.93
2024-10-01,P,SC,2.74
2024-10-01,P,SP,3.35
2024-10-01,P,SE,3.94
2024-10-01,P,TO,3.50
2004-01-01,C,AC,1.43
2004-01-01,C,AL,2.04
2004-01-01,C,AP,1.40
2004-01-01,C,AM,3.84
2004-01-01,C,BA,2.14
2004-01-01,C,CE,3.89
2004-01-01,C,DF,1.13
2004-01-01,C,ES,1.06
2004-01-01,C,GO,1.83
2004-01-01,C,MA,16.76
2004-01-01,C,MT,0.77
2004-01-01,C,MS,1.65
2004-01-01,C,MG,1.37
2004-01-01,C,PA,0.90
2004-01-01,C,PB,3.19
2004-01-01,C,PR,1.71
2004-01-01,C,PE,3.67
2004-01-01,C,PI,4.47
2004-01-01,C,RJ,6.20
2004-01-01,C,RN,3.20
2004-01-01,C,RS,1.61
2004-01-01,C,RO,4.74
2004-01-01,C,RR,0.37
2004-01-01,C,SC,6.05
2004-01-01,C,SP,2.80
2004-01-01,C,SE,2.83
2004-01-01,C,TO,1.80
2004-02-01,C,AC,1.61
2004-02-01,C,AL,2.08
2004-02-01,C,AP,1.94
2004-02-01,C,AM,3.24
2004-02-01,C,BA,1.79
2004-02-01,C,CE,3.66
2004-02-01,C,DF,1.20
2004-02-01,C,ES,1.35
2004-02-01,C,GO,1.96
2004-02-01,C,MA,16.50
2004-02-01,C,MT,0.84
2004-02-01,C,MS,1.71
2004-02-01,C,MG,1.80
2004-02-01,C,PA,0.93
2004-02-01,C,PB,3.94
2004-02-01,C,PR,1.71
2004-02-01,C,PE,3.69
2004-02-01,C,PI,4.18
2004-02-01,C,RJ,6.53
2004-02-01,C,RN,4.29
2004-02-01,C,RS,1.68
2004-02-01,C,RO,4.83
2004-02-01,C,RR,0.36
2004-02-01,C,SC,5.69
2004-02-01,C,SP,1.52
2004-02-01,C,SE,2.85
2004-02-01,C,TO,2.20
2004-03-01,C,AC,1.52
2004-03-01,C,AL,1.85
2004-03-01,C,AP,2.03
2004-03-01,C,AM,3.03
2004-03-01,C,BA,1.68
2004-03-01,C,CE,3.44
2004-03-01,C,DF,1.02
2004-03-01,C,ES,1.37
2004-03-01,C,GO,2.18
2004-03-01,C,MA,11.44
2004-03-01,C,MT,1.56
2004-03-01,C,MS,1.64
2004-03-01,C,MG,1.58
2004-03-01,C,PA,1.28
2004-03-01,C,PB,4.28
2004-03-01,C,PR,1.86
2004-03-01,C,PE,3.71
2004-03-01,C,PI,3.54
2004-03-01,C,RJ,5.82
2004-03-01,C,RN,4.39
2004-03-01,C,RS,1.67
2004-03-01,C,RO,3.89
2004-03-01,C,RR,0.40
2004-03-01,C,SC,3.34
2004-03-01,C,SP,1.55
2004-03-01,C,SE,2.24
2004-03-01,C,TO,2.59
2004-04-01,C,AC,1.58
2004-04-01,C,AL,2.14
2004-04-01,C,AP,2.62
2004-04-01,C,AM,2.92
2004-04-01,C,BA,1.70
2004-04-01,C,CE,3.10
2004-04-01,C,DF,0.94
2004-04-01,C,ES,1.77
2004-04-01,C,GO,2.03
2004-04-01,C,MA,11.08
2004-04-01,C,MT,1.14
2004-04-01,C,MS,1.62
2004-04-01,C,MG,1.62
2004-04-01,C,PA,1.42
2004-04-01,C,PB,3.93
2004-04-01,C,PR,1.84
2004-04-01,C,PE,3.62
2004-04-01,C,PI,3.62
2004-04-01,C,RJ,6.63
2004-04-01,C,RN,4.32
2004-04-01,C,RS,1.71
2004-04-01,C,RO,4.41
2004-04-01,C,RR,0.38
2004-04-01,C,SC,2.46
2004-04-01,C,SP,1.62
2004-04-01,C,SE,2.20
2004-04-01,C,TO,2.22
2004-05-01,C,AC,1.73
2004-05-01,C,AL,2.66
2004-05-01,C,AP,2.12
2004-05-01,C,AM,3.02
2004-05-01,C,BA,1.66
2004-05-01,C,CE,2.73
2004-05-01,C,DF,0.89
2004-05-01,C,ES,1.48
2004-05-01,C,GO,2.26
2004-05-01,C,MA,8.16
2004-05-01,C,MT,1.00
2004-05-01,C,MS,1.68
2004-05-01,C,MG,1.62
2004-05-01,C,PA,1.48
2004-05-01,C,PB,4.17
2004-05-01,C,PR,1.78
2004-05-01,C,PE,3.40
2004-05-01,C,PI,2.90
2004-05-01,C,RJ,5.72
2004-05-01,C,RN,4.23
2004-05-01,C,RS,1.57
2004-05-01,C,RO,4.82
2004-05-01,C,RR,0.42
2004-05-01,C,SC,1.80
2004-05-01,C,SP,1.79
2004-05-01,C,SE,2.16
2004-05-01,C,TO,2.02
2004-06-01,C,AC,1.73
2004-06-01,C,AL,1.31
2004-06-01,C,AP,2.15
2004-06-01,C,AM,1.27
2004-06-01,C,BA,1.56
2004-06-01,C,CE,2.69
2004-06-01,C,DF,0.93
2004-06-01,C,ES,1.33
2004-06-01,C,GO,2.24
2004-06-01,C,MA,9.65
2004-06-01,C,MT,0.81
2004-06-01,C,MS,1.57
2004-06-01,C,MG,1.66
2004-06-01,C,PA,0.89
2004-06-01,C,PB,4.23
2004-06-01,C,PR,1.44
2004-06-01,C,PE,3.12
2004-06-01,C,PI,3.14
2004-06-01,C,RJ,5.40
2004-06-01,C,RN,3.96
2004-06-01,C,RS,1.38
2004-06-01,C,RO,4.09
2004-06-01,C,RR,0.41
2004-06-01,C,SC,2.07
2004-06-01,C,SP,1.63
2004-06-01,C,SE,2.06
2004-06-01,C,TO,1.79
2004-07-01,C,AC,1.69
2004-07-01,C,AL,1.29
2004-07-01,C,AP,1.73
2004-07-01,C,AM,1.50
2004-07-01,C,BA,1.62
2004-07-01,C,CE,2.82
2004-07-01,C,DF,0.75
2004-07-01,C,ES,1.48
2004-07-01,C,GO,2.12
2004-07-01,C,MA,9.89
2004-07-01,C,MT,1.08
2004-07-01,C,MS,1.59
2004-07-01,C,MG,1.65
2004-07-01,C,PA,0.98
2004-07-01,C,PB,3.43
2004-07-01,C,PR,1.38
2004-07-01,C,PE,2.83
2004-07-01,C,PI,3.19
2004-07-01,C,RJ,6.27
2004-07-01,C,RN,3.18
2004-07-01,C,RS,1.34
2004-07-01,C,RO,4.11
2004-07-01,C,RR,0.40
2004-07-01,C,SC,1.92
2004-07-01,C,SP,1.56
2004-07-01,C,SE,2.38
2004-07-01,C,TO,1.87
2004-08-01,C,AC,1.60
2004-08-01,C,AL,1.49
2004-08-01,C,AP,2.51
2004-08-01,C,AM,1.37
2004-08-01,C,BA,1.45
2004-08-01,C,CE,2.88
2004-08-01,C,DF,0.70
2004-08-01,C,ES,1.50
2004-08-01,C,GO,2.08
2004-08-01,C,MA,8.17
2004-08-01,C,MT,0.96
2004-08-01,C,MS,1.61
2004-08-01,C,MG,1.60
2004-08-01,C,PA,1.07
2004-08-01,C,PB,3.49
2004-08-01,C,PR,1.44
2004-08-01,C,PE,3.60
2004-08-01,C,PI,3.17
2004-08-01,C,RJ,5.78
2004-08-01,C,RN,3.04
2004-08-01,C,RS,1.36
2004-08-01,C,RO,4.13
2004-08-01,C,RR,0.42
2004-08-01,C,SC,1.66
2004-08-01,C,SP,1.42
2004-08-01,C,SE,2.23
2004-08-01,C,TO,1.78
2004-09-01,C,AC,1.66
2004-09-01,C,AL,1.54
2004-09-01,C,AP,2.66
2004-09-01,C,AM,1.41
2004-09-01,C,BA,1.34
2004-09-01,C,CE,2.68
2004-09-01,C,DF,0.70
2004-09-01,C,ES,1.26
2004-09-01,C,GO,2.08
2004-09-01,C,MA,8.02
2004-09-01,C,MT,0.91
2004-09-01,C,MS,1.62
2004-09-01,C,MG,1.79
2004-09-01,C,PA,1.27
2004-09-01,C,PB,4.08
2004-09-01,C,PR,1.40
2004-09-01,C,PE,3.66
2004-09-01,C,PI,3.29
2004-09-01,C,RJ,5.29
2004-09-01,C,RN,3.23
2004-09-01,C,RS,1.29
2004-09-01,C,RO,3.65
2004-09-01,C,RR,0.45
2004-09-01,C,SC,1.58
2004-09-01,C,SP,1.36
2004-09-01,C,SE,2.43
2004-09-01,C,TO,1.66
2004-10-01,C,AC,1.67
2004-10-01,C,AL,1.27
2004-10-01,C,AP,2.62
2004-10-01,C,AM,1.20
2004-10-01,C,BA,1.37
2004-10-01,C,CE,2.49
2004-10-01,C,DF,0.68
2004-10-01,C,ES,1.25
2004-10-01,C,GO,1.75
2004-10-01,C,MA,9.77
2004-10-01,C,MT,0.73
2004-10-01,C,MS,1.31
2004-10-01,C,MG,1.28
2004-10-01,C,PA,1.28
2004-10-01,C,PB,3.94
2004-10-01,C,PR,1.41
2004-10-01,C,PE,3.11
2004-10-01,C,PI,3.17
2004-10-01,C,RJ,5.19
2004-10-01,C,RN,3.06
2004-10-01,C,RS,1.34
2004-10-01,C,RO,2.98
2004-10-01,C,RR,0.46
2004-10-01,C,SC,1.53
2004-10-01,C,SP,1.28
2004-10-01,C,SE,2.02
2004-10-01,C,TO,1.63
2004-11-01,C,AC,1.79
2004-11-01,C,AL,1.39
2004-11-01,C,AP,2.93
2004-11-01,C,AM,1.16
2004-11-01,C,BA,1.29
2004-11-01,C,CE,2.52
2004-11-01,C,DF,0.69
2004-11-01,C,ES,1.36
2004-11-01,C,GO,1.81
2004-11-01,C,MA,9.28
2004-11-01,C,MT,1.19
2004-11-01,C,MS,1.27
2004-11-01,C,MG,1.18
2004-11-01,C,PA,1.35
2004-11-01,C,PB,3.62
2004-11-01,C,PR,1.39
2004-11-01,C,PE,2.93
2004-11-01,C,PI,3.01
2004-11-01,C,RJ,5.25
2004-11-01,C,RN,3.18
2004-11-01,C,RS,1.33
2004-11-01,C,RO,2.90
2004-11-01,C,RR,0.58
2004-11-01,C,SC,1.58
2004-11-01,C,SP,1.32
2004-11-01,C,SE,2.14
2004-11-01,C,TO,1.62
2004-12-01,C,AC,1.75
2004-12-01,C,AL,1.41
2004-12-01,C,AP,2.47
2004-12-01,C,AM,0.92
2004-12-01,C,BA,1.22
2004-12-01,C,CE,2.50
2004-12-01,C,DF,0.88
2004-12-01,C,ES,2.38
2004-12-01,C,GO,1.76
2004-12-01,C,MA,9.34
2004-12-01,C,MT,0.88
2004-12-01,C,MS,1.52
2004-12-01,C,MG,1.07
2004-12-01,C,PA,1.26
2004-12-01,C,PB,3.50
2004-12-01,C,PR,1.40
2004-12-01,C,PE,2.95
2004-12-01,C,PI,3.10
2004-12-01,C,RJ,4.73
2004-12-01,C,RN,2.86
2004-12-01,C,RS,1.21
2004-12-01,C,RO,2.73
2004-12-01,C,RR,0.65
2004-12-01,C,SC,1.90
2004-12-01,C,SP,1.32
2004-12-01,C,SE,2.01
2004-12-01,C,TO,1.70
2005-01-01,C,AC,1.69
2005-01-01,C,AL,1.51
2005-01-01,C,AP,2.46
2005-01-01,C,AM,0.98
2005-01-01,C,BA,1.23
2005-01-01,C,CE,2.55
2005-01-01,C,DF,0.78
2005-01-01,C,ES,2.56
2005-01-01,C,GO,1.76
2005-01-01,C,MA,9.13
2005-01-01,C,MT,1.28
2005-01-01,C,MS,1.48
2005-01-01,C,MG,1.13
2005-01-01,C,PA,1.29
2005-01-01,C,PB,3.43
2005-01-01,C,PR,1.38
2005-01-01,C,PE,3.12
2005-01-01,C,PI,3.10
2005-01-01,C,RJ,4.66
2005-01-01,C,RN,2.84
2005-01-01,C,RS,1.17
2005-01-01,C,RO,2.69
2005-01-01,C,RR,0.69
2005-01-01,C,SC,2.01
2005-01-01,C,SP,1.27
2005-01-01,C,SE,2.10
2005-01-01,C,TO,1.85
2005-02-01,C,AC,2.36
2005-02-01,C,AL,1.51
2005-02-01,C,AP,2.19
2005-02-01,C,AM,1.73
2005-02-01,C,BA,1.27
2005-02-01,C,CE,3.51
2005-02-01,C,DF,0.83
2005-02-01,C,ES,3.12
2005-02-01,C,GO,1.85
2005-02-01,C,MA,8.84
2005-02-01,C,MT,1.25
2005-02-01,C,MS,1.39
2005-02-01,C,MG,1.23
2005-02-01,C,PA,1.40
2005-02-01,C,PB,4.33
2005-02-01,C,PR,1.39
2005-02-01,C,PE,3.17
2005-02-01,C,PI,3.08
2005-02-01,C,RJ,4.62
2005-02-01,C,RN,3.07
2005-02-01,C,RS,1.20
2005-02-01,C,RO,2.82
2005-02-01,C,RR,0.76
2005-02-01,C,SC,2.00
2005-02-01,C,SP,1.36
2005-02-01,C,SE,2.01
2005-02-01,C,TO,2.81
2005-03-01,C,AC,2.03
2005-03-01,C,AL,3.20
2005-03-01,C,AP,2.54
2005-03-01,C,AM,2.08
2005-03-01,C,BA,1.33
2005-03-01,C,CE,2.64
2005-03-01,C,DF,1.10
2005-03-01,C,ES,2.80
2005-03-01,C,GO,1.96
2005-03-01,C,MA,9.13
2005-03-01,C,MT,1.59
2005-03-01,C,MS,1.51
2005-03-01,C,MG,1.37
2005-03-01,C,PA,1.47
2005-03-01,C,PB,4.22
2005-03-01,C,PR,1.48
2005-03-01,C,PE,2.99
2005-03-01,C,PI,3.18
2005-03-01,C,RJ,4.80
2005-03-01,C,RN,3.32
2005-03-01,C,RS,1.27
2005-03-01,C,RO,2.74
2005-03-01,C,RR,0.90
2005-03-01,C,SC,2.32
2005-03-01,C,SP,1.52
2005-03-01,C,SE,2.23
2005-03-01,C,TO,2.97
2005-04-01,C,AC,2.22
2005-04-01,C,AL,3.39
2005-04-01,C,AP,2.42
2005-04-01,C,AM,2.37
2005-04-01,C,BA,1.78
2005-04-01,C,CE,2.56
2005-04-01,C,DF,1.21
2005-04-01,C,ES,2.89
2005-04-01,C,GO,2.33
2005-04-01,C,MA,8.98
2005-04-01,C,MT,1.70
2005-04-01,C,MS,1.64
2005-04-01,C,MG,1.45
2005-04-01,C,PA,1.26
2005-04-01,C,PB,4.14
2005-04-01,C,PR,1.70
2005-04-01,C,PE,3.17
2005-04-01,C,PI,3.32
2005-04-01,C,RJ,4.76
2005-04-01,C,RN,3.83
2005-04-01,C,RS,1.53
2005-04-01,C,RO,2.80
2005-04-01,C,RR,0.87
2005-04-01,C,SC,3.24
2005-04-01,C,SP,1.71
2005-04-01,C,SE,2.17
2005-04-01,C,TO,3.05
2005-05-01,C,AC,2.22
2005-05-01,C,AL,3.50
2005-05-01,C,AP,2.50
2005-05-01,C,AM,1.89
2005-05-01,C,BA,1.75
2005-05-01,C,CE,2.39
2005-05-01,C,DF,1.03
2005-05-01,C,ES,0.99
2005-05-01,C,GO,2.29
2005-05-01,C,MA,8.60
2005-05-01,C,MT,1.63
2005-05-01,C,MS,1.77
2005-05-01,C,MG,1.31
2005-05-01,C,PA,1.39
2005-05-01,C,PB,3.61
2005-05-01,C,PR,1.23
2005-05-01,C,PE,3.01
2005-05-01,C,PI,3.06
2005-05-01,C,RJ,4.08
2005-05-01,C,RN,3.96
2005-05-01,C,RS,1.50
2005-05-01,C,RO,2.74
2005-05-01,C,RR,0.83
2005-05-01,C,SC,1.94
2005-05-01,C,SP,1.36
2005-05-01,C,SE,2.23
2005-05-01,C,TO,2.86
2005-06-01,C,AC,1.73
2005-06-01,C,AL,4.71
2005-06-01,C,AP,2.36
2005-06-01,C,AM,1.57
2005-06-01,C,BA,1.52
2005-06-01,C,CE,2.40
2005-06-01,C,DF,1.00
2005-06-01,C,ES,0.84
2005-06-01,C,GO,2.39
2005-06-01,C,MA,8.34
2005-06-01,C,MT,1.67
2005-06-01,C,MS,1.75
2005-06-01,C,MG,1.30
2005-06-01,C,PA,1.38
2005-06-01,C,PB,3.39
2005-06-01,C,PR,1.24
2005-06-01,C,PE,3.12
2005-06-01,C,PI,2.95
2005-06-01,C,RJ,4.59
2005-06-01,C,RN,3.66
2005-06-01,C,RS,1.51
2005-06-01,C,RO,2.75
2005-06-01,C,RR,0.79
2005-06-01,C,SC,2.01
2005-06-01,C,SP,1.29
2005-06-01,C,SE,2.24
2005-06-01,C,TO,2.97
2005-07-01,C,AC,1.75
2005-07-01,C,AL,4.52
2005-07-01,C,AP,2.30
2005-07-01,C,AM,1.40
2005-07-01,C,BA,1.43
2005-07-01,C,CE,2.45
2005-07-01,C,DF,1.04
2005-07-01,C,ES,0.93
2005-07-01,C,GO,2.34
2005-07-01,C,MA,8.52
2005-07-01,C,MT,2.08
2005-07-01,C,MS,1.88
2005-07-01,C,MG,1.33
2005-07-01,C,PA,1.41
2005-07-01,C,PB,3.32
2005-07-01,C,PR,1.41
2005-07-01,C,PE,3.03
2005-07-01,C,PI,2.76
2005-07-01,C,RJ,4.52
2005-07-01,C,RN,3.71
2005-07-01,C,RS,1.68
2005-07-01,C,RO,3.18
2005-07-01,C,RR,0.76
2005-07-01,C,SC,2.02
2005-07-01,C,SP,1.36
2005-07-01,C,SE,2.38
2005-07-01,C,TO,3.06
2005-08-01,C,AC,1.78
2005-08-01,C,AL,4.76
2005-08-01,C,AP,2.03
2005-08-01,C,AM,1.59
2005-08-01,C,BA,1.43
2005-08-01,C,CE,2.52
2005-08-01,C,DF,1.06
2005-08-01,C,ES,1.11
2005-08-01,C,GO,2.76
2005-08-01,C,MA,8.49
2005-08-01,C,MT,2.40
2005-08-01,C,MS,1.84
2005-08-01,C,MG,1.28
2005-08-01,C,PA,1.41
2005-08-01,C,PB,3.23
2005-08-01,C,PR,1.23
2005-08-01,C,PE,3.17
2005-08-01,C,PI,2.99
2005-08-01,C,RJ,4.52
2005-08-01,C,RN,3.03
2005-08-01,C,RS,1.78
2005-08-01,C,RO,4.89
2005-08-01,C,RR,0.75
2005-08-01,C,SC,2.10
2005-08-01,C,SP,1.25
2005-08-01,C,SE,2.15
2005-08-01,C,TO,2.82
2005-09-01,C,AC,1.76
2005-09-01,C,AL,4.91
2005-09-01,C,AP,1.94
2005-09-01,C,AM,1.52
2005-09-01,C,BA,1.31
2005-09-01,C,CE,2.41
2005-09-01,C,DF,0.87
2005-09-01,C,ES,1.11
2005-09-01,C,GO,2.67
2005-09-01,C,MA,5.47
2005-09-01,C,MT,2.78
2005-09-01,C,MS,1.76
2005-09-01,C,MG,1.64
2005-09-01,C,PA,1.50
2005-09-01,C,PB,3.14
2005-09-01,C,PR,1.42
2005-09-01,C,PE,3.28
2005-09-01,C,PI,2.85
2005-09-01,C,RJ,4.49
2005-09-01,C,RN,2.97
2005-09-01,C,RS,2.00
2005-09-01,C,RO,4.99
2005-09-01,C,RR,0.87
2005-09-01,C,SC,1.84
2005-09-01,C,SP,1.38
2005-09-01,C,SE,2.10
2005-09-01,C,TO,2.55
2005-10-01,C,AC,1.93
2005-10-01,C,AL,3.89
2005-10-01,C,AP,2.10
2005-10-01,C,AM,1.57
2005-10-01,C,BA,1.44
2005-10-01,C,CE,2.39
2005-10-01,C,DF,1.00
2005-10-01,C,ES,1.12
2005-10-01,C,GO,2.74
2005-10-01,C,MA,5.59
2005-10-01,C,MT,2.86
2005-10-01,C,MS,1.82
2005-10-01,C,MG,1.75
2005-10-01,C,PA,1.51
2005-10-01,C,PB,3.18
2005-10-01,C,PR,1.33
2005-10-01,C,PE,3.14
2005-10-01,C,PI,2.91
2005-10-01,C,RJ,4.33
2005-10-01,C,RN,3.01
2005-10-01,C,RS,2.07
2005-10-01,C,RO,5.07
2005-10-01,C,RR,0.90
2005-10-01,C,SC,1.87
2005-10-01,C,SP,1.61
2005-10-01,C,SE,2.49
2005-10-01,C,TO,2.54
2005-11-01,C,AC,2.03
2005-11-01,C,AL,3.69
2005-11-01,C,AP,2.00
2005-11-01,C,AM,1.51
2005-11-01,C,BA,1.44
2005-11-01,C,CE,2.62
2005-11-01,C,DF,1.05
2005-11-01,C,ES,1.16
2005-11-01,C,GO,2.82
2005-11-01,C,MA,5.66
2005-11-01,C,MT,2.97
2005-11-01,C,MS,1.80
2005-11-01,C,MG,1.79
2005-11-01,C,PA,1.66
2005-11-01,C,PB,3.12
2005-11-01,C,PR,1.39
2005-11-01,C,PE,3.11
2005-11-01,C,PI,3.16
2005-11-01,C,RJ,4.18
2005-11-01,C,RN,3.06
2005-11-01,C,RS,2.10
2005-11-01,C,RO,3.28
2005-11-01,C,RR,0.89
2005-11-01,C,SC,1.90
2005-11-01,C,SP,1.47
2005-11-01,C,SE,2.20
2005-11-01,C,TO,2.66
2005-12-01,C,AC,2.21
2005-12-01,C,AL,3.03
2005-12-01,C,AP,2.45
2005-12-01,C,AM,0.93
2005-12-01,C,BA,1.36
2005-12-01,C,CE,2.42
2005-12-01,C,DF,1.11
2005-12-01,C,ES,1.03
2005-12-01,C,GO,2.57
2005-12-01,C,MA,5.14
2005-12-01,C,MT,2.79
2005-12-01,C,MS,1.75
2005-12-01,C,MG,1.48
2005-12-01,C,PA,1.41
2005-12-01,C,PB,2.93
2005-12-01,C,PR,1.29
2005-12-01,C,PE,2.75
2005-12-01,C,PI,5.46
2005-12-01,C,RJ,4.22
2005-12-01,C,RN,3.30
2005-12-01,C,RS,1.98
2005-12-01,C,RO,3.15
2005-12-01,C,RR,0.93
2005-12-01,C,SC,1.47
2005-12-01,C,SP,1.34
2005-12-01,C,SE,2.02
2005-12-01,C,TO,1.43
2006-01-01,C,AC,2.34
2006-01-01,C,AL,3.03
2006-01-01,C,AP,2.84
2006-01-01,C,AM,1.00
2006-01-01,C,BA,1.44
2006-01-01,C,CE,2.50
2006-01-01,C,DF,1.26
2006-01-01,C,ES,1.25
2006-01-01,C,GO,2.64
2006-01-01,C,MA,5.42
2006-01-01,C,MT,2.80
2006-01-01,C,MS,1.86
2006-01-01,C,MG,1.69
2006-01-01,C,PA,1.53
2006-01-01,C,PB,3.18
2006-01-01,C,PR,1.45
2006-01-01,C,PE,3.01
2006-01-01,C,PI,3.77
2006-01-01,C,RJ,4.19
2006-01-01,C,RN,3.00
2006-01-01,C,RS,2.04
2006-01-01,C,RO,3.55
2006-01-01,C,RR,1.23
2006-01-01,C,SC,1.62
2006-01-01,C,SP,1.28
2006-01-01,C,SE,2.31
2006-01-01,C,TO,1.52
2006-02-01,C,AC,2.35
2006-02-01,C,AL,1.44
2006-02-01,C,AP,2.80
2006-02-01,C,AM,1.03
2006-02-01,C,BA,1.58
2006-02-01,C,CE,2.55
2006-02-01,C,DF,1.33
2006-02-01,C,ES,1.32
2006-02-01,C,GO,2.80
2006-02-01,C,MA,5.18
2006-02-01,C,MT,2.97
2006-02-01,C,MS,1.96
2006-02-01,C,MG,1.55
2006-02-01,C,PA,1.63
2006-02-01,C,PB,3.42
2006-02-01,C,PR,1.58
2006-02-01,C,PE,3.18
2006-02-01,C,PI,4.13
2006-02-01,C,RJ,4.12
2006-02-01,C,RN,3.05
2006-02-01,C,RS,1.99
2006-02-01,C,RO,3.75
2006-02-01,C,RR,1.09
2006-02-01,C,SC,1.56
2006-02-01,C,SP,1.46
2006-02-01,C,SE,2.42
2006-02-01,C,TO,1.60
2006-03-01,C,AC,2.37
2006-03-01,C,AL,1.53
2006-03-01,C,AP,3.13
2006-03-01,C,AM,1.11
2006-03-01,C,BA,1.61
2006-03-01,C,CE,2.61
2006-03-01,C,DF,1.23
2006-03-01,C,ES,1.28
2006-03-01,C,GO,2.88
2006-03-01,C,MA,5.33
2006-03-01,C,MT,3.05
2006-03-01,C,MS,2.10
2006-03-01,C,MG,1.66
2006-03-01,C,PA,1.70
2006-03-01,C,PB,3.35
2006-03-01,C,PR,1.75
2006-03-01,C,PE,3.50
2006-03-01,C,PI,4.42
2006-03-01,C,RJ,4.41
2006-03-01,C,RN,2.83
2006-03-01,C,RS,2.00
2006-03-01,C,RO,3.97
2006-03-01,C,RR,1.11
2006-03-01,C,SC,1.65
2006-03-01,C,SP,1.50
2006-03-01,C,SE,2.79
2006-03-01,C,TO,1.63
2006-04-01,C,AC,2.42
2006-04-01,C,AL,1.58
2006-04-01,C,AP,3.39
2006-04-01,C,AM,1.06
2006-04-01,C,BA,1.75
2006-04-01,C,CE,2.65
2006-04-01,C,DF,1.38
2006-04-01,C,ES,1.33
2006-04-01,C,GO,3.21
2006-04-01,C,MA,5.09
2006-04-01,C,MT,3.36
2006-04-01,C,MS,2.43
2006-04-01,C,MG,1.87
2006-04-01,C,PA,2.03
2006-04-01,C,PB,3.27
2006-04-01,C,PR,1.88
2006-04-01,C,PE,3.67
2006-04-01,C,PI,3.83
2006-04-01,C,RJ,4.02
2006-04-01,C,RN,2.92
2006-04-01,C,RS,2.05
2006-04-01,C,RO,4.08
2006-04-01,C,RR,1.10
2006-04-01,C,SC,1.70
2006-04-01,C,SP,1.50
2006-04-01,C,SE,2.82
2006-04-01,C,TO,1.77
2006-05-01,C,AC,2.31
2006-05-01,C,AL,1.54
2006-05-01,C,AP,3.22
2006-05-01,C,AM,1.20
2006-05-01,C,BA,1.82
2006-05-01,C,CE,2.68
2006-05-01,C,DF,1.20
2006-05-01,C,ES,1.23
2006-05-01,C,GO,3.22
2006-05-01,C,MA,5.02
2006-05-01,C,MT,3.62
2006-05-01,C,MS,2.38
2006-05-01,C,MG,2.03
2006-05-01,C,PA,2.12
2006-05-01,C,PB,3.28
2006-05-01,C,PR,1.94
2006-05-01,C,PE,3.92
2006-05-01,C,PI,3.72
2006-05-01,C,RJ,1.66
2006-05-01,C,RN,2.97
2006-05-01,C,RS,2.04
2006-05-01,C,RO,4.40
2006-05-01,C,RR,0.97
2006-05-01,C,SC,1.78
2006-05-01,C,SP,1.54
2006-05-01,C,SE,2.94
2006-05-01,C,TO,1.65
2006-06-01,C,AC,2.34
2006-06-01,C,AL,1.45
2006-06-01,C,AP,3.42
2006-06-01,C,AM,1.18
2006-06-01,C,BA,1.82
2006-06-01,C,CE,2.71
2006-06-01,C,DF,1.21
2006-06-01,C,ES,1.13
2006-06-01,C,GO,3.01
2006-06-01,C,MA,5.07
2006-06-01,C,MT,3.73
2006-06-01,C,MS,2.75
2006-06-01,C,MG,1.91
2006-06-01,C,PA,2.12
2006-06-01,C,PB,2.84
2006-06-01,C,PR,1.88
2006-06-01,C,PE,3.76
2006-06-01,C,PI,3.61
2006-06-01,C,RJ,1.63
2006-06-01,C,RN,3.03
2006-06-01,C,RS,1.89
2006-06-01,C,RO,4.64
2006-06-01,C,RR,0.88
2006-06-01,C,SC,1.78
2006-06-01,C,SP,1.50
2006-06-01,C,SE,2.86
2006-06-01,C,TO,1.52
2006-07-01,C,AC,2.03
2006-07-01,C,AL,1.44
2006-07-01,C,AP,3.52
2006-07-01,C,AM,1.21
2006-07-01,C,BA,1.80
2006-07-01,C,CE,2.72
2006-07-01,C,DF,1.23
2006-07-01,C,ES,1.11
2006-07-01,C,GO,3.13
2006-07-01,C,MA,5.10
2006-07-01,C,MT,4.07
2006-07-01,C,MS,2.99
2006-07-01,C,MG,1.93
2006-07-01,C,PA,2.11
2006-07-01,C,PB,2.63
2006-07-01,C,PR,2.02
2006-07-01,C,PE,3.67
2006-07-01,C,PI,3.55
2006-07-01,C,RJ,1.01
2006-07-01,C,RN,3.01
2006-07-01,C,RS,2.07
2006-07-01,C,RO,4.16
2006-07-01,C,RR,0.86
2006-07-01,C,SC,2.04
2006-07-01,C,SP,1.49
2006-07-01,C,SE,3.36
2006-07-01,C,TO,1.66
2006-08-01,C,AC,1.96
2006-08-01,C,AL,1.71
2006-08-01,C,AP,3.74
2006-08-01,C,AM,1.22
2006-08-01,C,BA,1.90
2006-08-01,C,CE,2.48
2006-08-01,C,DF,1.28
2006-08-01,C,ES,1.12
2006-08-01,C,GO,3.33
2006-08-01,C,MA,4.88
2006-08-01,C,MT,4.56
2006-08-01,C,MS,3.04
2006-08-01,C,MG,1.99
2006-08-01,C,PA,2.21
2006-08-01,C,PB,2.92
2006-08-01,C,PR,2.18
2006-08-01,C,PE,3.83
2006-08-01,C,PI,3.53
2006-08-01,C,RJ,1.07
2006-08-01,C,RN,3.11
2006-08-01,C,RS,2.20
2006-08-01,C,RO,4.47
2006-08-01,C,RR,0.95
2006-08-01,C,SC,2.07
2006-08-01,C,SP,1.58
2006-08-01,C,SE,3.25
2006-08-01,C,TO,1.51
2006-09-01,C,AC,1.86
2006-09-01,C,AL,1.78
2006-09-01,C,AP,3.64
2006-09-01,C,AM,1.28
2006-09-01,C,BA,1.91
2006-09-01,C,CE,2.32
2006-09-01,C,DF,1.64
2006-09-01,C,ES,1.02
2006-09-01,C,GO,3.39
2006-09-01,C,MA,4.62
2006-09-01,C,MT,4.48
2006-09-01,C,MS,3.05
2006-09-01,C,MG,1.97
2006-09-01,C,PA,2.21
2006-09-01,C,PB,2.82
2006-09-01,C,PR,2.15
2006-09-01,C,PE,3.79
2006-09-01,C,PI,3.54
2006-09-01,C,RJ,1.10
2006-09-01,C,RN,2.77
2006-09-01,C,RS,2.31
2006-09-01,C,RO,4.32
2006-09-01,C,RR,0.83
2006-09-01,C,SC,2.07
2006-09-01,C,SP,1.57
2006-09-01,C,SE,3.33
2006-09-01,C,TO,1.71
2006-10-01,C,AC,1.80
2006-10-01,C,AL,1.71
2006-10-01,C,AP,4.66
2006-10-01,C,AM,1.31
2006-10-01,C,BA,2.18
2006-10-01,C,CE,2.37
2006-10-01,C,DF,1.67
2006-10-01,C,ES,1.15
2006-10-01,C,GO,3.44
2006-10-01,C,MA,4.69
2006-10-01,C,MT,4.42
2006-10-01,C,MS,3.21
2006-10-01,C,MG,1.97
2006-10-01,C,PA,2.46
2006-10-01,C,PB,3.04
2006-10-01,C,PR,2.43
2006-10-01,C,PE,4.00
2006-10-01,C,PI,3.98
2006-10-01,C,RJ,1.30
2006-10-01,C,RN,2.84
2006-10-01,C,RS,2.50
2006-10-01,C,RO,4.51
2006-10-01,C,RR,0.82
2006-10-01,C,SC,2.15
2006-10-01,C,SP,1.63
2006-10-01,C,SE,3.39
2006-10-01,C,TO,1.60
2006-11-01,C,AC,1.76
2006-11-01,C,AL,1.62
2006-11-01,C,AP,3.28
2006-11-01,C,AM,1.26
2006-11-01,C,BA,2.00
2006-11-01,C,CE,2.36
2006-11-01,C,DF,1.45
2006-11-01,C,ES,1.08
2006-11-01,C,GO,3.27
2006-11-01,C,MA,4.83
2006-11-01,C,MT,3.84
2006-11-01,C,MS,3.18
2006-11-01,C,MG,1.95
2006-11-01,C,PA,2.37
2006-11-01,C,PB,2.97
2006-11-01,C,PR,2.13
2006-11-01,C,PE,4.74
2006-11-01,C,PI,4.18
2006-11-01,C,RJ,1.27
2006-11-01,C,RN,2.92
2006-11-01,C,RS,2.46
2006-11-01,C,RO,4.48
2006-11-01,C,RR,1.14
2006-11-01,C,SC,2.00
2006-11-01,C,SP,1.64
2006-11-01,C,SE,3.15
2006-11-01,C,TO,1.70
2006-12-01,C,AC,1.59
2006-12-01,C,AL,1.63
2006-12-01,C,AP,2.70
2006-12-01,C,AM,1.20
2006-12-01,C,BA,2.05
2006-12-01,C,CE,2.41
2006-12-01,C,DF,1.26
2006-12-01,C,ES,1.07
2006-12-01,C,GO,3.20
2006-12-01,C,MA,4.68
2006-12-01,C,MT,3.54
2006-12-01,C,MS,2.78
2006-12-01,C,MG,1.84
2006-12-01,C,PA,3.03
2006-12-01,C,PB,2.80
2006-12-01,C,PR,2.05
2006-12-01,C,PE,4.28
2006-12-01,C,PI,4.05
2006-12-01,C,RJ,1.21
2006-12-01,C,RN,2.49
2006-12-01,C,RS,1.96
2006-12-01,C,RO,4.30
2006-12-01,C,RR,1.12
2006-12-01,C,SC,1.65
2006-12-01,C,SP,1.91
2006-12-01,C,SE,3.01
2006-12-01,C,TO,1.76
2007-01-01,C,AC,1.43
2007-01-01,C,AL,1.82
2007-01-01,C,AP,2.63
2007-01-01,C,AM,1.23
2007-01-01,C,BA,2.05
2007-01-01,C,CE,2.46
2007-01-01,C,DF,1.47
2007-01-01,C,ES,1.19
2007-01-01,C,GO,3.15
2007-01-01,C,MA,4.80
2007-01-01,C,MT,3.53
2007-01-01,C,MS,2.79
2007-01-01,C,MG,1.93
2007-01-01,C,PA,2.61
2007-01-01,C,PB,2.91
2007-01-01,C,PR,2.14
2007-01-01,C,PE,4.45
2007-01-01,C,PI,4.30
2007-01-01,C,RJ,1.29
2007-01-01,C,RN,2.61
2007-01-01,C,RS,2.07
2007-01-01,C,RO,4.83
2007-01-01,C,RR,0.95
2007-01-01,C,SC,1.59
2007-01-01,C,SP,1.99
2007-01-01,C,SE,3.05
2007-01-01,C,TO,2.36
2007-02-01,C,AC,1.26
2007-02-01,C,AL,2.08
2007-02-01,C,AP,2.80
2007-02-01,C,AM,1.20
2007-02-01,C,BA,1.96
2007-02-01,C,CE,2.32
2007-02-01,C,DF,1.58
2007-02-01,C,ES,1.24
2007-02-01,C,GO,2.98
2007-02-01,C,MA,4.84
2007-02-01,C,MT,3.50
2007-02-01,C,MS,2.65
2007-02-01,C,MG,1.90
2007-02-01,C,PA,2.58
2007-02-01,C,PB,2.83
2007-02-01,C,PR,2.16
2007-02-01,C,PE,4.36
2007-02-01,C,PI,4.42
2007-02-01,C,RJ,1.14
2007-02-01,C,RN,2.39
2007-02-01,C,RS,2.04
2007-02-01,C,RO,4.28
2007-02-01,C,RR,1.03
2007-02-01,C,SC,1.58
2007-02-01,C,SP,1.74
2007-02-01,C,SE,2.93
2007-02-01,C,TO,2.20
2007-03-01,C,AC,1.08
2007-03-01,C,AL,2.34
2007-03-01,C,AP,2.96
2007-03-01,C,AM,1.17
2007-03-01,C,BA,1.88
2007-03-01,C,CE,2.17
2007-03-01,C,DF,1.70
2007-03-01,C,ES,1.28
2007-03-01,C,GO,2.82
2007-03-01,C,MA,4.88
2007-03-01,C,MT,3.46
2007-03-01,C,MS,2.51
2007-03-01,C,MG,1.86
2007-03-01,C,PA,2.56
2007-03-01,C,PB,2.75
2007-03-01,C,PR,2.18
2007-03-01,C,PE,4.28
2007-03-01,C,PI,4.55
2007-03-01,C,RJ,1.00
2007-03-01,C,RN,2.17
2007-03-01,C,RS,2.02
2007-03-01,C,RO,3.74
2007-03-01,C,RR,1.11
2007-03-01,C,SC,1.58
2007-03-01,C,SP,1.49
2007-03-01,C,SE,2.81
2007-03-01,C,TO,2.03
2007-04-01,C,AC,1.21
2007-04-01,C,AL,2.46
2007-04-01,C,AP,3.01
2007-04-01,C,AM,1.06
2007-04-01,C,BA,1.74
2007-04-01,C,CE,2.10
2007-04-01,C,DF,1.77
2007-04-01,C,ES,1.37
2007-04-01,C,GO,2.79
2007-04-01,C,MA,4.91
2007-04-01,C,MT,3.08
2007-04-01,C,MS,2.63
2007-04-01,C,MG,1.80
2007-04-01,C,PA,2.54
2007-04-01,C,PB,2.69
2007-04-01,C,PR,2.36
2007-04-01,C,PE,4.40
2007-04-01,C,PI,4.46
2007-04-01,C,RJ,0.92
2007-04-01,C,RN,2.07
2007-04-01,C,RS,2.14
2007-04-01,C,RO,3.84
2007-04-01,C,RR,1.01
2007-04-01,C,SC,1.56
2007-04-01,C,SP,1.47
2007-04-01,C,SE,2.63
2007-04-01,C,TO,2.48
2007-05-01,C,AC,1.47
2007-05-01,C,AL,3.67
2007-05-01,C,AP,3.07
2007-05-01,C,AM,1.26
2007-05-01,C,BA,1.67
2007-05-01,C,CE,2.56
2007-05-01,C,DF,1.66
2007-05-01,C,ES,1.41
2007-05-01,C,GO,2.68
2007-05-01,C,MA,4.88
2007-05-01,C,MT,2.86
2007-05-01,C,MS,2.79
2007-05-01,C,MG,1.88
2007-05-01,C,PA,2.49
2007-05-01,C,PB,2.69
2007-05-01,C,PR,2.24
2007-05-01,C,PE,4.32
2007-05-01,C,PI,4.37
2007-05-01,C,RJ,0.94
2007-05-01,C,RN,1.98
2007-05-01,C,RS,2.05
2007-05-01,C,RO,3.44
2007-05-01,C,RR,0.96
2007-05-01,C,SC,1.76
2007-05-01,C,SP,1.54
2007-05-01,C,SE,2.86
2007-05-01,C,TO,2.32
2007-06-01,C,AC,1.60
2007-06-01,C,AL,3.20
2007-06-01,C,AP,2.89
2007-06-01,C,AM,1.08
2007-06-01,C,BA,1.67
2007-06-01,C,CE,2.62
2007-06-01,C,DF,1.79
2007-06-01,C,ES,1.40
2007-06-01,C,GO,2.59
2007-06-01,C,MA,4.93
2007-06-01,C,MT,2.60
2007-06-01,C,MS,2.75
2007-06-01,C,MG,1.69
2007-06-01,C,PA,2.48
2007-06-01,C,PB,2.63
2007-06-01,C,PR,2.23
2007-06-01,C,PE,3.80
2007-06-01,C,PI,4.38
2007-06-01,C,RJ,0.97
2007-06-01,C,RN,1.96
2007-06-01,C,RS,2.27
2007-06-01,C,RO,3.33
2007-06-01,C,RR,1.01
2007-06-01,C,SC,1.58
2007-06-01,C,SP,1.37
2007-06-01,C,SE,2.78
2007-06-01,C,TO,2.39
2007-07-01,C,AC,1.60
2007-07-01,C,AL,3.23
2007-07-01,C,AP,2.98
2007-07-01,C,AM,1.03
2007-07-01,C,BA,1.63
2007-07-01,C,CE,2.57
2007-07-01,C,DF,1.83
2007-07-01,C,ES,1.42
2007-07-01,C,GO,2.34
2007-07-01,C,MA,4.91
2007-07-01,C,MT,2.75
2007-07-01,C,MS,2.74
2007-07-01,C,MG,1.68
2007-07-01,C,PA,2.59
2007-07-01,C,PB,2.49
2007-07-01,C,PR,2.01
2007-07-01,C,PE,3.63
2007-07-01,C,PI,4.09
2007-07-01,C,RJ,0.98
2007-07-01,C,RN,2.01
2007-07-01,C,RS,2.12
2007-07-01,C,RO,3.14
2007-07-01,C,RR,0.97
2007-07-01,C,SC,1.45
2007-07-01,C,SP,1.37
2007-07-01,C,SE,2.77
2007-07-01,C,TO,2.11
2007-08-01,C,AC,1.42
2007-08-01,C,AL,3.00
2007-08-01,C,AP,2.69
2007-08-01,C,AM,1.08
2007-08-01,C,BA,1.67
2007-08-01,C,CE,2.92
2007-08-01,C,DF,1.80
2007-08-01,C,ES,1.18
2007-08-01,C,GO,2.21
2007-08-01,C,MA,4.79
2007-08-01,C,MT,2.13
2007-08-01,C,MS,2.80
2007-08-01,C,MG,1.73
2007-08-01,C,PA,2.45
2007-08-01,C,PB,2.54
2007-08-01,C,PR,1.86
2007-08-01,C,PE,3.25
2007-08-01,C,PI,3.95
2007-08-01,C,RJ,0.92
2007-08-01,C,RN,1.94
2007-08-01,C,RS,1.93
2007-08-01,C,RO,3.07
2007-08-01,C,RR,0.94
2007-08-01,C,SC,1.43
2007-08-01,C,SP,1.34
2007-08-01,C,SE,2.77
2007-08-01,C,TO,2.20
2007-09-01,C,AC,1.45
2007-09-01,C,AL,3.02
2007-09-01,C,AP,2.37
2007-09-01,C,AM,1.45
2007-09-01,C,BA,1.63
2007-09-01,C,CE,2.67
2007-09-01,C,DF,1.61
2007-09-01,C,ES,1.10
2007-09-01,C,GO,1.94
2007-09-01,C,MA,4.88
2007-09-01,C,MT,2.23
2007-09-01,C,MS,2.63
2007-09-01,C,MG,1.69
2007-09-01,C,PA,2.16
2007-09-01,C,PB,2.63
2007-09-01,C,PR,1.78
2007-09-01,C,PE,2.68
2007-09-01,C,PI,3.81
2007-09-01,C,RJ,0.85
2007-09-01,C,RN,1.93
2007-09-01,C,RS,1.75
2007-09-01,C,RO,2.54
2007-09-01,C,RR,1.03
2007-09-01,C,SC,1.34
2007-09-01,C,SP,1.28
2007-09-01,C,SE,2.94
2007-09-01,C,TO,2.18
2007-10-01,C,AC,1.45
2007-10-01,C,AL,3.32
2007-10-01,C,AP,2.24
2007-10-01,C,AM,1.40
2007-10-01,C,BA,1.64
2007-10-01,C,CE,2.80
2007-10-01,C,DF,1.51
2007-10-01,C,ES,1.12
2007-10-01,C,GO,1.79
2007-10-01,C,MA,4.66
2007-10-01,C,MT,2.07
2007-10-01,C,MS,2.57
2007-10-01,C,MG,1.69
2007-10-01,C,PA,1.88
2007-10-01,C,PB,2.63
2007-10-01,C,PR,1.76
2007-10-01,C,PE,2.75
2007-10-01,C,PI,3.77
2007-10-01,C,RJ,0.83
2007-10-01,C,RN,2.00
2007-10-01,C,RS,1.57
2007-10-01,C,RO,2.43
2007-10-01,C,RR,0.92
2007-10-01,C,SC,1.32
2007-10-01,C,SP,1.27
2007-10-01,C,SE,2.68
2007-10-01,C,TO,2.15
2007-11-01,C,AC,1.63
2007-11-01,C,AL,3.49
2007-11-01,C,AP,2.09
2007-11-01,C,AM,1.36
2007-11-01,C,BA,1.72
2007-11-01,C,CE,2.57
2007-11-01,C,DF,1.18
2007-11-01,C,ES,1.22
2007-11-01,C,GO,1.76
2007-11-01,C,MA,4.69
2007-11-01,C,MT,1.91
2007-11-01,C,MS,2.46
2007-11-01,C,MG,1.64
2007-11-01,C,PA,1.64
2007-11-01,C,PB,2.72
2007-11-01,C,PR,1.78
2007-11-01,C,PE,2.48
2007-11-01,C,PI,3.13
2007-11-01,C,RJ,0.81
2007-11-01,C,RN,2.35
2007-11-01,C,RS,1.57
2007-11-01,C,RO,2.37
2007-11-01,C,RR,0.80
2007-11-01,C,SC,1.13
2007-11-01,C,SP,1.26
2007-11-01,C,SE,2.08
2007-11-01,C,TO,2.05
2007-12-01,C,AC,1.65
2007-12-01,C,AL,3.55
2007-12-01,C,AP,1.87
2007-12-01,C,AM,1.58
2007-12-01,C,BA,1.47
2007-12-01,C,CE,2.48
2007-12-01,C,DF,1.32
2007-12-01,C,ES,1.19
2007-12-01,C,GO,1.57
2007-12-01,C,MA,4.54
2007-12-01,C,MT,1.69
2007-12-01,C,MS,1.96
2007-12-01,C,MG,1.57
2007-12-01,C,PA,1.62
2007-12-01,C,PB,2.63
2007-12-01,C,PR,1.53
2007-12-01,C,PE,2.27
2007-12-01,C,PI,2.98
2007-12-01,C,RJ,0.78
2007-12-01,C,RN,2.34
2007-12-01,C,RS,1.44
2007-12-01,C,RO,2.31
2007-12-01,C,RR,0.79
2007-12-01,C,SC,1.07
2007-12-01,C,SP,1.20
2007-12-01,C,SE,2.01
2007-12-01,C,TO,1.83
2008-01-01,C,AC,1.57
2008-01-01,C,AL,4.11
2008-01-01,C,AP,2.05
2008-01-01,C,AM,2.84
2008-01-01,C,BA,1.50
2008-01-01,C,CE,2.47
2008-01-01,C,DF,1.37
2008-01-01,C,ES,1.20
2008-01-01,C,GO,1.65
2008-01-01,C,MA,4.53
2008-01-01,C,MT,1.75
2008-01-01,C,MS,1.89
2008-01-01,C,MG,1.64
2008-01-01,C,PA,1.61
2008-01-01,C,PB,2.62
2008-01-01,C,PR,1.48
2008-01-01,C,PE,2.32
2008-01-01,C,PI,3.17
2008-01-01,C,RJ,0.78
2008-01-01,C,RN,2.38
2008-01-01,C,RS,1.48
2008-01-01,C,RO,2.42
2008-01-01,C,RR,0.89
2008-01-01,C,SC,1.10
2008-01-01,C,SP,1.23
2008-01-01,C,SE,2.19
2008-01-01,C,TO,1.57
2008-02-01,C,AC,1.38
2008-02-01,C,AL,3.16
2008-02-01,C,AP,1.83
2008-02-01,C,AM,2.91
2008-02-01,C,BA,1.50
2008-02-01,C,CE,2.27
2008-02-01,C,DF,1.32
2008-02-01,C,ES,1.10
2008-02-01,C,GO,1.58
2008-02-01,C,MA,4.48
2008-02-01,C,MT,1.73
2008-02-01,C,MS,1.77
2008-02-01,C,MG,1.53
2008-02-01,C,PA,1.56
2008-02-01,C,PB,2.63
2008-02-01,C,PR,1.49
2008-02-01,C,PE,2.30
2008-02-01,C,PI,3.10
2008-02-01,C,RJ,0.77
2008-02-01,C,RN,2.30
2008-02-01,C,RS,1.42
2008-02-01,C,RO,2.51
2008-02-01,C,RR,0.89
2008-02-01,C,SC,1.09
2008-02-01,C,SP,1.25
2008-02-01,C,SE,2.34
2008-02-01,C,TO,1.54
2008-03-01,C,AC,1.48
2008-03-01,C,AL,4.66
2008-03-01,C,AP,1.89
2008-03-01,C,AM,2.74
2008-03-01,C,BA,1.45
2008-03-01,C,CE,2.13
2008-03-01,C,DF,1.23
2008-03-01,C,ES,1.09
2008-03-01,C,GO,1.40
2008-03-01,C,MA,3.78
2008-03-01,C,MT,1.47
2008-03-01,C,MS,1.62
2008-03-01,C,MG,1.34
2008-03-01,C,PA,1.50
2008-03-01,C,PB,2.69
2008-03-01,C,PR,1.33
2008-03-01,C,PE,2.15
2008-03-01,C,PI,3.22
2008-03-01,C,RJ,0.70
2008-03-01,C,RN,2.10
2008-03-01,C,RS,1.36
2008-03-01,C,RO,2.43
2008-03-01,C,RR,0.90
2008-03-01,C,SC,1.08
2008-03-01,C,SP,1.18
2008-03-01,C,SE,2.37
2008-03-01,C,TO,1.54
2008-04-01,C,AC,1.34
2008-04-01,C,AL,4.27
2008-04-01,C,AP,1.67
2008-04-01,C,AM,4.01
2008-04-01,C,BA,1.50
2008-04-01,C,CE,1.89
2008-04-01,C,DF,1.16
2008-04-01,C,ES,1.13
2008-04-01,C,GO,1.31
2008-04-01,C,MA,3.81
2008-04-01,C,MT,1.56
2008-04-01,C,MS,1.63
2008-04-01,C,MG,1.28
2008-04-01,C,PA,1.63
2008-04-01,C,PB,2.75
2008-04-01,C,PR,1.37
2008-04-01,C,PE,1.99
2008-04-01,C,PI,3.16
2008-04-01,C,RJ,0.71
2008-04-01,C,RN,2.26
2008-04-01,C,RS,1.45
2008-04-01,C,RO,2.50
2008-04-01,C,RR,0.93
2008-04-01,C,SC,1.04
2008-04-01,C,SP,1.19
2008-04-01,C,SE,2.29
2008-04-01,C,TO,1.64
2008-05-01,C,AC,1.26
2008-05-01,C,AL,4.55
2008-05-01,C,AP,1.85
2008-05-01,C,AM,4.19
2008-05-01,C,BA,1.46
2008-05-01,C,CE,1.84
2008-05-01,C,DF,1.23
2008-05-01,C,ES,1.19
2008-05-01,C,GO,1.37
2008-05-01,C,MA,3.78
2008-05-01,C,MT,1.54
2008-05-01,C,MS,1.62
2008-05-01,C,MG,1.23
2008-05-01,C,PA,1.73
2008-05-01,C,PB,2.80
2008-05-01,C,PR,1.32
2008-05-01,C,PE,1.97
2008-05-01,C,PI,3.10
2008-05-01,C,RJ,0.69
2008-05-01,C,RN,2.33
2008-05-01,C,RS,1.43
2008-05-01,C,RO,2.31
2008-05-01,C,RR,0.98
2008-05-01,C,SC,1.08
2008-05-01,C,SP,1.26
2008-05-01,C,SE,2.32
2008-05-01,C,TO,1.83
2008-06-01,C,AC,1.14
2008-06-01,C,AL,3.32
2008-06-01,C,AP,1.79
2008-06-01,C,AM,3.51
2008-06-01,C,BA,1.38
2008-06-01,C,CE,1.83
2008-06-01,C,DF,1.12
2008-06-01,C,ES,1.12
2008-06-01,C,GO,1.35
2008-06-01,C,MA,3.51
2008-06-01,C,MT,1.15
2008-06-01,C,MS,1.47
2008-06-01,C,MG,1.10
2008-06-01,C,PA,1.72
2008-06-01,C,PB,2.55
2008-06-01,C,PR,1.18
2008-06-01,C,PE,1.98
2008-06-01,C,PI,2.93
2008-06-01,C,RJ,0.68
2008-06-01,C,RN,1.98
2008-06-01,C,RS,1.28
2008-06-01,C,RO,2.02
2008-06-01,C,RR,0.88
2008-06-01,C,SC,1.06
2008-06-01,C,SP,1.12
2008-06-01,C,SE,2.44
2008-06-01,C,TO,1.77
2008-07-01,C,AC,1.28
2008-07-01,C,AL,2.61
2008-07-01,C,AP,1.69
2008-07-01,C,AM,4.12
2008-07-01,C,BA,1.39
2008-07-01,C,CE,1.87
2008-07-01,C,DF,1.08
2008-07-01,C,ES,1.12
2008-07-01,C,GO,1.49
2008-07-01,C,MA,3.39
2008-07-01,C,MT,1.27
2008-07-01,C,MS,1.33
2008-07-01,C,MG,1.09
2008-07-01,C,PA,1.76
2008-07-01,C,PB,2.38
2008-07-01,C,PR,1.23
2008-07-01,C,PE,2.16
2008-07-01,C,PI,2.82
2008-07-01,C,RJ,0.70
2008-07-01,C,RN,2.03
2008-07-01,C,RS,1.32
2008-07-01,C,RO,1.94
2008-07-01,C,RR,0.89
2008-07-01,C,SC,1.05
2008-07-01,C,SP,1.11
2008-07-01,C,SE,2.45
2008-07-01,C,TO,1.86
2008-08-01,C,AC,1.01
2008-08-01,C,AL,2.35
2008-08-01,C,AP,1.62
2008-08-01,C,AM,3.60
2008-08-01,C,BA,1.49
2008-08-01,C,CE,1.78
2008-08-01,C,DF,1.16
2008-08-01,C,ES,1.10
2008-08-01,C,GO,1.81
2008-08-01,C,MA,3.09
2008-08-01,C,MT,1.24
2008-08-01,C,MS,1.41
2008-08-01,C,MG,1.12
2008-08-01,C,PA,1.82
2008-08-01,C,PB,2.25
2008-08-01,C,PR,1.27
2008-08-01,C,PE,2.14
2008-08-01,C,PI,2.79
2008-08-01,C,RJ,0.73
2008-08-01,C,RN,1.94
2008-08-01,C,RS,1.32
2008-08-01,C,RO,2.10
2008-08-01,C,RR,0.94
2008-08-01,C,SC,1.01
2008-08-01,C,SP,1.15
2008-08-01,C,SE,2.43
2008-08-01,C,TO,1.84
2008-09-01,C,AC,1.06
2008-09-01,C,AL,2.72
2008-09-01,C,AP,1.41
2008-09-01,C,AM,3.29
2008-09-01,C,BA,1.38
2008-09-01,C,CE,1.74
2008-09-01,C,DF,1.14
2008-09-01,C,ES,1.08
2008-09-01,C,GO,1.88
2008-09-01,C,MA,2.77
2008-09-01,C,MT,1.21
2008-09-01,C,MS,1.16
2008-09-01,C,MG,1.03
2008-09-01,C,PA,1.70
2008-09-01,C,PB,2.22
2008-09-01,C,PR,1.24
2008-09-01,C,PE,2.19
2008-09-01,C,PI,2.69
2008-09-01,C,RJ,0.82
2008-09-01,C,RN,1.81
2008-09-01,C,RS,1.32
2008-09-01,C,RO,2.02
2008-09-01,C,RR,0.87
2008-09-01,C,SC,0.88
2008-09-01,C,SP,1.14
2008-09-01,C,SE,2.39
2008-09-01,C,TO,1.79
2008-10-01,C,AC,1.14
2008-10-01,C,AL,3.33
2008-10-01,C,AP,1.45
2008-10-01,C,AM,3.95
2008-10-01,C,BA,1.43
2008-10-01,C,CE,1.59
2008-10-01,C,DF,1.11
2008-10-01,C,ES,1.15
2008-10-01,C,GO,2.10
2008-10-01,C,MA,2.95
2008-10-01,C,MT,1.16
2008-10-01,C,MS,1.19
2008-10-01,C,MG,1.04
2008-10-01,C,PA,1.61
2008-10-01,C,PB,2.55
2008-10-01,C,PR,1.28
2008-10-01,C,PE,2.14
2008-10-01,C,PI,2.69
2008-10-01,C,RJ,0.80
2008-10-01,C,RN,1.93
2008-10-01,C,RS,1.34
2008-10-01,C,RO,1.95
2008-10-01,C,RR,1.13
2008-10-01,C,SC,0.89
2008-10-01,C,SP,1.17
2008-10-01,C,SE,2.08
2008-10-01,C,TO,1.83
2008-11-01,C,AC,1.26
2008-11-01,C,AL,3.24
2008-11-01,C,AP,1.48
2008-11-01,C,AM,4.02
2008-11-01,C,BA,1.40
2008-11-01,C,CE,1.52
2008-11-01,C,DF,1.03
2008-11-01,C,ES,1.25
2008-11-01,C,GO,2.24
2008-11-01,C,MA,2.80
2008-11-01,C,MT,1.17
2008-11-01,C,MS,1.31
2008-11-01,C,MG,1.07
2008-11-01,C,PA,1.79
2008-11-01,C,PB,2.56
2008-11-01,C,PR,1.27
2008-11-01,C,PE,1.91
2008-11-01,C,PI,2.54
2008-11-01,C,RJ,0.80
2008-11-01,C,RN,1.94
2008-11-01,C,RS,1.31
2008-11-01,C,RO,1.97
2008-11-01,C,RR,1.00
2008-11-01,C,SC,0.91
2008-11-01,C,SP,1.22
2008-11-01,C,SE,2.06
2008-11-01,C,TO,1.83
2008-12-01,C,AC,1.43
2008-12-01,C,AL,4.33
2008-12-01,C,AP,1.57
2008-12-01,C,AM,3.62
2008-12-01,C,BA,1.37
2008-12-01,C,CE,1.57
2008-12-01,C,DF,1.05
2008-12-01,C,ES,1.42
2008-12-01,C,GO,2.34
2008-12-01,C,MA,2.84
2008-12-01,C,MT,1.30
2008-12-01,C,MS,1.76
2008-12-01,C,MG,1.09
2008-12-01,C,PA,2.10
2008-12-01,C,PB,2.44
2008-12-01,C,PR,1.36
2008-12-01,C,PE,2.23
2008-12-01,C,PI,4.45
2008-12-01,C,RJ,0.85
2008-12-01,C,RN,2.11
2008-12-01,C,RS,1.35
2008-12-01,C,RO,2.27
2008-12-01,C,RR,1.14
2008-12-01,C,SC,1.03
2008-12-01,C,SP,1.34
2008-12-01,C,SE,1.96
2008-12-01,C,TO,2.04
2009-01-01,C,AC,1.59
2009-01-01,C,AL,3.86
2009-01-01,C,AP,1.80
2009-01-01,C,AM,2.22
2009-01-01,C,BA,1.58
2009-01-01,C,CE,1.70
2009-01-01,C,DF,1.16
2009-01-01,C,ES,1.73
2009-01-01,C,GO,2.67
2009-01-01,C,MA,3.07
2009-01-01,C,MT,1.82
2009-01-01,C,MS,1.91
2009-01-01,C,MG,1.29
2009-01-01,C,PA,2.37
2009-01-01,C,PB,2.71
2009-01-01,C,PR,1.62
2009-01-01,C,PE,2.49
2009-01-01,C,PI,4.74
2009-01-01,C,RJ,0.98
2009-01-01,C,RN,2.22
2009-01-01,C,RS,1.49
2009-01-01,C,RO,2.53
2009-01-01,C,RR,1.20
2009-01-01,C,SC,1.09
2009-01-01,C,SP,1.55
2009-01-01,C,SE,2.08
2009-01-01,C,TO,2.26
2009-02-01,C,AC,1.74
2009-02-01,C,AL,4.22
2009-02-01,C,AP,2.44
2009-02-01,C,AM,2.53
2009-02-01,C,BA,2.02
2009-02-01,C,CE,1.84
2009-02-01,C,DF,1.35
2009-02-01,C,ES,1.93
2009-02-01,C,GO,2.94
2009-02-01,C,MA,3.27
2009-02-01,C,MT,2.02
2009-02-01,C,MS,2.03
2009-02-01,C,MG,1.50
2009-02-01,C,PA,3.11
2009-02-01,C,PB,2.83
2009-02-01,C,PR,1.89
2009-02-01,C,PE,2.81
2009-02-01,C,PI,4.93
2009-02-01,C,RJ,1.10
2009-02-01,C,RN,2.77
2009-02-01,C,RS,1.67
2009-02-01,C,RO,5.32
2009-02-01,C,RR,1.31
2009-02-01,C,SC,1.34
2009-02-01,C,SP,1.89
2009-02-01,C,SE,2.16
2009-02-01,C,TO,2.50
2009-03-01,C,AC,1.84
2009-03-01,C,AL,5.69
2009-03-01,C,AP,2.73
2009-03-01,C,AM,2.44
2009-03-01,C,BA,1.94
2009-03-01,C,CE,1.98
2009-03-01,C,DF,1.48
2009-03-01,C,ES,2.21
2009-03-01,C,GO,3.44
2009-03-01,C,MA,3.48
2009-03-01,C,MT,2.06
2009-03-01,C,MS,2.33
2009-03-01,C,MG,1.84
2009-03-01,C,PA,3.40
2009-03-01,C,PB,3.09
2009-03-01,C,PR,2.10
2009-03-01,C,PE,2.98
2009-03-01,C,PI,4.89
2009-03-01,C,RJ,1.33
2009-03-01,C,RN,2.77
2009-03-01,C,RS,1.78
2009-03-01,C,RO,5.52
2009-03-01,C,RR,1.49
2009-03-01,C,SC,1.66
2009-03-01,C,SP,2.11
2009-03-01,C,SE,2.38
2009-03-01,C,TO,2.75
2009-04-01,C,AC,1.93
2009-04-01,C,AL,6.12
2009-04-01,C,AP,2.57
2009-04-01,C,AM,1.89
2009-04-01,C,BA,2.04
2009-04-01,C,CE,2.10
2009-04-01,C,DF,1.70
2009-04-01,C,ES,2.59
2009-04-01,C,GO,4.20
2009-04-01,C,MA,3.73
2009-04-01,C,MT,2.41
2009-04-01,C,MS,2.48
2009-04-01,C,MG,2.18
2009-04-01,C,PA,3.45
2009-04-01,C,PB,3.53
2009-04-01,C,PR,2.42
2009-04-01,C,PE,3.38
2009-04-01,C,PI,5.78
2009-04-01,C,RJ,1.45
2009-04-01,C,RN,2.70
2009-04-01,C,RS,1.90
2009-04-01,C,RO,4.94
2009-04-01,C,RR,1.98
2009-04-01,C,SC,1.65
2009-04-01,C,SP,2.33
2009-04-01,C,SE,2.93
2009-04-01,C,TO,2.77
2009-05-01,C,AC,2.27
2009-05-01,C,AL,6.31
2009-05-01,C,AP,2.90
2009-05-01,C,AM,1.94
2009-05-01,C,BA,2.20
2009-05-01,C,CE,2.17
2009-05-01,C,DF,1.79
2009-05-01,C,ES,2.98
2009-05-01,C,GO,3.95
2009-05-01,C,MA,4.07
2009-05-01,C,MT,3.24
2009-05-01,C,MS,2.80
2009-05-01,C,MG,2.48
2009-05-01,C,PA,3.91
2009-05-01,C,PB,4.18
2009-05-01,C,PR,2.69
2009-05-01,C,PE,3.28
2009-05-01,C,PI,6.49
2009-05-01,C,RJ,1.60
2009-05-01,C,RN,3.09
2009-05-01,C,RS,2.19
2009-05-01,C,RO,5.58
2009-05-01,C,RR,1.68
2009-05-01,C,SC,1.79
2009-05-01,C,SP,2.68
2009-05-01,C,SE,3.36
2009-05-01,C,TO,3.25
2009-06-01,C,AC,2.32
2009-06-01,C,AL,3.49
2009-06-01,C,AP,3.85
2009-06-01,C,AM,2.85
2009-06-01,C,BA,3.07
2009-06-01,C,CE,2.29
2009-06-01,C,DF,1.92
2009-06-01,C,ES,3.79
2009-06-01,C,GO,3.70
2009-06-01,C,MA,4.13
2009-06-01,C,MT,3.16
2009-06-01,C,MS,3.12
2009-06-01,C,MG,2.62
2009-06-01,C,PA,4.94
2009-06-01,C,PB,3.94
2009-06-01,C,PR,2.83
2009-06-01,C,PE,3.05
2009-06-01,C,PI,4.63
2009-06-01,C,RJ,1.56
2009-06-01,C,RN,3.73
2009-06-01,C,RS,2.23
2009-06-01,C,RO,5.15
2009-06-01,C,RR,1.75
2009-06-01,C,SC,1.90
2009-06-01,C,SP,2.93
2009-06-01,C,SE,3.71
2009-06-01,C,TO,3.21
2009-07-01,C,AC,2.21
2009-07-01,C,AL,3.62
2009-07-01,C,AP,2.76
2009-07-01,C,AM,3.53
2009-07-01,C,BA,2.42
2009-07-01,C,CE,2.45
2009-07-01,C,DF,2.03
2009-07-01,C,ES,4.03
2009-07-01,C,GO,4.08
2009-07-01,C,MA,4.25
2009-07-01,C,MT,3.47
2009-07-01,C,MS,3.23
2009-07-01,C,MG,2.86
2009-07-01,C,PA,4.55
2009-07-01,C,PB,4.55
2009-07-01,C,PR,3.05
2009-07-01,C,PE,1.75
2009-07-01,C,PI,4.38
2009-07-01,C,RJ,1.51
2009-07-01,C,RN,3.80
2009-07-01,C,RS,2.76
2009-07-01,C,RO,5.50
2009-07-01,C,RR,1.64
2009-07-01,C,SC,2.08
2009-07-01,C,SP,3.25
2009-07-01,C,SE,3.89
2009-07-01,C,TO,3.54
2009-08-01,C,AC,2.00
2009-08-01,C,AL,3.59
2009-08-01,C,AP,3.01
2009-08-01,C,AM,3.94
2009-08-01,C,BA,2.66
2009-08-01,C,CE,2.28
2009-08-01,C,DF,2.14
2009-08-01,C,ES,3.58
2009-08-01,C,GO,4.05
2009-08-01,C,MA,4.08
2009-08-01,C,MT,3.74
2009-08-01,C,MS,3.53
2009-08-01,C,MG,3.05
2009-08-01,C,PA,5.10
2009-08-01,C,PB,4.24
2009-08-01,C,PR,3.20
2009-08-01,C,PE,1.83
2009-08-01,C,PI,4.50
2009-08-01,C,RJ,1.52
2009-08-01,C,RN,3.77
2009-08-01,C,RS,2.67
2009-08-01,C,RO,5.89
2009-08-01,C,RR,1.56
2009-08-01,C,SC,2.45
2009-08-01,C,SP,3.29
2009-08-01,C,SE,4.10
2009-08-01,C,TO,3.55
2009-09-01,C,AC,1.90
2009-09-01,C,AL,3.31
2009-09-01,C,AP,3.15
2009-09-01,C,AM,4.26
2009-09-01,C,BA,2.57
2009-09-01,C,CE,2.33
2009-09-01,C,DF,2.13
2009-09-01,C,ES,3.51
2009-09-01,C,GO,4.87
2009-09-01,C,MA,4.33
2009-09-01,C,MT,3.74
2009-09-01,C,MS,3.95
2009-09-01,C,MG,3.21
2009-09-01,C,PA,4.74
2009-09-01,C,PB,4.29
2009-09-01,C,PR,3.19
2009-09-01,C,PE,1.80
2009-09-01,C,PI,5.14
2009-09-01,C,RJ,1.50
2009-09-01,C,RN,3.68
2009-09-01,C,RS,2.70
2009-09-01,C,RO,6.06
2009-09-01,C,RR,1.37
2009-09-01,C,SC,2.54
2009-09-01,C,SP,3.23
2009-09-01,C,SE,4.16
2009-09-01,C,TO,3.46
2009-10-01,C,AC,1.93
2009-10-01,C,AL,3.26
2009-10-01,C,AP,3.04
2009-10-01,C,AM,4.09
2009-10-01,C,BA,2.59
2009-10-01,C,CE,2.26
2009-10-01,C,DF,2.46
2009-10-01,C,ES,3.45
2009-10-01,C,GO,5.14
2009-10-01,C,MA,3.95
2009-10-01,C,MT,4.19
2009-10-01,C,MS,3.95
2009-10-01,C,MG,3.18
2009-10-01,C,PA,4.43
2009-10-01,C,PB,4.14
2009-10-01,C,PR,3.13
2009-10-01,C,PE,2.04
2009-10-01,C,PI,4.50
2009-10-01,C,RJ,1.57
2009-10-01,C,RN,3.52
2009-10-01,C,RS,2.76
2009-10-01,C,RO,6.04
2009-10-01,C,RR,1.85
2009-10-01,C,SC,2.56
2009-10-01,C,SP,3.17
2009-10-01,C,SE,4.28
2009-10-01,C,TO,3.44
2009-11-01,C,AC,1.69
2009-11-01,C,AL,3.87
2009-11-01,C,AP,2.93
2009-11-01,C,AM,3.65
2009-11-01,C,BA,2.91
2009-11-01,C,CE,2.46
2009-11-01,C,DF,2.32
2009-11-01,C,ES,3.39
2009-11-01,C,GO,5.03
2009-11-01,C,MA,3.87
2009-11-01,C,MT,3.97
2009-11-01,C,MS,4.44
2009-11-01,C,MG,3.05
2009-11-01,C,PA,4.18
2009-11-01,C,PB,4.81
2009-11-01,C,PR,2.99
2009-11-01,C,PE,1.97
2009-11-01,C,PI,4.28
2009-11-01,C,RJ,1.52
2009-11-01,C,RN,3.29
2009-11-01,C,RS,2.85
2009-11-01,C,RO,6.01
2009-11-01,C,RR,1.87
2009-11-01,C,SC,2.46
2009-11-01,C,SP,3.14
2009-11-01,C,SE,4.32
2009-11-01,C,TO,6.82
2009-12-01,C,AC,1.48
2009-12-01,C,AL,3.00
2009-12-01,C,AP,2.85
2009-12-01,C,AM,3.58
2009-12-01,C,BA,2.48
2009-12-01,C,CE,2.47
2009-12-01,C,DF,2.15
2009-12-01,C,ES,3.06
2009-12-01,C,GO,3.61
2009-12-01,C,MA,3.63
2009-12-01,C,MT,2.96
2009-12-01,C,MS,4.32
2009-12-01,C,MG,2.87
2009-12-01,C,PA,4.01
2009-12-01,C,PB,4.62
2009-12-01,C,PR,2.88
2009-12-01,C,PE,2.01
2009-12-01,C,PI,3.72
2009-12-01,C,RJ,1.33
2009-12-01,C,RN,3.14
2009-12-01,C,RS,2.67
2009-12-01,C,RO,5.71
2009-12-01,C,RR,1.39
2009-12-01,C,SC,2.12
2009-12-01,C,SP,2.75
2009-12-01,C,SE,3.81
2009-12-01,C,TO,6.12
2010-01-01,C,AC,1.33
2010-01-01,C,AL,3.02
2010-01-01,C,AP,2.78
2010-01-01,C,AM,3.99
2010-01-01,C,BA,2.44
2010-01-01,C,CE,2.47
2010-01-01,C,DF,2.22
2010-01-01,C,ES,2.86
2010-01-01,C,GO,3.48
2010-01-01,C,MA,3.94
2010-01-01,C,MT,2.68
2010-01-01,C,MS,4.49
2010-01-01,C,MG,2.77
2010-01-01,C,PA,4.01
2010-01-01,C,PB,4.52
2010-01-01,C,PR,2.87
2010-01-01,C,PE,2.09
2010-01-01,C,PI,4.71
2010-01-01,C,RJ,1.26
2010-01-01,C,RN,2.84
2010-01-01,C,RS,2.68
2010-01-01,C,RO,5.79
2010-01-01,C,RR,1.32
2010-01-01,C,SC,2.11
2010-01-01,C,SP,2.79
2010-01-01,C,SE,3.58
2010-01-01,C,TO,3.37
2010-02-01,C,AC,1.35
2010-02-01,C,AL,2.04
2010-02-01,C,AP,2.96
2010-02-01,C,AM,4.03
2010-02-01,C,BA,2.44
2010-02-01,C,CE,2.49
2010-02-01,C,DF,2.11
2010-02-01,C,ES,2.68
2010-02-01,C,GO,3.40
2010-02-01,C,MA,4.84
2010-02-01,C,MT,2.33
2010-02-01,C,MS,3.90
2010-02-01,C,MG,2.69
2010-02-01,C,PA,4.81
2010-02-01,C,PB,4.45
2010-02-01,C,PR,2.82
2010-02-01,C,PE,2.02
2010-02-01,C,PI,4.46
2010-02-01,C,RJ,1.21
2010-02-01,C,RN,2.78
2010-02-01,C,RS,2.79
2010-02-01,C,RO,6.11
2010-02-01,C,RR,1.48
2010-02-01,C,SC,2.13
2010-02-01,C,SP,2.67
2010-02-01,C,SE,3.49
2010-02-01,C,TO,3.58
2010-03-01,C,AC,1.10
2010-03-01,C,AL,3.07
2010-03-01,C,AP,2.55
2010-03-01,C,AM,2.45
2010-03-01,C,BA,2.14
2010-03-01,C,CE,2.46
2010-03-01,C,DF,1.85
2010-03-01,C,ES,2.43
2010-03-01,C,GO,3.17
2010-03-01,C,MA,4.99
2010-03-01,C,MT,2.18
2010-03-01,C,MS,3.99
2010-03-01,C,MG,2.53
2010-03-01,C,PA,4.87
2010-03-01,C,PB,4.28
2010-03-01,C,PR,2.65
2010-03-01,C,PE,1.87
2010-03-01,C,PI,4.19
2010-03-01,C,RJ,1.14
2010-03-01,C,RN,2.65
2010-03-01,C,RS,2.65
2010-03-01,C,RO,5.82
2010-03-01,C,RR,1.32
2010-03-01,C,SC,2.03
2010-03-01,C,SP,2.49
2010-03-01,C,SE,3.35
2010-03-01,C,TO,3.67
2010-04-01,C,AC,1.14
2010-04-01,C,AL,2.89
2010-04-01,C,AP,2.61
2010-04-01,C,AM,2.59
2010-04-01,C,BA,2.19
2010-04-01,C,CE,2.49
2010-04-01,C,DF,1.75
2010-04-01,C,ES,2.91
2010-04-01,C,GO,2.99
2010-04-01,C,MA,5.15
2010-04-01,C,MT,2.20
2010-04-01,C,MS,3.98
2010-04-01,C,MG,2.46
2010-04-01,C,PA,4.92
2010-04-01,C,PB,4.14
2010-04-01,C,PR,2.59
2010-04-01,C,PE,1.78
2010-04-01,C,PI,3.99
2010-04-01,C,RJ,1.01
2010-04-01,C,RN,2.68
2010-04-01,C,RS,2.57
2010-04-01,C,RO,5.30
2010-04-01,C,RR,1.47
2010-04-01,C,SC,1.85
2010-04-01,C,SP,2.51
2010-04-01,C,SE,3.14
2010-04-01,C,TO,3.67
2010-05-01,C,AC,1.28
2010-05-01,C,AL,2.96
2010-05-01,C,AP,3.06
2010-05-01,C,AM,2.55
2010-05-01,C,BA,2.05
2010-05-01,C,CE,2.50
2010-05-01,C,DF,1.71
2010-05-01,C,ES,2.73
2010-05-01,C,GO,2.65
2010-05-01,C,MA,4.93
2010-05-01,C,MT,2.24
2010-05-01,C,MS,3.71
2010-05-01,C,MG,2.25
2010-05-01,C,PA,4.56
2010-05-01,C,PB,4.84
2010-05-01,C,PR,2.56
2010-05-01,C,PE,1.60
2010-05-01,C,PI,3.90
2010-05-01,C,RJ,0.97
2010-05-01,C,RN,2.49
2010-05-01,C,RS,2.42
2010-05-01,C,RO,5.30
2010-05-01,C,RR,1.58
2010-05-01,C,SC,1.70
2010-05-01,C,SP,2.32
2010-05-01,C,SE,2.54
2010-05-01,C,TO,3.70
2010-06-01,C,AC,1.22
2010-06-01,C,AL,3.18
2010-06-01,C,AP,3.28
2010-06-01,C,AM,2.50
2010-06-01,C,BA,1.89
2010-06-01,C,CE,2.46
2010-06-01,C,DF,1.54
2010-06-01,C,ES,2.67
2010-06-01,C,GO,2.48
2010-06-01,C,MA,4.63
2010-06-01,C,MT,2.15
2010-06-01,C,MS,3.11
2010-06-01,C,MG,2.09
2010-06-01,C,PA,4.45
2010-06-01,C,PB,4.46
2010-06-01,C,PR,2.39
2010-06-01,C,PE,1.53
2010-06-01,C,PI,3.79
2010-06-01,C,RJ,0.98
2010-06-01,C,RN,2.36
2010-06-01,C,RS,2.37
2010-06-01,C,RO,4.87
2010-06-01,C,RR,1.59
2010-06-01,C,SC,1.67
2010-06-01,C,SP,2.24
2010-06-01,C,SE,2.67
2010-06-01,C,TO,3.59
2010-07-01,C,AC,1.33
2010-07-01,C,AL,2.72
2010-07-01,C,AP,3.66
2010-07-01,C,AM,2.24
2010-07-01,C,BA,2.09
2010-07-01,C,CE,2.43
2010-07-01,C,DF,1.54
2010-07-01,C,ES,2.61
2010-07-01,C,GO,2.62
2010-07-01,C,MA,4.55
2010-07-01,C,MT,3.26
2010-07-01,C,MS,3.40
2010-07-01,C,MG,2.01
2010-07-01,C,PA,3.91
2010-07-01,C,PB,4.44
2010-07-01,C,PR,2.44
2010-07-01,C,PE,1.38
2010-07-01,C,PI,3.41
2010-07-01,C,RJ,1.02
2010-07-01,C,RN,2.48
2010-07-01,C,RS,2.34
2010-07-01,C,RO,4.76
2010-07-01,C,RR,1.37
2010-07-01,C,SC,1.65
2010-07-01,C,SP,2.20
2010-07-01,C,SE,2.58
2010-07-01,C,TO,3.63
2010-08-01,C,AC,1.22
2010-08-01,C,AL,2.27
2010-08-01,C,AP,3.54
2010-08-01,C,AM,1.95
2010-08-01,C,BA,2.18
2010-08-01,C,CE,2.03
2010-08-01,C,DF,1.57
2010-08-01,C,ES,2.59
2010-08-01,C,GO,3.03
2010-08-01,C,MA,4.40
2010-08-01,C,MT,2.63
2010-08-01,C,MS,2.60
2010-08-01,C,MG,1.85
2010-08-01,C,PA,3.80
2010-08-01,C,PB,2.66
2010-08-01,C,PR,2.37
2010-08-01,C,PE,1.22
2010-08-01,C,PI,3.58
2010-08-01,C,RJ,0.99
2010-08-01,C,RN,2.42
2010-08-01,C,RS,1.99
2010-08-01,C,RO,4.58
2010-08-01,C,RR,1.10
2010-08-01,C,SC,1.60
2010-08-01,C,SP,2.13
2010-08-01,C,SE,2.66
2010-08-01,C,TO,3.07
2010-09-01,C,AC,1.16
2010-09-01,C,AL,4.54
2010-09-01,C,AP,3.52
2010-09-01,C,AM,1.97
2010-09-01,C,BA,2.15
2010-09-01,C,CE,1.90
2010-09-01,C,DF,1.59
2010-09-01,C,ES,2.66
2010-09-01,C,GO,2.52
2010-09-01,C,MA,4.24
2010-09-01,C,MT,2.68
2010-09-01,C,MS,2.52
2010-09-01,C,MG,1.69
2010-09-01,C,PA,3.97
2010-09-01,C,PB,2.58
2010-09-01,C,PR,2.25
2010-09-01,C,PE,1.23
2010-09-01,C,PI,2.69
2010-09-01,C,RJ,0.98
2010-09-01,C,RN,2.56
2010-09-01,C,RS,1.94
2010-09-01,C,RO,4.52
2010-09-01,C,RR,1.11
2010-09-01,C,SC,1.67
2010-09-01,C,SP,1.96
2010-09-01,C,SE,2.49
2010-09-01,C,TO,4.36
2010-10-01,C,AC,1.20
2010-10-01,C,AL,2.69
2010-10-01,C,AP,3.83
2010-10-01,C,AM,2.08
2010-10-01,C,BA,2.08
2010-10-01,C,CE,1.85
2010-10-01,C,DF,1.47
2010-10-01,C,ES,2.56
2010-10-01,C,GO,2.98
2010-10-01,C,MA,4.15
2010-10-01,C,MT,2.71
2010-10-01,C,MS,2.37
2010-10-01,C,MG,1.70
2010-10-01,C,PA,3.55
2010-10-01,C,PB,2.47
2010-10-01,C,PR,2.16
2010-10-01,C,PE,1.11
2010-10-01,C,PI,2.72
2010-10-01,C,RJ,1.03
2010-10-01,C,RN,2.43
2010-10-01,C,RS,1.92
2010-10-01,C,RO,4.37
2010-10-01,C,RR,1.19
2010-10-01,C,SC,1.70
2010-10-01,C,SP,1.86
2010-10-01,C,SE,2.66
2010-10-01,C,TO,4.43
2010-11-01,C,AC,1.33
2010-11-01,C,AL,2.81
2010-11-01,C,AP,3.77
2010-11-01,C,AM,2.10
2010-11-01,C,BA,1.95
2010-11-01,C,CE,1.88
2010-11-01,C,DF,1.59
2010-11-01,C,ES,2.42
2010-11-01,C,GO,2.31
2010-11-01,C,MA,4.00
2010-11-01,C,MT,2.68
2010-11-01,C,MS,2.04
2010-11-01,C,MG,1.64
2010-11-01,C,PA,3.17
2010-11-01,C,PB,2.47
2010-11-01,C,PR,2.19
2010-11-01,C,PE,1.10
2010-11-01,C,PI,2.73
2010-11-01,C,RJ,0.99
2010-11-01,C,RN,2.42
2010-11-01,C,RS,1.89
2010-11-01,C,RO,4.13
2010-11-01,C,RR,1.13
2010-11-01,C,SC,1.69
2010-11-01,C,SP,1.85
2010-11-01,C,SE,2.58
2010-11-01,C,TO,4.17
2010-12-01,C,AC,1.20
2010-12-01,C,AL,2.65
2010-12-01,C,AP,3.81
2010-12-01,C,AM,2.02
2010-12-01,C,BA,1.90
2010-12-01,C,CE,1.91
2010-12-01,C,DF,1.62
2010-12-01,C,ES,2.04
2010-12-01,C,GO,2.45
2010-12-01,C,MA,3.13
2010-12-01,C,MT,2.80
2010-12-01,C,MS,1.76
2010-12-01,C,MG,1.65
2010-12-01,C,PA,2.69
2010-12-01,C,PB,2.90
2010-12-01,C,PR,2.14
2010-12-01,C,PE,1.07
2010-12-01,C,PI,2.81
2010-12-01,C,RJ,0.97
2010-12-01,C,RN,2.41
2010-12-01,C,RS,1.86
2010-12-01,C,RO,4.07
2010-12-01,C,RR,1.19
2010-12-01,C,SC,1.61
2010-12-01,C,SP,1.78
2010-12-01,C,SE,2.30
2010-12-01,C,TO,3.96
2011-01-01,C,AC,1.24
2011-01-01,C,AL,3.20
2011-01-01,C,AP,3.82
2011-01-01,C,AM,2.26
2011-01-01,C,BA,1.94
2011-01-01,C,CE,1.94
2011-01-01,C,DF,1.60
2011-01-01,C,ES,2.05
2011-01-01,C,GO,2.51
2011-01-01,C,MA,3.34
2011-01-01,C,MT,2.47
2011-01-01,C,MS,1.65
2011-01-01,C,MG,1.69
2011-01-01,C,PA,2.89
2011-01-01,C,PB,3.98
2011-01-01,C,PR,2.16
2011-01-01,C,PE,1.15
2011-01-01,C,PI,2.93
2011-01-01,C,RJ,1.02
2011-01-01,C,RN,2.54
2011-01-01,C,RS,1.83
2011-01-01,C,RO,4.01
2011-01-01,C,RR,9.44
2011-01-01,C,SC,1.94
2011-01-01,C,SP,1.87
2011-01-01,C,SE,2.36
2011-01-01,C,TO,3.98
2011-02-01,C,AC,1.19
2011-02-01,C,AL,3.20
2011-02-01,C,AP,3.57
2011-02-01,C,AM,2.15
2011-02-01,C,BA,2.06
2011-02-01,C,CE,1.94
2011-02-01,C,DF,1.43
2011-02-01,C,ES,1.81
2011-02-01,C,GO,2.31
2011-02-01,C,MA,3.22
2011-02-01,C,MT,2.34
2011-02-01,C,MS,1.54
2011-02-01,C,MG,1.58
2011-02-01,C,PA,2.83
2011-02-01,C,PB,2.87
2011-02-01,C,PR,2.10
2011-02-01,C,PE,1.10
2011-02-01,C,PI,2.93
2011-02-01,C,RJ,0.98
2011-02-01,C,RN,2.87
2011-02-01,C,RS,1.79
2011-02-01,C,RO,4.13
2011-02-01,C,RR,10.66
2011-02-01,C,SC,1.95
2011-02-01,C,SP,1.77
2011-02-01,C,SE,2.22
2011-02-01,C,TO,3.89
2011-03-01,C,AC,1.18
2011-03-01,C,AL,2.39
2011-03-01,C,AP,3.33
2011-03-01,C,AM,2.04
2011-03-01,C,BA,1.99
2011-03-01,C,CE,1.96
2011-03-01,C,DF,1.79
2011-03-01,C,ES,1.77
2011-03-01,C,GO,2.12
2011-03-01,C,MA,3.22
2011-03-01,C,MT,3.15
2011-03-01,C,MS,1.61
2011-03-01,C,MG,1.60
2011-03-01,C,PA,2.81
2011-03-01,C,PB,2.72
2011-03-01,C,PR,2.10
2011-03-01,C,PE,1.30
2011-03-01,C,PI,2.93
2011-03-01,C,RJ,0.97
2011-03-01,C,RN,2.96
2011-03-01,C,RS,1.80
2011-03-01,C,RO,4.17
2011-03-01,C,RR,10.50
2011-03-01,C,SC,1.99
2011-03-01,C,SP,1.75
2011-03-01,C,SE,2.00
2011-03-01,C,TO,3.80
2011-04-01,C,AC,1.26
2011-04-01,C,AL,2.37
2011-04-01,C,AP,3.37
2011-04-01,C,AM,2.04
2011-04-01,C,BA,2.14
2011-04-01,C,CE,2.13
2011-04-01,C,DF,1.81
2011-04-01,C,ES,1.99
2011-04-01,C,GO,2.22
2011-04-01,C,MA,3.30
2011-04-01,C,MT,3.19
2011-04-01,C,MS,1.66
2011-04-01,C,MG,1.67
2011-04-01,C,PA,2.58
2011-04-01,C,PB,2.98
2011-04-01,C,PR,2.16
2011-04-01,C,PE,1.33
2011-04-01,C,PI,2.51
2011-04-01,C,RJ,1.01
2011-04-01,C,RN,2.89
2011-04-01,C,RS,1.76
2011-04-01,C,RO,2.90
2011-04-01,C,RR,10.51
2011-04-01,C,SC,2.02
2011-04-01,C,SP,1.91
2011-04-01,C,SE,1.88
2011-04-01,C,TO,3.96
2011-05-01,C,AC,1.36
2011-05-01,C,AL,2.35
2011-05-01,C,AP,3.58
2011-05-01,C,AM,2.14
2011-05-01,C,BA,2.34
2011-05-01,C,CE,2.45
2011-05-01,C,DF,1.76
2011-05-01,C,ES,2.12
2011-05-01,C,GO,2.19
2011-05-01,C,MA,3.37
2011-05-01,C,MT,3.16
2011-05-01,C,MS,1.72
2011-05-01,C,MG,1.73
2011-05-01,C,PA,2.52
2011-05-01,C,PB,3.75
2011-05-01,C,PR,2.27
2011-05-01,C,PE,1.37
2011-05-01,C,PI,2.88
2011-05-01,C,RJ,1.06
2011-05-01,C,RN,2.93
2011-05-01,C,RS,1.96
2011-05-01,C,RO,3.05
2011-05-01,C,RR,10.81
2011-05-01,C,SC,2.02
2011-05-01,C,SP,1.99
2011-05-01,C,SE,1.81
2011-05-01,C,TO,3.79
2011-06-01,C,AC,1.49
2011-06-01,C,AL,1.51
2011-06-01,C,AP,3.92
2011-06-01,C,AM,1.91
2011-06-01,C,BA,2.24
2011-06-01,C,CE,2.36
2011-06-01,C,DF,1.78
2011-06-01,C,ES,2.22
2011-06-01,C,GO,2.15
2011-06-01,C,MA,2.88
2011-06-01,C,MT,3.11
2011-06-01,C,MS,1.86
2011-06-01,C,MG,1.72
2011-06-01,C,PA,2.37
2011-06-01,C,PB,2.50
2011-06-01,C,PR,2.27
2011-06-01,C,PE,1.27
2011-06-01,C,PI,2.21
2011-06-01,C,RJ,1.02
2011-06-01,C,RN,2.21
2011-06-01,C,RS,1.96
2011-06-01,C,RO,3.02
2011-06-01,C,RR,1.38
2011-06-01,C,SC,1.97
2011-06-01,C,SP,1.96
2011-06-01,C,SE,2.32
2011-06-01,C,TO,3.88
2011-07-01,C,AC,1.58
2011-07-01,C,AL,3.46
2011-07-01,C,AP,4.10
2011-07-01,C,AM,1.98
2011-07-01,C,BA,2.36
2011-07-01,C,CE,2.41
2011-07-01,C,DF,1.75
2011-07-01,C,ES,2.31
2011-07-01,C,GO,2.25
2011-07-01,C,MA,2.95
2011-07-01,C,MT,2.56
2011-07-01,C,MS,1.89
2011-07-01,C,MG,1.78
2011-07-01,C,PA,2.57
2011-07-01,C,PB,2.46
2011-07-01,C,PR,2.29
2011-07-01,C,PE,1.44
2011-07-01,C,PI,2.53
2011-07-01,C,RJ,1.04
2011-07-01,C,RN,2.26
2011-07-01,C,RS,2.13
2011-07-01,C,RO,3.09
2011-07-01,C,RR,1.37
2011-07-01,C,SC,2.01
2011-07-01,C,SP,1.95
2011-07-01,C,SE,2.65
2011-07-01,C,TO,2.46
2011-08-01,C,AC,1.63
2011-08-01,C,AL,1.39
2011-08-01,C,AP,4.28
2011-08-01,C,AM,2.00
2011-08-01,C,BA,2.36
2011-08-01,C,CE,2.41
2011-08-01,C,DF,1.97
2011-08-01,C,ES,2.21
2011-08-01,C,GO,2.05
2011-08-01,C,MA,2.91
2011-08-01,C,MT,2.52
2011-08-01,C,MS,1.79
2011-08-01,C,MG,1.86
2011-08-01,C,PA,2.52
2011-08-01,C,PB,2.36
2011-08-01,C,PR,2.18
2011-08-01,C,PE,1.43
2011-08-01,C,PI,2.62
2011-08-01,C,RJ,1.01
2011-08-01,C,RN,2.39
2011-08-01,C,RS,2.03
2011-08-01,C,RO,3.04
2011-08-01,C,RR,1.25
2011-08-01,C,SC,2.06
2011-08-01,C,SP,1.99
2011-08-01,C,SE,2.82
2011-08-01,C,TO,2.35
2011-09-01,C,AC,1.63
2011-09-01,C,AL,1.35
2011-09-01,C,AP,4.44
2011-09-01,C,AM,1.92
2011-09-01,C,BA,2.44
2011-09-01,C,CE,2.08
2011-09-01,C,DF,2.15
2011-09-01,C,ES,2.36
2011-09-01,C,GO,1.97
2011-09-01,C,MA,2.96
2011-09-01,C,MT,2.37
2011-09-01,C,MS,1.43
2011-09-01,C,MG,1.82
2011-09-01,C,PA,2.40
2011-09-01,C,PB,2.25
2011-09-01,C,PR,2.16
2011-09-01,C,PE,1.41
2011-09-01,C,PI,2.65
2011-09-01,C,RJ,1.03
2011-09-01,C,RN,2.47
2011-09-01,C,RS,2.00
2011-09-01,C,RO,3.01
2011-09-01,C,RR,1.30
2011-09-01,C,SC,1.97
2011-09-01,C,SP,2.14
2011-09-01,C,SE,2.52
2011-09-01,C,TO,2.31
2011-10-01,C,AC,1.66
2011-10-01,C,AL,1.38
2011-10-01,C,AP,4.52
2011-10-01,C,AM,1.95
2011-10-01,C,BA,2.51
2011-10-01,C,CE,2.15
2011-10-01,C,DF,2.20
2011-10-01,C,ES,2.33
2011-10-01,C,GO,2.16
2011-10-01,C,MA,2.96
2011-10-01,C,MT,2.35
2011-10-01,C,MS,1.40
2011-10-01,C,MG,1.89
2011-10-01,C,PA,2.37
2011-10-01,C,PB,2.18
2011-10-01,C,PR,2.17
2011-10-01,C,PE,1.47
2011-10-01,C,PI,2.52
2011-10-01,C,RJ,1.05
2011-10-01,C,RN,2.56
2011-10-01,C,RS,2.04
2011-10-01,C,RO,3.06
2011-10-01,C,RR,1.34
2011-10-01,C,SC,2.09
2011-10-01,C,SP,2.30
2011-10-01,C,SE,2.02
2011-10-01,C,TO,2.30
2011-11-01,C,AC,1.81
2011-11-01,C,AL,1.86
2011-11-01,C,AP,4.88
2011-11-01,C,AM,1.93
2011-11-01,C,BA,2.62
2011-11-01,C,CE,2.23
2011-11-01,C,DF,2.22
2011-11-01,C,ES,2.46
2011-11-01,C,GO,2.37
2011-11-01,C,MA,3.07
2011-11-01,C,MT,2.46
2011-11-01,C,MS,1.54
2011-11-01,C,MG,1.94
2011-11-01,C,PA,2.34
2011-11-01,C,PB,2.31
2011-11-01,C,PR,2.23
2011-11-01,C,PE,1.43
2011-11-01,C,PI,2.57
2011-11-01,C,RJ,0.98
2011-11-01,C,RN,2.64
2011-11-01,C,RS,2.01
2011-11-01,C,RO,3.16
2011-11-01,C,RR,1.34
2011-11-01,C,SC,2.07
2011-11-01,C,SP,2.31
2011-11-01,C,SE,1.89
2011-11-01,C,TO,2.35
2011-12-01,C,AC,1.78
2011-12-01,C,AL,1.97
2011-12-01,C,AP,4.49
2011-12-01,C,AM,1.85
2011-12-01,C,BA,2.56
2011-12-01,C,CE,2.28
2011-12-01,C,DF,2.35
2011-12-01,C,ES,2.30
2011-12-01,C,GO,2.35
2011-12-01,C,MA,2.81
2011-12-01,C,MT,2.35
2011-12-01,C,MS,1.92
2011-12-01,C,MG,1.96
2011-12-01,C,PA,2.45
2011-12-01,C,PB,2.32
2011-12-01,C,PR,2.21
2011-12-01,C,PE,1.37
2011-12-01,C,PI,2.56
2011-12-01,C,RJ,0.97
2011-12-01,C,RN,2.42
2011-12-01,C,RS,1.97
2011-12-01,C,RO,3.87
2011-12-01,C,RR,1.36
2011-12-01,C,SC,2.06
2011-12-01,C,SP,2.19
2011-12-01,C,SE,1.80
2011-12-01,C,TO,3.53
2012-01-01,C,AC,2.18
2012-01-01,C,AL,2.40
2012-01-01,C,AP,4.74
2012-01-01,C,AM,2.09
2012-01-01,C,BA,2.80
2012-01-01,C,CE,2.62
2012-01-01,C,DF,2.73
2012-01-01,C,ES,2.20
2012-01-01,C,GO,2.64
2012-01-01,C,MA,2.97
2012-01-01,C,MT,2.45
2012-01-01,C,MS,1.69
2012-01-01,C,MG,2.07
2012-01-01,C,PA,2.55
2012-01-01,C,PB,2.18
2012-01-01,C,PR,2.30
2012-01-01,C,PE,1.45
2012-01-01,C,PI,2.54
2012-01-01,C,RJ,1.08
2012-01-01,C,RN,2.53
2012-01-01,C,RS,2.04
2012-01-01,C,RO,4.84
2012-01-01,C,RR,1.50
2012-01-01,C,SC,2.16
2012-01-01,C,SP,2.28
2012-01-01,C,SE,1.92
2012-01-01,C,TO,3.59
2012-02-01,C,AC,2.36
2012-02-01,C,AL,2.61
2012-02-01,C,AP,4.73
2012-02-01,C,AM,2.10
2012-02-01,C,BA,3.26
2012-02-01,C,CE,2.72
2012-02-01,C,DF,2.84
2012-02-01,C,ES,2.29
2012-02-01,C,GO,2.59
2012-02-01,C,MA,3.20
2012-02-01,C,MT,2.36
2012-02-01,C,MS,1.71
2012-02-01,C,MG,2.12
2012-02-01,C,PA,2.63
2012-02-01,C,PB,2.33
2012-02-01,C,PR,2.39
2012-02-01,C,PE,1.47
2012-02-01,C,PI,2.26
2012-02-01,C,RJ,1.06
2012-02-01,C,RN,2.54
2012-02-01,C,RS,2.04
2012-02-01,C,RO,5.16
2012-02-01,C,RR,2.04
2012-02-01,C,SC,2.20
2012-02-01,C,SP,2.36
2012-02-01,C,SE,2.18
2012-02-01,C,TO,3.51
2012-03-01,C,AC,2.57
2012-03-01,C,AL,2.29
2012-03-01,C,AP,4.40
2012-03-01,C,AM,2.13
2012-03-01,C,BA,3.15
2012-03-01,C,CE,2.73
2012-03-01,C,DF,2.74
2012-03-01,C,ES,2.26
2012-03-01,C,GO,2.74
2012-03-01,C,MA,3.08
2012-03-01,C,MT,2.56
2012-03-01,C,MS,1.65
2012-03-01,C,MG,2.06
2012-03-01,C,PA,2.57
2012-03-01,C,PB,2.53
2012-03-01,C,PR,2.33
2012-03-01,C,PE,1.49
2012-03-01,C,PI,2.37
2012-03-01,C,RJ,0.99
2012-03-01,C,RN,2.39
2012-03-01,C,RS,2.02
2012-03-01,C,RO,4.52
2012-03-01,C,RR,1.92
2012-03-01,C,SC,1.99
2012-03-01,C,SP,2.37
2012-03-01,C,SE,2.21
2012-03-01,C,TO,3.50
2012-04-01,C,AC,2.64
2012-04-01,C,AL,3.59
2012-04-01,C,AP,3.98
2012-04-01,C,AM,3.43
2012-04-01,C,BA,2.99
2012-04-01,C,CE,2.87
2012-04-01,C,DF,2.53
2012-04-01,C,ES,2.21
2012-04-01,C,GO,3.15
2012-04-01,C,MA,2.91
2012-04-01,C,MT,2.37
2012-04-01,C,MS,1.76
2012-04-01,C,MG,2.21
2012-04-01,C,PA,2.98
2012-04-01,C,PB,2.94
2012-04-01,C,PR,2.49
2012-04-01,C,PE,1.51
2012-04-01,C,PI,2.45
2012-04-01,C,RJ,1.06
2012-04-01,C,RN,2.88
2012-04-01,C,RS,2.24
2012-04-01,C,RO,6.39
2012-04-01,C,RR,1.67
2012-04-01,C,SC,3.59
2012-04-01,C,SP,2.42
2012-04-01,C,SE,2.52
2012-04-01,C,TO,2.55
2012-05-01,C,AC,2.11
2012-05-01,C,AL,3.44
2012-05-01,C,AP,3.51
2012-05-01,C,AM,3.47
2012-05-01,C,BA,2.97
2012-05-01,C,CE,2.87
2012-05-01,C,DF,2.58
2012-05-01,C,ES,2.22
2012-05-01,C,GO,3.07
2012-05-01,C,MA,2.86
2012-05-01,C,MT,2.22
2012-05-01,C,MS,1.79
2012-05-01,C,MG,2.17
2012-05-01,C,PA,3.08
2012-05-01,C,PB,2.91
2012-05-01,C,PR,2.58
2012-05-01,C,PE,1.47
2012-05-01,C,PI,2.31
2012-05-01,C,RJ,1.06
2012-05-01,C,RN,2.93
2012-05-01,C,RS,2.33
2012-05-01,C,RO,6.74
2012-05-01,C,RR,1.60
2012-05-01,C,SC,2.17
2012-05-01,C,SP,2.37
2012-05-01,C,SE,2.53
2012-05-01,C,TO,2.79
2012-06-01,C,AC,1.88
2012-06-01,C,AL,3.46
2012-06-01,C,AP,3.57
2012-06-01,C,AM,3.34
2012-06-01,C,BA,2.97
2012-06-01,C,CE,2.82
2012-06-01,C,DF,2.50
2012-06-01,C,ES,2.20
2012-06-01,C,GO,2.98
2012-06-01,C,MA,2.78
2012-06-01,C,MT,2.30
2012-06-01,C,MS,1.77
2012-06-01,C,MG,2.20
2012-06-01,C,PA,7.18
2012-06-01,C,PB,3.00
2012-06-01,C,PR,2.55
2012-06-01,C,PE,1.32
2012-06-01,C,PI,2.27
2012-06-01,C,RJ,1.07
2012-06-01,C,RN,2.88
2012-06-01,C,RS,2.26
2012-06-01,C,RO,6.57
2012-06-01,C,RR,1.63
2012-06-01,C,SC,2.18
2012-06-01,C,SP,2.29
2012-06-01,C,SE,2.47
2012-06-01,C,TO,3.15
2012-07-01,C,AC,1.72
2012-07-01,C,AL,3.64
2012-07-01,C,AP,3.57
2012-07-01,C,AM,2.21
2012-07-01,C,BA,2.94
2012-07-01,C,CE,2.93
2012-07-01,C,DF,2.24
2012-07-01,C,ES,2.13
2012-07-01,C,GO,2.76
2012-07-01,C,MA,2.77
2012-07-01,C,MT,2.57
2012-07-01,C,MS,1.74
2012-07-01,C,MG,2.30
2012-07-01,C,PA,6.39
2012-07-01,C,PB,3.14
2012-07-01,C,PR,2.59
2012-07-01,C,PE,1.38
2012-07-01,C,PI,2.19
2012-07-01,C,RJ,1.11
2012-07-01,C,RN,3.00
2012-07-01,C,RS,2.33
2012-07-01,C,RO,4.57
2012-07-01,C,RR,1.83
2012-07-01,C,SC,2.23
2012-07-01,C,SP,2.44
2012-07-01,C,SE,2.55
2012-07-01,C,TO,4.41
2012-08-01,C,AC,2.59
2012-08-01,C,AL,3.77
2012-08-01,C,AP,3.79
2012-08-01,C,AM,2.23
2012-08-01,C,BA,2.92
2012-08-01,C,CE,2.93
2012-08-01,C,DF,2.26
2012-08-01,C,ES,2.10
2012-08-01,C,GO,2.92
2012-08-01,C,MA,2.73
2012-08-01,C,MT,2.56
2012-08-01,C,MS,1.65
2012-08-01,C,MG,2.22
2012-08-01,C,PA,7.23
2012-08-01,C,PB,3.17
2012-08-01,C,PR,2.54
2012-08-01,C,PE,1.48
2012-08-01,C,PI,2.49
2012-08-01,C,RJ,1.12
2012-08-01,C,RN,3.04
2012-08-01,C,RS,2.51
2012-08-01,C,RO,4.39
2012-08-01,C,RR,1.84
2012-08-01,C,SC,2.21
2012-08-01,C,SP,2.48
2012-08-01,C,SE,2.29
2012-08-01,C,TO,4.38
2012-09-01,C,AC,2.83
2012-09-01,C,AL,3.63
2012-09-01,C,AP,3.71
2012-09-01,C,AM,2.17
2012-09-01,C,BA,2.88
2012-09-01,C,CE,2.82
2012-09-01,C,DF,2.20
2012-09-01,C,ES,2.02
2012-09-01,C,GO,2.81
2012-09-01,C,MA,2.63
2012-09-01,C,MT,2.39
2012-09-01,C,MS,1.62
2012-09-01,C,MG,2.11
2012-09-01,C,PA,6.01
2012-09-01,C,PB,3.37
2012-09-01,C,PR,2.45
2012-09-01,C,PE,1.43
2012-09-01,C,PI,2.43
2012-09-01,C,RJ,1.09
2012-09-01,C,RN,2.98
2012-09-01,C,RS,2.43
2012-09-01,C,RO,3.62
2012-09-01,C,RR,1.95
2012-09-01,C,SC,2.03
2012-09-01,C,SP,2.33
2012-09-01,C,SE,2.07
2012-09-01,C,TO,3.63
2012-10-01,C,AC,2.83
2012-10-01,C,AL,3.61
2012-10-01,C,AP,3.71
2012-10-01,C,AM,2.13
2012-10-01,C,BA,2.86
2012-10-01,C,CE,2.94
2012-10-01,C,DF,2.17
2012-10-01,C,ES,1.97
2012-10-01,C,GO,3.21
2012-10-01,C,MA,2.55
2012-10-01,C,MT,2.38
2012-10-01,C,MS,1.43
2012-10-01,C,MG,2.31
2012-10-01,C,PA,6.07
2012-10-01,C,PB,3.40
2012-10-01,C,PR,2.47
2012-10-01,C,PE,1.39
2012-10-01,C,PI,2.36
2012-10-01,C,RJ,1.06
2012-10-01,C,RN,3.02
2012-10-01,C,RS,2.42
2012-10-01,C,RO,3.93
2012-10-01,C,RR,1.86
2012-10-01,C,SC,3.36
2012-10-01,C,SP,2.38
2012-10-01,C,SE,2.19
2012-10-01,C,TO,3.54
2012-11-01,C,AC,4.20
2012-11-01,C,AL,2.98
2012-11-01,C,AP,3.95
2012-11-01,C,AM,2.21
2012-11-01,C,BA,2.71
2012-11-01,C,CE,2.83
2012-11-01,C,DF,2.14
2012-11-01,C,ES,1.79
2012-11-01,C,GO,2.89
2012-11-01,C,MA,2.52
2012-11-01,C,MT,2.39
2012-11-01,C,MS,1.42
2012-11-01,C,MG,2.20
2012-11-01,C,PA,3.61
2012-11-01,C,PB,3.49
2012-11-01,C,PR,2.46
2012-11-01,C,PE,1.35
2012-11-01,C,PI,2.33
2012-11-01,C,RJ,1.04
2012-11-01,C,RN,2.86
2012-11-01,C,RS,2.43
2012-11-01,C,RO,3.92
2012-11-01,C,RR,1.93
2012-11-01,C,SC,3.57
2012-11-01,C,SP,2.35
2012-11-01,C,SE,2.15
2012-11-01,C,TO,3.46
2012-12-01,C,AC,3.99
2012-12-01,C,AL,2.82
2012-12-01,C,AP,2.71
2012-12-01,C,AM,1.93
2012-12-01,C,BA,2.67
2012-12-01,C,CE,2.80
2012-12-01,C,DF,2.17
2012-12-01,C,ES,1.74
2012-12-01,C,GO,2.78
2012-12-01,C,MA,2.68
2012-12-01,C,MT,2.36
2012-12-01,C,MS,1.60
2012-12-01,C,MG,2.28
2012-12-01,C,PA,3.74
2012-12-01,C,PB,3.64
2012-12-01,C,PR,2.39
2012-12-01,C,PE,1.37
2012-12-01,C,PI,2.41
2012-12-01,C,RJ,1.03
2012-12-01,C,RN,2.97
2012-12-01,C,RS,2.37
2012-12-01,C,RO,4.07
2012-12-01,C,RR,1.21
2012-12-01,C,SC,2.01
2012-12-01,C,SP,2.37
2012-12-01,C,SE,2.29
2012-12-01,C,TO,3.79
2013-01-01,C,AC,4.14
2013-01-01,C,AL,2.84
2013-01-01,C,AP,2.77
2013-01-01,C,AM,1.84
2013-01-01,C,BA,2.83
2013-01-01,C,CE,2.82
2013-01-01,C,DF,1.96
2013-01-01,C,ES,1.97
2013-01-01,C,GO,2.79
2013-01-01,C,MA,2.77
2013-01-01,C,MT,2.14
2013-01-01,C,MS,1.73
2013-01-01,C,MG,2.31
2013-01-01,C,PA,4.04
2013-01-01,C,PB,3.75
2013-01-01,C,PR,2.37
2013-01-01,C,PE,1.43
2013-01-01,C,PI,2.46
2013-01-01,C,RJ,1.01
2013-01-01,C,RN,2.64
2013-01-01,C,RS,2.42
2013-01-01,C,RO,4.12
2013-01-01,C,RR,1.13
2013-01-01,C,SC,2.10
2013-01-01,C,SP,2.36
2013-01-01,C,SE,2.58
2013-01-01,C,TO,2.99
2013-02-01,C,AC,4.12
2013-02-01,C,AL,2.93
2013-02-01,C,AP,2.86
2013-02-01,C,AM,1.91
2013-02-01,C,BA,3.05
2013-02-01,C,CE,2.91
2013-02-01,C,DF,1.91
2013-02-01,C,ES,1.91
2013-02-01,C,GO,2.64
2013-02-01,C,MA,2.74
2013-02-01,C,MT,2.20
2013-02-01,C,MS,1.74
2013-02-01,C,MG,2.33
2013-02-01,C,PA,4.11
2013-02-01,C,PB,3.96
2013-02-01,C,PR,2.35
2013-02-01,C,PE,1.43
2013-02-01,C,PI,2.48
2013-02-01,C,RJ,1.01
2013-02-01,C,RN,2.69
2013-02-01,C,RS,2.37
2013-02-01,C,RO,4.09
2013-02-01,C,RR,1.00
2013-02-01,C,SC,2.09
2013-02-01,C,SP,2.41
2013-02-01,C,SE,2.72
2013-02-01,C,TO,3.00
2013-03-01,C,AC,4.18
2013-03-01,C,AL,3.25
2013-03-01,C,AP,3.02
2013-03-01,C,AM,1.97
2013-03-01,C,BA,3.04
2013-03-01,C,CE,2.83
2013-03-01,C,DF,1.92
2013-03-01,C,ES,1.94
2013-03-01,C,GO,2.51
2013-03-01,C,MA,2.74
2013-03-01,C,MT,2.41
2013-03-01,C,MS,1.67
2013-03-01,C,MG,2.17
2013-03-01,C,PA,4.26
2013-03-01,C,PB,3.64
2013-03-01,C,PR,2.33
2013-03-01,C,PE,1.46
2013-03-01,C,PI,2.50
2013-03-01,C,RJ,1.07
2013-03-01,C,RN,2.66
2013-03-01,C,RS,2.41
2013-03-01,C,RO,4.08
2013-03-01,C,RR,1.00
2013-03-01,C,SC,2.14
2013-03-01,C,SP,2.35
2013-03-01,C,SE,3.06
2013-03-01,C,TO,2.74
2013-04-01,C,AC,4.30
2013-04-01,C,AL,3.07
2013-04-01,C,AP,3.22
2013-04-01,C,AM,2.00
2013-04-01,C,BA,3.14
2013-04-01,C,CE,2.77
2013-04-01,C,DF,2.03
2013-04-01,C,ES,1.91
2013-04-01,C,GO,2.51
2013-04-01,C,MA,2.84
2013-04-01,C,MT,2.35
2013-04-01,C,MS,1.64
2013-04-01,C,MG,2.23
2013-04-01,C,PA,3.88
2013-04-01,C,PB,3.85
2013-04-01,C,PR,2.28
2013-04-01,C,PE,1.43
2013-04-01,C,PI,2.62
2013-04-01,C,RJ,1.03
2013-04-01,C,RN,2.51
2013-04-01,C,RS,2.31
2013-04-01,C,RO,4.46
2013-04-01,C,RR,1.12
2013-04-01,C,SC,3.45
2013-04-01,C,SP,2.37
2013-04-01,C,SE,3.00
2013-04-01,C,TO,3.60
2013-05-01,C,AC,1.99
2013-05-01,C,AL,3.00
2013-05-01,C,AP,3.01
2013-05-01,C,AM,2.00
2013-05-01,C,BA,3.17
2013-05-01,C,CE,4.70
2013-05-01,C,DF,1.98
2013-05-01,C,ES,2.07
2013-05-01,C,GO,2.33
2013-05-01,C,MA,2.83
2013-05-01,C,MT,2.51
2013-05-01,C,MS,1.70
2013-05-01,C,MG,2.25
2013-05-01,C,PA,3.75
2013-05-01,C,PB,3.87
2013-05-01,C,PR,2.31
2013-05-01,C,PE,1.40
2013-05-01,C,PI,2.68
2013-05-01,C,RJ,0.99
2013-05-01,C,RN,2.49
2013-05-01,C,RS,2.42
2013-05-01,C,RO,4.42
2013-05-01,C,RR,0.86
2013-05-01,C,SC,2.10
2013-05-01,C,SP,2.38
2013-05-01,C,SE,2.37
2013-05-01,C,TO,2.95
2013-06-01,C,AC,1.63
2013-06-01,C,AL,2.83
2013-06-01,C,AP,2.90
2013-06-01,C,AM,2.41
2013-06-01,C,BA,3.17
2013-06-01,C,CE,2.74
2013-06-01,C,DF,1.70
2013-06-01,C,ES,1.98
2013-06-01,C,GO,2.19
2013-06-01,C,MA,2.73
2013-06-01,C,MT,2.37
2013-06-01,C,MS,1.52
2013-06-01,C,MG,2.22
2013-06-01,C,PA,3.69
2013-06-01,C,PB,3.64
2013-06-01,C,PR,2.13
2013-06-01,C,PE,1.36
2013-06-01,C,PI,2.68
2013-06-01,C,RJ,0.91
2013-06-01,C,RN,2.33
2013-06-01,C,RS,2.31
2013-06-01,C,RO,4.18
2013-06-01,C,RR,0.81
2013-06-01,C,SC,1.90
2013-06-01,C,SP,2.23
2013-06-01,C,SE,2.49
2013-06-01,C,TO,2.64
2013-07-01,C,AC,1.50
2013-07-01,C,AL,2.92
2013-07-01,C,AP,2.87
2013-07-01,C,AM,2.65
2013-07-01,C,BA,3.09
2013-07-01,C,CE,2.73
2013-07-01,C,DF,1.78
2013-07-01,C,ES,1.97
2013-07-01,C,GO,2.02
2013-07-01,C,MA,2.85
2013-07-01,C,MT,2.22
2013-07-01,C,MS,1.55
2013-07-01,C,MG,2.28
2013-07-01,C,PA,3.60
2013-07-01,C,PB,3.43
2013-07-01,C,PR,2.14
2013-07-01,C,PE,1.32
2013-07-01,C,PI,2.37
2013-07-01,C,RJ,0.95
2013-07-01,C,RN,2.03
2013-07-01,C,RS,2.28
2013-07-01,C,RO,3.99
2013-07-01,C,RR,0.70
2013-07-01,C,SC,1.88
2013-07-01,C,SP,2.22
2013-07-01,C,SE,2.39
2013-07-01,C,TO,2.66
2013-08-01,C,AC,1.45
2013-08-01,C,AL,2.89
2013-08-01,C,AP,2.65
2013-08-01,C,AM,2.90
2013-08-01,C,BA,2.85
2013-08-01,C,CE,2.65
2013-08-01,C,DF,1.64
2013-08-01,C,ES,2.19
2013-08-01,C,GO,1.95
2013-08-01,C,MA,2.69
2013-08-01,C,MT,2.09
2013-08-01,C,MS,1.49
2013-08-01,C,MG,2.22
2013-08-01,C,PA,3.57
2013-08-01,C,PB,3.44
2013-08-01,C,PR,2.08
2013-08-01,C,PE,1.36
2013-08-01,C,PI,2.30
2013-08-01,C,RJ,0.88
2013-08-01,C,RN,1.96
2013-08-01,C,RS,2.26
2013-08-01,C,RO,3.80
2013-08-01,C,RR,0.63
2013-08-01,C,SC,1.87
2013-08-01,C,SP,2.19
2013-08-01,C,SE,2.74
2013-08-01,C,TO,2.68
2013-09-01,C,AC,1.47
2013-09-01,C,AL,3.03
2013-09-01,C,AP,2.51
2013-09-01,C,AM,3.06
2013-09-01,C,BA,2.77
2013-09-01,C,CE,2.68
2013-09-01,C,DF,1.70
2013-09-01,C,ES,2.04
2013-09-01,C,GO,2.05
2013-09-01,C,MA,2.68
2013-09-01,C,MT,2.05
2013-09-01,C,MS,1.41
2013-09-01,C,MG,2.22
2013-09-01,C,PA,2.94
2013-09-01,C,PB,3.62
2013-09-01,C,PR,2.12
2013-09-01,C,PE,1.44
2013-09-01,C,PI,2.30
2013-09-01,C,RJ,0.95
2013-09-01,C,RN,2.00
2013-09-01,C,RS,2.29
2013-09-01,C,RO,3.73
2013-09-01,C,RR,0.63
2013-09-01,C,SC,1.85
2013-09-01,C,SP,2.05
2013-09-01,C,SE,2.75
2013-09-01,C,TO,2.52
2013-10-01,C,AC,1.47
2013-10-01,C,AL,2.92
2013-10-01,C,AP,2.05
2013-10-01,C,AM,3.33
2013-10-01,C,BA,2.76
2013-10-01,C,CE,2.83
2013-10-01,C,DF,1.47
2013-10-01,C,ES,2.05
2013-10-01,C,GO,2.19
2013-10-01,C,MA,2.61
2013-10-01,C,MT,2.07
2013-10-01,C,MS,1.37
2013-10-01,C,MG,2.25
2013-10-01,C,PA,2.79
2013-10-01,C,PB,3.68
2013-10-01,C,PR,2.15
2013-10-01,C,PE,1.40
2013-10-01,C,PI,2.27
2013-10-01,C,RJ,0.91
2013-10-01,C,RN,2.06
2013-10-01,C,RS,2.43
2013-10-01,C,RO,3.55
2013-10-01,C,RR,0.70
2013-10-01,C,SC,1.69
2013-10-01,C,SP,2.11
2013-10-01,C,SE,3.29
2013-10-01,C,TO,2.57
2013-11-01,C,AC,1.39
2013-11-01,C,AL,2.85
2013-11-01,C,AP,2.05
2013-11-01,C,AM,3.30
2013-11-01,C,BA,2.50
2013-11-01,C,CE,2.58
2013-11-01,C,DF,1.46
2013-11-01,C,ES,2.05
2013-11-01,C,GO,2.28
2013-11-01,C,MA,2.56
2013-11-01,C,MT,1.79
2013-11-01,C,MS,1.38
2013-11-01,C,MG,2.22
2013-11-01,C,PA,3.01
2013-11-01,C,PB,3.38
2013-11-01,C,PR,2.10
2013-11-01,C,PE,1.40
2013-11-01,C,PI,2.21
2013-11-01,C,RJ,0.96
2013-11-01,C,RN,2.04
2013-11-01,C,RS,2.34
2013-11-01,C,RO,3.90
2013-11-01,C,RR,0.85
2013-11-01,C,SC,1.61
2013-11-01,C,SP,2.03
2013-11-01,C,SE,3.11
2013-11-01,C,TO,2.51
2013-12-01,C,AC,1.45
2013-12-01,C,AL,2.90
2013-12-01,C,AP,2.23
2013-12-01,C,AM,4.32
2013-12-01,C,BA,2.25
2013-12-01,C,CE,2.47
2013-12-01,C,DF,1.41
2013-12-01,C,ES,2.02
2013-12-01,C,GO,2.15
2013-12-01,C,MA,2.43
2013-12-01,C,MT,1.67
2013-12-01,C,MS,1.36
2013-12-01,C,MG,2.20
2013-12-01,C,PA,2.69
2013-12-01,C,PB,3.24
2013-12-01,C,PR,2.00
2013-12-01,C,PE,1.35
2013-12-01,C,PI,2.13
2013-12-01,C,RJ,0.84
2013-12-01,C,RN,1.97
2013-12-01,C,RS,2.18
2013-12-01,C,RO,3.68
2013-12-01,C,RR,0.85
2013-12-01,C,SC,1.54
2013-12-01,C,SP,1.89
2013-12-01,C,SE,2.74
2013-12-01,C,TO,2.35
2014-01-01,C,AC,1.44
2014-01-01,C,AL,2.90
2014-01-01,C,AP,2.02
2014-01-01,C,AM,4.59
2014-01-01,C,BA,2.26
2014-01-01,C,CE,2.47
2014-01-01,C,DF,1.52
2014-01-01,C,ES,2.05
2014-01-01,C,GO,2.20
2014-01-01,C,MA,2.66
2014-01-01,C,MT,1.68
2014-01-01,C,MS,1.37
2014-01-01,C,MG,2.25
2014-01-01,C,PA,2.63
2014-01-01,C,PB,3.16
2014-01-01,C,PR,1.98
2014-01-01,C,PE,1.28
2014-01-01,C,PI,2.31
2014-01-01,C,RJ,0.84
2014-01-01,C,RN,2.00
2014-01-01,C,RS,2.20
2014-01-01,C,RO,3.47
2014-01-01,C,RR,0.90
2014-01-01,C,SC,1.65
2014-01-01,C,SP,1.90
2014-01-01,C,SE,2.67
2014-01-01,C,TO,2.24
2014-02-01,C,AC,1.40
2014-02-01,C,AL,3.16
2014-02-01,C,AP,1.90
2014-02-01,C,AM,4.64
2014-02-01,C,BA,2.12
2014-02-01,C,CE,2.36
2014-02-01,C,DF,1.54
2014-02-01,C,ES,2.31
2014-02-01,C,GO,2.12
2014-02-01,C,MA,2.66
2014-02-01,C,MT,1.85
2014-02-01,C,MS,1.23
2014-02-01,C,MG,2.27
2014-02-01,C,PA,3.28
2014-02-01,C,PB,2.99
2014-02-01,C,PR,1.96
2014-02-01,C,PE,1.22
2014-02-01,C,PI,2.19
2014-02-01,C,RJ,1.12
2014-02-01,C,RN,2.09
2014-02-01,C,RS,2.24
2014-02-01,C,RO,3.29
2014-02-01,C,RR,0.85
2014-02-01,C,SC,1.67
2014-02-01,C,SP,1.82
2014-02-01,C,SE,2.63
2014-02-01,C,TO,2.08
2014-03-01,C,AC,1.44
2014-03-01,C,AL,3.26
2014-03-01,C,AP,2.12
2014-03-01,C,AM,3.28
2014-03-01,C,BA,2.26
2014-03-01,C,CE,2.37
2014-03-01,C,DF,1.46
2014-03-01,C,ES,2.36
2014-03-01,C,GO,2.12
2014-03-01,C,MA,2.79
2014-03-01,C,MT,1.83
2014-03-01,C,MS,1.24
2014-03-01,C,MG,2.25
2014-03-01,C,PA,3.45
2014-03-01,C,PB,3.24
2014-03-01,C,PR,1.97
2014-03-01,C,PE,1.62
2014-03-01,C,PI,2.07
2014-03-01,C,RJ,1.10
2014-03-01,C,RN,2.06
2014-03-01,C,RS,2.22
2014-03-01,C,RO,3.42
2014-03-01,C,RR,0.91
2014-03-01,C,SC,1.69
2014-03-01,C,SP,1.77
2014-03-01,C,SE,2.45
2014-03-01,C,TO,2.18
2014-04-01,C,AC,1.50
2014-04-01,C,AL,2.82
2014-04-01,C,AP,2.19
2014-04-01,C,AM,2.96
2014-04-01,C,BA,2.22
2014-04-01,C,CE,2.51
2014-04-01,C,DF,1.40
2014-04-01,C,ES,2.30
2014-04-01,C,GO,2.13
2014-04-01,C,MA,2.83
2014-04-01,C,MT,1.90
2014-04-01,C,MS,1.40
2014-04-01,C,MG,2.29
2014-04-01,C,PA,3.36
2014-04-01,C,PB,3.22
2014-04-01,C,PR,2.02
2014-04-01,C,PE,1.61
2014-04-01,C,PI,1.97
2014-04-01,C,RJ,1.06
2014-04-01,C,RN,2.14
2014-04-01,C,RS,2.24
2014-04-01,C,RO,3.50
2014-04-01,C,RR,0.91
2014-04-01,C,SC,1.69
2014-04-01,C,SP,1.82
2014-04-01,C,SE,2.63
2014-04-01,C,TO,2.25
2014-05-01,C,AC,1.50
2014-05-01,C,AL,3.36
2014-05-01,C,AP,2.29
2014-05-01,C,AM,3.06
2014-05-01,C,BA,2.15
2014-05-01,C,CE,2.83
2014-05-01,C,DF,1.77
2014-05-01,C,ES,2.45
2014-05-01,C,GO,2.28
2014-05-01,C,MA,2.77
2014-05-01,C,MT,1.90
2014-05-01,C,MS,1.68
2014-05-01,C,MG,2.45
2014-05-01,C,PA,3.29
2014-05-01,C,PB,3.35
2014-05-01,C,PR,2.00
2014-05-01,C,PE,1.70
2014-05-01,C,PI,2.02
2014-05-01,C,RJ,1.13
2014-05-01,C,RN,2.25
2014-05-01,C,RS,2.38
2014-05-01,C,RO,3.37
2014-05-01,C,RR,0.95
2014-05-01,C,SC,1.77
2014-05-01,C,SP,1.97
2014-05-01,C,SE,2.43
2014-05-01,C,TO,2.39
2014-06-01,C,AC,1.47
2014-06-01,C,AL,3.42
2014-06-01,C,AP,2.24
2014-06-01,C,AM,3.07
2014-06-01,C,BA,2.28
2014-06-01,C,CE,2.71
2014-06-01,C,DF,1.69
2014-06-01,C,ES,2.32
2014-06-01,C,GO,2.17
2014-06-01,C,MA,2.63
2014-06-01,C,MT,1.80
2014-06-01,C,MS,1.51
2014-06-01,C,MG,2.45
2014-06-01,C,PA,3.27
2014-06-01,C,PB,2.94
2014-06-01,C,PR,2.01
2014-06-01,C,PE,1.75
2014-06-01,C,PI,2.02
2014-06-01,C,RJ,1.13
2014-06-01,C,RN,2.34
2014-06-01,C,RS,2.39
2014-06-01,C,RO,3.10
2014-06-01,C,RR,0.86
2014-06-01,C,SC,1.74
2014-06-01,C,SP,1.85
2014-06-01,C,SE,2.30
2014-06-01,C,TO,2.31
2014-07-01,C,AC,1.51
2014-07-01,C,AL,3.62
2014-07-01,C,AP,2.36
2014-07-01,C,AM,2.78
2014-07-01,C,BA,2.28
2014-07-01,C,CE,2.64
2014-07-01,C,DF,1.72
2014-07-01,C,ES,2.53
2014-07-01,C,GO,2.32
2014-07-01,C,MA,2.77
2014-07-01,C,MT,1.85
2014-07-01,C,MS,1.52
2014-07-01,C,MG,2.55
2014-07-01,C,PA,3.48
2014-07-01,C,PB,3.15
2014-07-01,C,PR,1.99
2014-07-01,C,PE,1.84
2014-07-01,C,PI,2.09
2014-07-01,C,RJ,1.14
2014-07-01,C,RN,2.31
2014-07-01,C,RS,2.26
2014-07-01,C,RO,3.03
2014-07-01,C,RR,0.83
2014-07-01,C,SC,1.77
2014-07-01,C,SP,1.90
2014-07-01,C,SE,2.06
2014-07-01,C,TO,2.13
2014-08-01,C,AC,1.62
2014-08-01,C,AL,5.03
2014-08-01,C,AP,2.49
2014-08-01,C,AM,2.68
2014-08-01,C,BA,2.26
2014-08-01,C,CE,2.66
2014-08-01,C,DF,1.95
2014-08-01,C,ES,2.72
2014-08-01,C,GO,2.57
2014-08-01,C,MA,2.88
2014-08-01,C,MT,2.05
2014-08-01,C,MS,2.42
2014-08-01,C,MG,2.62
2014-08-01,C,PA,3.81
2014-08-01,C,PB,3.15
2014-08-01,C,PR,2.04
2014-08-01,C,PE,2.12
2014-08-01,C,PI,2.14
2014-08-01,C,RJ,1.12
2014-08-01,C,RN,2.69
2014-08-01,C,RS,2.39
2014-08-01,C,RO,3.12
2014-08-01,C,RR,1.55
2014-08-01,C,SC,1.89
2014-08-01,C,SP,1.98
2014-08-01,C,SE,2.45
2014-08-01,C,TO,2.28
2014-09-01,C,AC,1.56
2014-09-01,C,AL,5.29
2014-09-01,C,AP,2.37
2014-09-01,C,AM,2.03
2014-09-01,C,BA,2.27
2014-09-01,C,CE,2.38
2014-09-01,C,DF,1.62
2014-09-01,C,ES,2.59
2014-09-01,C,GO,2.47
2014-09-01,C,MA,2.87
2014-09-01,C,MT,2.02
2014-09-01,C,MS,2.33
2014-09-01,C,MG,2.46
2014-09-01,C,PA,3.74
2014-09-01,C,PB,2.89
2014-09-01,C,PR,2.06
2014-09-01,C,PE,2.16
2014-09-01,C,PI,2.19
2014-09-01,C,RJ,1.07
2014-09-01,C,RN,2.69
2014-09-01,C,RS,2.48
2014-09-01,C,RO,2.86
2014-09-01,C,RR,1.54
2014-09-01,C,SC,1.85
2014-09-01,C,SP,2.00
2014-09-01,C,SE,1.96
2014-09-01,C,TO,2.20
2014-10-01,C,AC,1.53
2014-10-01,C,AL,5.47
2014-10-01,C,AP,2.35
2014-10-01,C,AM,2.14
2014-10-01,C,BA,2.33
2014-10-01,C,CE,2.41
2014-10-01,C,DF,1.67
2014-10-01,C,ES,2.73
2014-10-01,C,GO,2.53
2014-10-01,C,MA,2.86
2014-10-01,C,MT,2.08
2014-10-01,C,MS,2.15
2014-10-01,C,MG,2.55
2014-10-01,C,PA,3.64
2014-10-01,C,PB,2.87
2014-10-01,C,PR,2.09
2014-10-01,C,PE,2.11
2014-10-01,C,PI,2.26
2014-10-01,C,RJ,1.07
2014-10-01,C,RN,3.07
2014-10-01,C,RS,2.67
2014-10-01,C,RO,2.77
2014-10-01,C,RR,1.71
2014-10-01,C,SC,1.89
2014-10-01,C,SP,2.01
2014-10-01,C,SE,1.82
2014-10-01,C,TO,2.28
2014-11-01,C,AC,1.52
2014-11-01,C,AL,4.55
2014-11-01,C,AP,2.37
2014-11-01,C,AM,2.23
2014-11-01,C,BA,2.26
2014-11-01,C,CE,2.38
2014-11-01,C,DF,1.41
2014-11-01,C,ES,2.68
2014-11-01,C,GO,2.45
2014-11-01,C,MA,2.88
2014-11-01,C,MT,1.94
2014-11-01,C,MS,2.44
2014-11-01,C,MG,2.42
2014-11-01,C,PA,2.97
2014-11-01,C,PB,2.78
2014-11-01,C,PR,2.04
2014-11-01,C,PE,2.26
2014-11-01,C,PI,2.01
2014-11-01,C,RJ,1.05
2014-11-01,C,RN,3.10
2014-11-01,C,RS,2.67
2014-11-01,C,RO,2.42
2014-11-01,C,RR,1.48
2014-11-01,C,SC,1.81
2014-11-01,C,SP,1.96
2014-11-01,C,SE,2.10
2014-11-01,C,TO,2.24
2014-12-01,C,AC,1.43
2014-12-01,C,AL,3.63
2014-12-01,C,AP,1.98
2014-12-01,C,AM,2.31
2014-12-01,C,BA,2.12
2014-12-01,C,CE,2.10
2014-12-01,C,DF,1.24
2014-12-01,C,ES,2.47
2014-12-01,C,GO,2.29
2014-12-01,C,MA,2.59
2014-12-01,C,MT,1.81
2014-12-01,C,MS,2.06
2014-12-01,C,MG,2.23
2014-12-01,C,PA,3.01
2014-12-01,C,PB,2.58
2014-12-01,C,PR,1.97
2014-12-01,C,PE,2.31
2014-12-01,C,PI,2.10
2014-12-01,C,RJ,1.03
2014-12-01,C,RN,2.90
2014-12-01,C,RS,2.62
2014-12-01,C,RO,2.14
2014-12-01,C,RR,1.55
2014-12-01,C,SC,1.67
2014-12-01,C,SP,1.87
2014-12-01,C,SE,2.21
2014-12-01,C,TO,2.21
2015-01-01,C,AC,1.56
2015-01-01,C,AL,3.53
2015-01-01,C,AP,2.11
2015-01-01,C,AM,2.36
2015-01-01,C,BA,2.28
2015-01-01,C,CE,2.01
2015-01-01,C,DF,1.23
2015-01-01,C,ES,2.71
2015-01-01,C,GO,2.37
2015-01-01,C,MA,2.74
2015-01-01,C,MT,2.09
2015-01-01,C,MS,1.96
2015-01-01,C,MG,2.61
2015-01-01,C,PA,3.14
2015-01-01,C,PB,2.71
2015-01-01,C,PR,2.07
2015-01-01,C,PE,2.53
2015-01-01,C,PI,2.16
2015-01-01,C,RJ,1.01
2015-01-01,C,RN,2.62
2015-01-01,C,RS,2.78
2015-01-01,C,RO,2.31
2015-01-01,C,RR,1.72
2015-01-01,C,SC,1.74
2015-01-01,C,SP,1.93
2015-01-01,C,SE,2.99
2015-01-01,C,TO,2.28
2015-02-01,C,AC,1.58
2015-02-01,C,AL,3.67
2015-02-01,C,AP,2.28
2015-02-01,C,AM,2.63
2015-02-01,C,BA,2.36
2015-02-01,C,CE,1.97
2015-02-01,C,DF,1.49
2015-02-01,C,ES,2.79
2015-02-01,C,GO,2.41
2015-02-01,C,MA,2.84
2015-02-01,C,MT,2.23
2015-02-01,C,MS,2.13
2015-02-01,C,MG,2.72
2015-02-01,C,PA,3.24
2015-02-01,C,PB,2.71
2015-02-01,C,PR,2.15
2015-02-01,C,PE,2.69
2015-02-01,C,PI,2.21
2015-02-01,C,RJ,1.16
2015-02-01,C,RN,2.69
2015-02-01,C,RS,3.17
2015-02-01,C,RO,2.62
2015-02-01,C,RR,1.76
2015-02-01,C,SC,1.77
2015-02-01,C,SP,1.95
2015-02-01,C,SE,3.22
2015-02-01,C,TO,2.16
2015-03-01,C,AC,1.56
2015-03-01,C,AL,4.52
2015-03-01,C,AP,2.32
2015-03-01,C,AM,2.52
2015-03-01,C,BA,2.36
2015-03-01,C,CE,1.89
2015-03-01,C,DF,1.47
2015-03-01,C,ES,2.50
2015-03-01,C,GO,2.10
2015-03-01,C,MA,2.98
2015-03-01,C,MT,2.13
2015-03-01,C,MS,2.33
2015-03-01,C,MG,2.46
2015-03-01,C,PA,3.40
2015-03-01,C,PB,2.91
2015-03-01,C,PR,2.02
2015-03-01,C,PE,2.70
2015-03-01,C,PI,2.21
2015-03-01,C,RJ,1.42
2015-03-01,C,RN,2.60
2015-03-01,C,RS,3.21
2015-03-01,C,RO,2.88
2015-03-01,C,RR,1.93
2015-03-01,C,SC,1.79
2015-03-01,C,SP,1.99
2015-03-01,C,SE,3.75
2015-03-01,C,TO,2.01
2015-04-01,C,AC,1.88
2015-04-01,C,AL,4.62
2015-04-01,C,AP,2.49
2015-04-01,C,AM,2.28
2015-04-01,C,BA,3.32
2015-04-01,C,CE,1.89
2015-04-01,C,DF,1.69
2015-04-01,C,ES,2.50
2015-04-01,C,GO,2.17
2015-04-01,C,MA,2.93
2015-04-01,C,MT,2.41
2015-04-01,C,MS,2.62
2015-04-01,C,MG,2.60
2015-04-01,C,PA,3.83
2015-04-01,C,PB,3.02
2015-04-01,C,PR,2.18
2015-04-01,C,PE,3.45
2015-04-01,C,PI,2.29
2015-04-01,C,RJ,1.53
2015-04-01,C,RN,2.59
2015-04-01,C,RS,3.29
2015-04-01,C,RO,3.03
2015-04-01,C,RR,2.39
2015-04-01,C,SC,1.85
2015-04-01,C,SP,2.04
2015-04-01,C,SE,4.09
2015-04-01,C,TO,2.36
2015-05-01,C,AC,2.09
2015-05-01,C,AL,6.89
2015-05-01,C,AP,2.61
2015-05-01,C,AM,2.35
2015-05-01,C,BA,3.30
2015-05-01,C,CE,1.94
2015-05-01,C,DF,1.73
2015-05-01,C,ES,2.55
2015-05-01,C,GO,2.42
2015-05-01,C,MA,2.99
2015-05-01,C,MT,2.43
2015-05-01,C,MS,2.47
2015-05-01,C,MG,2.71
2015-05-01,C,PA,4.51
2015-05-01,C,PB,3.04
2015-05-01,C,PR,2.28
2015-05-01,C,PE,3.38
2015-05-01,C,PI,2.26
2015-05-01,C,RJ,1.57
2015-05-01,C,RN,2.49
2015-05-01,C,RS,3.33
2015-05-01,C,RO,3.37
2015-05-01,C,RR,2.34
2015-05-01,C,SC,1.95
2015-05-01,C,SP,2.02
2015-05-01,C,SE,4.18
2015-05-01,C,TO,3.17
2015-06-01,C,AC,1.74
2015-06-01,C,AL,5.20
2015-06-01,C,AP,2.52
2015-06-01,C,AM,2.17
2015-06-01,C,BA,3.36
2015-06-01,C,CE,2.01
2015-06-01,C,DF,1.47
2015-06-01,C,ES,2.59
2015-06-01,C,GO,2.44
2015-06-01,C,MA,3.12
2015-06-01,C,MT,2.47
2015-06-01,C,MS,2.35
2015-06-01,C,MG,2.60
2015-06-01,C,PA,5.03
2015-06-01,C,PB,3.13
2015-06-01,C,PR,2.26
2015-06-01,C,PE,3.12
2015-06-01,C,PI,2.58
2015-06-01,C,RJ,1.49
2015-06-01,C,RN,2.38
2015-06-01,C,RS,3.14
2015-06-01,C,RO,3.45
2015-06-01,C,RR,2.20
2015-06-01,C,SC,1.92
2015-06-01,C,SP,1.95
2015-06-01,C,SE,3.93
2015-06-01,C,TO,3.87
2015-07-01,C,AC,1.82
2015-07-01,C,AL,5.39
2015-07-01,C,AP,2.56
2015-07-01,C,AM,2.19
2015-07-01,C,BA,3.26
2015-07-01,C,CE,2.07
2015-07-01,C,DF,1.35
2015-07-01,C,ES,2.89
2015-07-01,C,GO,2.66
2015-07-01,C,MA,3.04
2015-07-01,C,MT,2.75
2015-07-01,C,MS,3.05
2015-07-01,C,MG,2.74
2015-07-01,C,PA,5.88
2015-07-01,C,PB,3.23
2015-07-01,C,PR,2.52
2015-07-01,C,PE,3.28
2015-07-01,C,PI,2.64
2015-07-01,C,RJ,1.42
2015-07-01,C,RN,2.38
2015-07-01,C,RS,3.14
2015-07-01,C,RO,3.52
2015-07-01,C,RR,2.32
2015-07-01,C,SC,2.11
2015-07-01,C,SP,2.02
2015-07-01,C,SE,3.36
2015-07-01,C,TO,5.22
2015-08-01,C,AC,2.04
2015-08-01,C,AL,5.45
2015-08-01,C,AP,3.21
2015-08-01,C,AM,2.26
2015-08-01,C,BA,3.53
2015-08-01,C,CE,2.22
2015-08-01,C,DF,1.36
2015-08-01,C,ES,3.20
2015-08-01,C,GO,2.92
2015-08-01,C,MA,3.30
2015-08-01,C,MT,3.16
2015-08-01,C,MS,3.55
2015-08-01,C,MG,2.78
2015-08-01,C,PA,6.64
2015-08-01,C,PB,3.24
2015-08-01,C,PR,2.65
2015-08-01,C,PE,3.46
2015-08-01,C,PI,2.74
2015-08-01,C,RJ,1.59
2015-08-01,C,RN,2.40
2015-08-01,C,RS,3.45
2015-08-01,C,RO,3.84
2015-08-01,C,RR,2.45
2015-08-01,C,SC,2.27
2015-08-01,C,SP,2.07
2015-08-01,C,SE,4.50
2015-08-01,C,TO,8.01
2015-09-01,C,AC,2.16
2015-09-01,C,AL,5.15
2015-09-01,C,AP,3.24
2015-09-01,C,AM,2.20
2015-09-01,C,BA,3.63
2015-09-01,C,CE,2.24
2015-09-01,C,DF,1.40
2015-09-01,C,ES,3.17
2015-09-01,C,GO,3.26
2015-09-01,C,MA,3.33
2015-09-01,C,MT,3.25
2015-09-01,C,MS,3.14
2015-09-01,C,MG,2.76
2015-09-01,C,PA,6.55
2015-09-01,C,PB,3.12
2015-09-01,C,PR,2.93
2015-09-01,C,PE,3.37
2015-09-01,C,PI,2.63
2015-09-01,C,RJ,1.11
2015-09-01,C,RN,2.55
2015-09-01,C,RS,3.47
2015-09-01,C,RO,3.71
2015-09-01,C,RR,2.51
2015-09-01,C,SC,2.37
2015-09-01,C,SP,2.06
2015-09-01,C,SE,4.59
2015-09-01,C,TO,8.06
2015-10-01,C,AC,2.23
2015-10-01,C,AL,5.31
2015-10-01,C,AP,3.31
2015-10-01,C,AM,2.34
2015-10-01,C,BA,3.47
2015-10-01,C,CE,3.20
2015-10-01,C,DF,1.32
2015-10-01,C,ES,3.11
2015-10-01,C,GO,3.60
2015-10-01,C,MA,3.56
2015-10-01,C,MT,3.55
2015-10-01,C,MS,3.60
2015-10-01,C,MG,2.85
2015-10-01,C,PA,4.79
2015-10-01,C,PB,3.19
2015-10-01,C,PR,3.24
2015-10-01,C,PE,3.76
2015-10-01,C,PI,2.70
2015-10-01,C,RJ,0.93
2015-10-01,C,RN,2.69
2015-10-01,C,RS,3.54
2015-10-01,C,RO,3.79
2015-10-01,C,RR,2.40
2015-10-01,C,SC,2.34
2015-10-01,C,SP,2.16
2015-10-01,C,SE,4.83
2015-10-01,C,TO,8.72
2015-11-01,C,AC,2.53
2015-11-01,C,AL,5.81
2015-11-01,C,AP,3.30
2015-11-01,C,AM,2.56
2015-11-01,C,BA,3.78
2015-11-01,C,CE,3.89
2015-11-01,C,DF,1.37
2015-11-01,C,ES,3.32
2015-11-01,C,GO,3.49
2015-11-01,C,MA,3.66
2015-11-01,C,MT,3.56
2015-11-01,C,MS,3.70
2015-11-01,C,MG,3.22
2015-11-01,C,PA,4.12
2015-11-01,C,PB,3.35
2015-11-01,C,PR,3.45
2015-11-01,C,PE,3.24
2015-11-01,C,PI,2.89
2015-11-01,C,RJ,1.04
2015-11-01,C,RN,2.80
2015-11-01,C,RS,3.55
2015-11-01,C,RO,3.53
2015-11-01,C,RR,2.57
2015-11-01,C,SC,2.49
2015-11-01,C,SP,2.28
2015-11-01,C,SE,5.07
2015-11-01,C,TO,9.08
2015-12-01,C,AC,2.55
2015-12-01,C,AL,3.59
2015-12-01,C,AP,3.19
2015-12-01,C,AM,2.77
2015-12-01,C,BA,3.46
2015-12-01,C,CE,3.96
2015-12-01,C,DF,1.55
2015-12-01,C,ES,3.27
2015-12-01,C,GO,3.51
2015-12-01,C,MA,3.40
2015-12-01,C,MT,3.20
2015-12-01,C,MS,3.01
2015-12-01,C,MG,3.20
2015-12-01,C,PA,4.21
2015-12-01,C,PB,3.20
2015-12-01,C,PR,3.41
2015-12-01,C,PE,3.10
2015-12-01,C,PI,2.90
2015-12-01,C,RJ,0.92
2015-12-01,C,RN,2.70
2015-12-01,C,RS,3.35
2015-12-01,C,RO,3.78
2015-12-01,C,RR,2.62
2015-12-01,C,SC,2.53
2015-12-01,C,SP,2.18
2015-12-01,C,SE,4.84
2015-12-01,C,TO,8.65
2016-01-01,C,AC,2.90
2016-01-01,C,AL,4.29
2016-01-01,C,AP,3.14
2016-01-01,C,AM,2.94
2016-01-01,C,BA,3.73
2016-01-01,C,CE,3.79
2016-01-01,C,DF,1.62
2016-01-01,C,ES,3.55
2016-01-01,C,GO,3.60
2016-01-01,C,MA,3.66
2016-01-01,C,MT,3.63
2016-01-01,C,MS,3.09
2016-01-01,C,MG,3.31
2016-01-01,C,PA,4.94
2016-01-01,C,PB,3.38
2016-01-01,C,PR,3.59
2016-01-01,C,PE,2.94
2016-01-01,C,PI,3.10
2016-01-01,C,RJ,0.98
2016-01-01,C,RN,2.75
2016-01-01,C,RS,3.57
2016-01-01,C,RO,4.06
2016-01-01,C,RR,2.46
2016-01-01,C,SC,2.70
2016-01-01,C,SP,2.29
2016-01-01,C,SE,4.91
2016-01-01,C,TO,8.88
2016-02-01,C,AC,3.39
2016-02-01,C,AL,4.85
2016-02-01,C,AP,3.27
2016-02-01,C,AM,3.22
2016-02-01,C,BA,3.79
2016-02-01,C,CE,3.62
2016-02-01,C,DF,1.59
2016-02-01,C,ES,4.00
2016-02-01,C,GO,3.70
2016-02-01,C,MA,4.01
2016-02-01,C,MT,3.69
2016-02-01,C,MS,3.04
2016-02-01,C,MG,3.68
2016-02-01,C,PA,4.58
2016-02-01,C,PB,3.76
2016-02-01,C,PR,3.70
2016-02-01,C,PE,3.21
2016-02-01,C,PI,2.93
2016-02-01,C,RJ,1.12
2016-02-01,C,RN,3.08
2016-02-01,C,RS,3.70
2016-02-01,C,RO,4.54
2016-02-01,C,RR,2.66
2016-02-01,C,SC,3.02
2016-02-01,C,SP,2.37
2016-02-01,C,SE,4.50
2016-02-01,C,TO,9.22
2016-03-01,C,AC,3.56
2016-03-01,C,AL,4.96
2016-03-01,C,AP,3.07
2016-03-01,C,AM,3.27
2016-03-01,C,BA,3.87
2016-03-01,C,CE,3.55
2016-03-01,C,DF,1.47
2016-03-01,C,ES,4.15
2016-03-01,C,GO,3.64
2016-03-01,C,MA,4.38
2016-03-01,C,MT,3.94
2016-03-01,C,MS,3.04
2016-03-01,C,MG,3.49
2016-03-01,C,PA,4.82
2016-03-01,C,PB,3.94
2016-03-01,C,PR,3.80
2016-03-01,C,PE,3.91
2016-03-01,C,PI,2.99
2016-03-01,C,RJ,1.30
2016-03-01,C,RN,3.03
2016-03-01,C,RS,3.95
2016-03-01,C,RO,4.53
2016-03-01,C,RR,2.69
2016-03-01,C,SC,3.02
2016-03-01,C,SP,2.40
2016-03-01,C,SE,4.33
2016-03-01,C,TO,3.26
2016-04-01,C,AC,4.09
2016-04-01,C,AL,5.60
2016-04-01,C,AP,3.30
2016-04-01,C,AM,3.34
2016-04-01,C,BA,3.85
2016-04-01,C,CE,3.55
2016-04-01,C,DF,3.10
2016-04-01,C,ES,4.78
2016-04-01,C,GO,3.62
2016-04-01,C,MA,4.59
2016-04-01,C,MT,4.11
2016-04-01,C,MS,3.24
2016-04-01,C,MG,3.68
2016-04-01,C,PA,9.03
2016-04-01,C,PB,4.39
2016-04-01,C,PR,4.07
2016-04-01,C,PE,4.13
2016-04-01,C,PI,3.29
2016-04-01,C,RJ,1.52
2016-04-01,C,RN,3.15
2016-04-01,C,RS,4.05
2016-04-01,C,RO,4.75
2016-04-01,C,RR,2.90
2016-04-01,C,SC,3.18
2016-04-01,C,SP,2.53
2016-04-01,C,SE,5.03
2016-04-01,C,TO,3.18
2016-05-01,C,AC,4.17
2016-05-01,C,AL,5.32
2016-05-01,C,AP,3.23
2016-05-01,C,AM,3.55
2016-05-01,C,BA,4.15
2016-05-01,C,CE,3.77
2016-05-01,C,DF,3.16
2016-05-01,C,ES,5.53
2016-05-01,C,GO,3.78
2016-05-01,C,MA,4.35
2016-05-01,C,MT,4.45
2016-05-01,C,MS,3.78
2016-05-01,C,MG,3.79
2016-05-01,C,PA,9.43
2016-05-01,C,PB,4.27
2016-05-01,C,PR,4.26
2016-05-01,C,PE,4.20
2016-05-01,C,PI,3.58
2016-05-01,C,RJ,1.63
2016-05-01,C,RN,3.11
2016-05-01,C,RS,3.96
2016-05-01,C,RO,5.16
2016-05-01,C,RR,2.87
2016-05-01,C,SC,3.28
2016-05-01,C,SP,2.52
2016-05-01,C,SE,5.82
2016-05-01,C,TO,3.37
2016-06-01,C,AC,3.90
2016-06-01,C,AL,5.81
2016-06-01,C,AP,2.91
2016-06-01,C,AM,3.38
2016-06-01,C,BA,4.23
2016-06-01,C,CE,3.50
2016-06-01,C,DF,1.53
2016-06-01,C,ES,5.11
2016-06-01,C,GO,3.89
2016-06-01,C,MA,4.21
2016-06-01,C,MT,4.43
2016-06-01,C,MS,3.50
2016-06-01,C,MG,3.56
2016-06-01,C,PA,8.66
2016-06-01,C,PB,4.14
2016-06-01,C,PR,3.74
2016-06-01,C,PE,3.49
2016-06-01,C,PI,3.39
2016-06-01,C,RJ,1.63
2016-06-01,C,RN,2.82
2016-06-01,C,RS,3.95
2016-06-01,C,RO,4.44
2016-06-01,C,RR,2.62
2016-06-01,C,SC,3.25
2016-06-01,C,SP,2.40
2016-06-01,C,SE,4.22
2016-06-01,C,TO,2.92
2016-07-01,C,AC,3.74
2016-07-01,C,AL,5.08
2016-07-01,C,AP,2.99
2016-07-01,C,AM,3.94
2016-07-01,C,BA,4.49
2016-07-01,C,CE,3.71
2016-07-01,C,DF,1.63
2016-07-01,C,ES,4.82
2016-07-01,C,GO,4.13
2016-07-01,C,MA,4.55
2016-07-01,C,MT,4.77
2016-07-01,C,MS,3.46
2016-07-01,C,MG,3.64
2016-07-01,C,PA,8.91
2016-07-01,C,PB,4.02
2016-07-01,C,PR,3.76
2016-07-01,C,PE,3.61
2016-07-01,C,PI,3.48
2016-07-01,C,RJ,1.47
2016-07-01,C,RN,2.89
2016-07-01,C,RS,3.88
2016-07-01,C,RO,4.93
2016-07-01,C,RR,2.48
2016-07-01,C,SC,3.33
2016-07-01,C,SP,2.51
2016-07-01,C,SE,4.41
2016-07-01,C,TO,3.19
2016-08-01,C,AC,3.76
2016-08-01,C,AL,4.80
2016-08-01,C,AP,3.18
2016-08-01,C,AM,4.13
2016-08-01,C,BA,4.34
2016-08-01,C,CE,3.71
2016-08-01,C,DF,1.72
2016-08-01,C,ES,4.52
2016-08-01,C,GO,4.37
2016-08-01,C,MA,4.49
2016-08-01,C,MT,5.48
2016-08-01,C,MS,3.29
2016-08-01,C,MG,3.42
2016-08-01,C,PA,8.35
2016-08-01,C,PB,4.24
2016-08-01,C,PR,3.34
2016-08-01,C,PE,3.55
2016-08-01,C,PI,3.22
2016-08-01,C,RJ,2.04
2016-08-01,C,RN,2.83
2016-08-01,C,RS,4.10
2016-08-01,C,RO,5.59
2016-08-01,C,RR,2.46
2016-08-01,C,SC,3.44
2016-08-01,C,SP,2.50
2016-08-01,C,SE,4.42
2016-08-01,C,TO,3.39
2016-09-01,C,AC,3.85
2016-09-01,C,AL,4.38
2016-09-01,C,AP,3.20
2016-09-01,C,AM,4.07
2016-09-01,C,BA,4.66
2016-09-01,C,CE,3.83
2016-09-01,C,DF,1.73
2016-09-01,C,ES,4.43
2016-09-01,C,GO,4.33
2016-09-01,C,MA,4.65
2016-09-01,C,MT,6.40
2016-09-01,C,MS,3.35
2016-09-01,C,MG,3.39
2016-09-01,C,PA,8.89
2016-09-01,C,PB,4.09
2016-09-01,C,PR,3.23
2016-09-01,C,PE,3.38
2016-09-01,C,PI,3.04
2016-09-01,C,RJ,2.08
2016-09-01,C,RN,3.04
2016-09-01,C,RS,4.20
2016-09-01,C,RO,5.56
2016-09-01,C,RR,2.47
2016-09-01,C,SC,3.31
2016-09-01,C,SP,2.44
2016-09-01,C,SE,4.47
2016-09-01,C,TO,3.39
2016-10-01,C,AC,3.69
2016-10-01,C,AL,4.48
2016-10-01,C,AP,2.88
2016-10-01,C,AM,4.32
2016-10-01,C,BA,4.95
2016-10-01,C,CE,4.06
2016-10-01,C,DF,3.89
2016-10-01,C,ES,4.40
2016-10-01,C,GO,4.46
2016-10-01,C,MA,5.15
2016-10-01,C,MT,6.05
2016-10-01,C,MS,3.39
2016-10-01,C,MG,3.71
2016-10-01,C,PA,8.57
2016-10-01,C,PB,4.36
2016-10-01,C,PR,3.29
2016-10-01,C,PE,3.43
2016-10-01,C,PI,3.24
2016-10-01,C,RJ,3.03
2016-10-01,C,RN,3.23
2016-10-01,C,RS,4.34
2016-10-01,C,RO,6.22
2016-10-01,C,RR,2.86
2016-10-01,C,SC,3.23
2016-10-01,C,SP,2.43
2016-10-01,C,SE,4.80
2016-10-01,C,TO,3.51
2016-11-01,C,AC,3.92
2016-11-01,C,AL,4.18
2016-11-01,C,AP,2.95
2016-11-01,C,AM,4.55
2016-11-01,C,BA,4.96
2016-11-01,C,CE,3.79
2016-11-01,C,DF,3.86
2016-11-01,C,ES,4.38
2016-11-01,C,GO,4.48
2016-11-01,C,MA,5.04
2016-11-01,C,MT,5.79
2016-11-01,C,MS,3.16
2016-11-01,C,MG,3.98
2016-11-01,C,PA,7.39
2016-11-01,C,PB,4.10
2016-11-01,C,PR,3.50
2016-11-01,C,PE,3.21
2016-11-01,C,PI,3.24
2016-11-01,C,RJ,2.45
2016-11-01,C,RN,3.29
2016-11-01,C,RS,4.45
2016-11-01,C,RO,6.54
2016-11-01,C,RR,3.01
2016-11-01,C,SC,3.17
2016-11-01,C,SP,2.43
2016-11-01,C,SE,5.63
2016-11-01,C,TO,3.51
2016-12-01,C,AC,3.88
2016-12-01,C,AL,3.83
2016-12-01,C,AP,2.86
2016-12-01,C,AM,4.52
2016-12-01,C,BA,4.96
2016-12-01,C,CE,3.49
2016-12-01,C,DF,3.60
2016-12-01,C,ES,4.95
2016-12-01,C,GO,4.69
2016-12-01,C,MA,4.89
2016-12-01,C,MT,5.11
2016-12-01,C,MS,3.18
2016-12-01,C,MG,3.96
2016-12-01,C,PA,7.44
2016-12-01,C,PB,3.71
2016-12-01,C,PR,3.56
2016-12-01,C,PE,3.15
2016-12-01,C,PI,3.30
2016-12-01,C,RJ,2.57
2016-12-01,C,RN,3.15
2016-12-01,C,RS,4.19
2016-12-01,C,RO,6.15
2016-12-01,C,RR,2.88
2016-12-01,C,SC,2.72
2016-12-01,C,SP,2.34
2016-12-01,C,SE,4.65
2016-12-01,C,TO,3.07
2017-01-01,C,AC,3.90
2017-01-01,C,AL,3.81
2017-01-01,C,AP,2.57
2017-01-01,C,AM,4.60
2017-01-01,C,BA,4.28
2017-01-01,C,CE,2.74
2017-01-01,C,DF,3.65
2017-01-01,C,ES,4.52
2017-01-01,C,GO,4.72
2017-01-01,C,MA,5.21
2017-01-01,C,MT,5.05
2017-01-01,C,MS,3.64
2017-01-01,C,MG,4.05
2017-01-01,C,PA,5.50
2017-01-01,C,PB,3.57
2017-01-01,C,PR,3.52
2017-01-01,C,PE,3.28
2017-01-01,C,PI,3.20
2017-01-01,C,RJ,2.43
2017-01-01,C,RN,3.08
2017-01-01,C,RS,4.35
2017-01-01,C,RO,6.22
2017-01-01,C,RR,2.56
2017-01-01,C,SC,2.80
2017-01-01,C,SP,2.48
2017-01-01,C,SE,4.56
2017-01-01,C,TO,3.34
2017-02-01,C,AC,3.97
2017-02-01,C,AL,4.13
2017-02-01,C,AP,3.07
2017-02-01,C,AM,4.87
2017-02-01,C,BA,4.42
2017-02-01,C,CE,2.92
2017-02-01,C,DF,3.88
2017-02-01,C,ES,4.86
2017-02-01,C,GO,5.14
2017-02-01,C,MA,5.85
2017-02-01,C,MT,5.43
2017-02-01,C,MS,3.90
2017-02-01,C,MG,4.01
2017-02-01,C,PA,6.47
2017-02-01,C,PB,4.13
2017-02-01,C,PR,3.79
2017-02-01,C,PE,3.25
2017-02-01,C,PI,3.36
2017-02-01,C,RJ,2.58
2017-02-01,C,RN,3.53
2017-02-01,C,RS,4.52
2017-02-01,C,RO,7.34
2017-02-01,C,RR,2.59
2017-02-01,C,SC,2.92
2017-02-01,C,SP,2.72
2017-02-01,C,SE,4.55
2017-02-01,C,TO,3.67
2017-03-01,C,AC,3.94
2017-03-01,C,AL,5.08
2017-03-01,C,AP,2.89
2017-03-01,C,AM,4.91
2017-03-01,C,BA,4.43
2017-03-01,C,CE,3.15
2017-03-01,C,DF,3.74
2017-03-01,C,ES,4.84
2017-03-01,C,GO,6.33
2017-03-01,C,MA,5.90
2017-03-01,C,MT,5.47
2017-03-01,C,MS,3.14
2017-03-01,C,MG,4.30
2017-03-01,C,PA,6.67
2017-03-01,C,PB,4.36
2017-03-01,C,PR,3.65
2017-03-01,C,PE,3.18
2017-03-01,C,PI,3.25
2017-03-01,C,RJ,4.16
2017-03-01,C,RN,3.61
2017-03-01,C,RS,4.55
2017-03-01,C,RO,7.67
2017-03-01,C,RR,2.53
2017-03-01,C,SC,2.82
2017-03-01,C,SP,2.50
2017-03-01,C,SE,4.50
2017-03-01,C,TO,3.99
2017-04-01,C,AC,3.77
2017-04-01,C,AL,6.92
2017-04-01,C,AP,4.52
2017-04-01,C,AM,4.27
2017-04-01,C,BA,4.68
2017-04-01,C,CE,3.07
2017-04-01,C,DF,3.77
2017-04-01,C,ES,5.25
2017-04-01,C,GO,6.27
2017-04-01,C,MA,5.79
2017-04-01,C,MT,4.11
2017-04-01,C,MS,3.00
2017-04-01,C,MG,4.51
2017-04-01,C,PA,7.39
2017-04-01,C,PB,4.51
2017-04-01,C,PR,3.61
2017-04-01,C,PE,3.09
2017-04-01,C,PI,3.40
2017-04-01,C,RJ,4.27
2017-04-01,C,RN,3.86
2017-04-01,C,RS,5.00
2017-04-01,C,RO,7.56
2017-04-01,C,RR,2.62
2017-04-01,C,SC,2.83
2017-04-01,C,SP,2.71
2017-04-01,C,SE,4.06
2017-04-01,C,TO,4.04
2017-05-01,C,AC,3.58
2017-05-01,C,AL,11.03
2017-05-01,C,AP,2.81
2017-05-01,C,AM,4.63
2017-05-01,C,BA,7.76
2017-05-01,C,CE,3.12
2017-05-01,C,DF,4.01
2017-05-01,C,ES,6.04
2017-05-01,C,GO,6.08
2017-05-01,C,MA,5.61
2017-05-01,C,MT,3.70
2017-05-01,C,MS,3.70
2017-05-01,C,MG,4.52
2017-05-01,C,PA,6.89
2017-05-01,C,PB,4.22
2017-05-01,C,PR,3.79
2017-05-01,C,PE,3.42
2017-05-01,C,PI,3.43
2017-05-01,C,RJ,4.48
2017-05-01,C,RN,4.04
2017-05-01,C,RS,5.08
2017-05-01,C,RO,7.38
2017-05-01,C,RR,2.62
2017-05-01,C,SC,2.84
2017-05-01,C,SP,2.91
2017-05-01,C,SE,5.08
2017-05-01,C,TO,3.57
2017-06-01,C,AC,3.29
2017-06-01,C,AL,9.51
2017-06-01,C,AP,2.82
2017-06-01,C,AM,4.30
2017-06-01,C,BA,4.12
2017-06-01,C,CE,2.64
2017-06-01,C,DF,3.65
2017-06-01,C,ES,4.26
2017-06-01,C,GO,5.46
2017-06-01,C,MA,4.60
2017-06-01,C,MT,3.25
2017-06-01,C,MS,2.98
2017-06-01,C,MG,4.24
2017-06-01,C,PA,6.90
2017-06-01,C,PB,3.48
2017-06-01,C,PR,3.37
2017-06-01,C,PE,3.00
2017-06-01,C,PI,2.66
2017-06-01,C,RJ,3.88
2017-06-01,C,RN,3.59
2017-06-01,C,RS,4.85
2017-06-01,C,RO,6.65
2017-06-01,C,RR,2.61
2017-06-01,C,SC,2.48
2017-06-01,C,SP,2.63
2017-06-01,C,SE,4.38
2017-06-01,C,TO,3.37
2017-07-01,C,AC,3.43
2017-07-01,C,AL,8.61
2017-07-01,C,AP,3.02
2017-07-01,C,AM,4.31
2017-07-01,C,BA,3.97
2017-07-01,C,CE,3.69
2017-07-01,C,DF,1.40
2017-07-01,C,ES,4.40
2017-07-01,C,GO,5.49
2017-07-01,C,MA,4.49
2017-07-01,C,MT,3.47
2017-07-01,C,MS,2.86
2017-07-01,C,MG,4.22
2017-07-01,C,PA,7.31
2017-07-01,C,PB,3.55
2017-07-01,C,PR,3.86
2017-07-01,C,PE,3.25
2017-07-01,C,PI,2.71
2017-07-01,C,RJ,2.92
2017-07-01,C,RN,3.78
2017-07-01,C,RS,5.14
2017-07-01,C,RO,5.54
2017-07-01,C,RR,2.63
2017-07-01,C,SC,2.42
2017-07-01,C,SP,2.64
2017-07-01,C,SE,5.73
2017-07-01,C,TO,3.68
2017-08-01,C,AC,3.47
2017-08-01,C,AL,7.42
2017-08-01,C,AP,2.90
2017-08-01,C,AM,4.43
2017-08-01,C,BA,3.96
2017-08-01,C,CE,3.77
2017-08-01,C,DF,1.23
2017-08-01,C,ES,4.33
2017-08-01,C,GO,5.26
2017-08-01,C,MA,3.92
2017-08-01,C,MT,3.63
2017-08-01,C,MS,2.78
2017-08-01,C,MG,4.07
2017-08-01,C,PA,6.92
2017-08-01,C,PB,3.18
2017-08-01,C,PR,3.94
2017-08-01,C,PE,2.95
2017-08-01,C,PI,2.48
2017-08-01,C,RJ,2.95
2017-08-01,C,RN,3.73
2017-08-01,C,RS,5.06
2017-08-01,C,RO,5.15
2017-08-01,C,RR,2.51
2017-08-01,C,SC,2.36
2017-08-01,C,SP,2.85
2017-08-01,C,SE,5.67
2017-08-01,C,TO,3.49
2017-09-01,C,AC,3.11
2017-09-01,C,AL,7.83
2017-09-01,C,AP,2.54
2017-09-01,C,AM,4.45
2017-09-01,C,BA,3.73
2017-09-01,C,CE,3.58
2017-09-01,C,DF,1.37
2017-09-01,C,ES,4.29
2017-09-01,C,GO,5.36
2017-09-01,C,MA,3.61
2017-09-01,C,MT,3.47
2017-09-01,C,MS,2.93
2017-09-01,C,MG,3.87
2017-09-01,C,PA,6.37
2017-09-01,C,PB,3.07
2017-09-01,C,PR,3.69
2017-09-01,C,PE,2.42
2017-09-01,C,PI,2.57
2017-09-01,C,RJ,2.70
2017-09-01,C,RN,3.63
2017-09-01,C,RS,4.74
2017-09-01,C,RO,5.29
2017-09-01,C,RR,2.43
2017-09-01,C,SC,2.33
2017-09-01,C,SP,2.66
2017-09-01,C,SE,5.24
2017-09-01,C,TO,3.43
2017-10-01,C,AC,2.97
2017-10-01,C,AL,8.16
2017-10-01,C,AP,2.74
2017-10-01,C,AM,4.54
2017-10-01,C,BA,3.88
2017-10-01,C,CE,3.89
2017-10-01,C,DF,3.29
2017-10-01,C,ES,4.78
2017-10-01,C,GO,5.40
2017-10-01,C,MA,3.43
2017-10-01,C,MT,3.75
2017-10-01,C,MS,2.92
2017-10-01,C,MG,4.01
2017-10-01,C,PA,6.39
2017-10-01,C,PB,3.06
2017-10-01,C,PR,3.81
2017-10-01,C,PE,3.02
2017-10-01,C,PI,2.61
2017-10-01,C,RJ,2.67
2017-10-01,C,RN,3.61
2017-10-01,C,RS,4.73
2017-10-01,C,RO,4.99
2017-10-01,C,RR,2.28
2017-10-01,C,SC,2.50
2017-10-01,C,SP,2.71
2017-10-01,C,SE,4.91
2017-10-01,C,TO,3.22
2017-11-01,C,AC,2.58
2017-11-01,C,AL,7.00
2017-11-01,C,AP,2.25
2017-11-01,C,AM,4.22
2017-11-01,C,BA,4.28
2017-11-01,C,CE,3.58
2017-11-01,C,DF,3.25
2017-11-01,C,ES,4.45
2017-11-01,C,GO,5.12
2017-11-01,C,MA,3.44
2017-11-01,C,MT,3.80
2017-11-01,C,MS,2.78
2017-11-01,C,MG,3.92
2017-11-01,C,PA,7.18
2017-11-01,C,PB,3.17
2017-11-01,C,PR,3.63
2017-11-01,C,PE,2.95
2017-11-01,C,PI,12.39
2017-11-01,C,RJ,2.62
2017-11-01,C,RN,3.45
2017-11-01,C,RS,4.36
2017-11-01,C,RO,4.61
2017-11-01,C,RR,2.17
2017-11-01,C,SC,2.35
2017-11-01,C,SP,2.70
2017-11-01,C,SE,4.66
2017-11-01,C,TO,3.26
2017-12-01,C,AC,2.33
2017-12-01,C,AL,5.69
2017-12-01,C,AP,2.38
2017-12-01,C,AM,4.32
2017-12-01,C,BA,3.72
2017-12-01,C,CE,3.30
2017-12-01,C,DF,1.31
2017-12-01,C,ES,3.97
2017-12-01,C,GO,3.34
2017-12-01,C,MA,2.78
2017-12-01,C,MT,3.70
2017-12-01,C,MS,2.12
2017-12-01,C,MG,3.71
2017-12-01,C,PA,6.94
2017-12-01,C,PB,2.88
2017-12-01,C,PR,3.41
2017-12-01,C,PE,2.78
2017-12-01,C,PI,10.69
2017-12-01,C,RJ,2.54
2017-12-01,C,RN,2.76
2017-12-01,C,RS,3.40
2017-12-01,C,RO,3.90
2017-12-01,C,RR,1.97
2017-12-01,C,SC,2.12
2017-12-01,C,SP,2.43
2017-12-01,C,SE,4.16
2017-12-01,C,TO,3.59
2018-01-01,C,AC,2.79
2018-01-01,C,AL,5.99
2018-01-01,C,AP,1.99
2018-01-01,C,AM,4.49
2018-01-01,C,BA,3.73
2018-01-01,C,CE,3.40
2018-01-01,C,DF,1.48
2018-01-01,C,ES,3.94
2018-01-01,C,GO,3.46
2018-01-01,C,MA,3.01
2018-01-01,C,MT,3.56
2018-01-01,C,MS,1.95
2018-01-01,C,MG,4.02
2018-01-01,C,PA,7.18
2018-01-01,C,PB,3.52
2018-01-01,C,PR,3.65
2018-01-01,C,PE,3.33
2018-01-01,C,PI,5.69
2018-01-01,C,RJ,2.99
2018-01-01,C,RN,2.60
2018-01-01,C,RS,3.72
2018-01-01,C,RO,3.98
2018-01-01,C,RR,2.38
2018-01-01,C,SC,2.31
2018-01-01,C,SP,2.53
2018-01-01,C,SE,3.45
2018-01-01,C,TO,3.98
2018-02-01,C,AC,2.75
2018-02-01,C,AL,6.04
2018-02-01,C,AP,1.84
2018-02-01,C,AM,4.35
2018-02-01,C,BA,3.39
2018-02-01,C,CE,6.32
2018-02-01,C,DF,1.43
2018-02-01,C,ES,3.76
2018-02-01,C,GO,3.30
2018-02-01,C,MA,2.88
2018-02-01,C,MT,3.48
2018-02-01,C,MS,1.85
2018-02-01,C,MG,3.81
2018-02-01,C,PA,6.65
2018-02-01,C,PB,3.42
2018-02-01,C,PR,3.65
2018-02-01,C,PE,3.62
2018-02-01,C,PI,9.76
2018-02-01,C,RJ,3.01
2018-02-01,C,RN,2.06
2018-02-01,C,RS,3.80
2018-02-01,C,RO,3.52
2018-02-01,C,RR,2.52
2018-02-01,C,SC,2.74
2018-02-01,C,SP,2.41
2018-02-01,C,SE,3.55
2018-02-01,C,TO,3.48
2018-03-01,C,AC,2.57
2018-03-01,C,AL,9.71
2018-03-01,C,AP,1.80
2018-03-01,C,AM,4.80
2018-03-01,C,BA,3.57
2018-03-01,C,CE,5.55
2018-03-01,C,DF,3.03
2018-03-01,C,ES,3.61
2018-03-01,C,GO,3.20
2018-03-01,C,MA,2.73
2018-03-01,C,MT,3.48
2018-03-01,C,MS,2.01
2018-03-01,C,MG,3.21
2018-03-01,C,PA,6.10
2018-03-01,C,PB,3.57
2018-03-01,C,PR,3.56
2018-03-01,C,PE,3.04
2018-03-01,C,PI,9.94
2018-03-01,C,RJ,2.67
2018-03-01,C,RN,2.08
2018-03-01,C,RS,3.64
2018-03-01,C,RO,3.48
2018-03-01,C,RR,2.04
2018-03-01,C,SC,2.21
2018-03-01,C,SP,2.26
2018-03-01,C,SE,3.89
2018-03-01,C,TO,2.73
2018-04-01,C,AC,2.59
2018-04-01,C,AL,9.62
2018-04-01,C,AP,1.73
2018-04-01,C,AM,4.93
2018-04-01,C,BA,3.37
2018-04-01,C,CE,3.35
2018-04-01,C,DF,1.26
2018-04-01,C,ES,3.93
2018-04-01,C,GO,3.15
2018-04-01,C,MA,2.69
2018-04-01,C,MT,3.88
2018-04-01,C,MS,2.01
2018-04-01,C,MG,3.00
2018-04-01,C,PA,6.23
2018-04-01,C,PB,4.68
2018-04-01,C,PR,3.44
2018-04-01,C,PE,3.17
2018-04-01,C,PI,1.99
2018-04-01,C,RJ,3.76
2018-04-01,C,RN,2.52
2018-04-01,C,RS,3.82
2018-04-01,C,RO,3.52
2018-04-01,C,RR,2.21
2018-04-01,C,SC,2.25
2018-04-01,C,SP,1.94
2018-04-01,C,SE,7.63
2018-04-01,C,TO,3.08
2018-05-01,C,AC,2.85
2018-05-01,C,AL,9.54
2018-05-01,C,AP,1.68
2018-05-01,C,AM,4.79
2018-05-01,C,BA,4.94
2018-05-01,C,CE,3.04
2018-05-01,C,DF,1.48
2018-05-01,C,ES,4.92
2018-05-01,C,GO,3.29
2018-05-01,C,MA,2.96
2018-05-01,C,MT,3.56
2018-05-01,C,MS,2.51
2018-05-01,C,MG,2.92
2018-05-01,C,PA,4.47
2018-05-01,C,PB,4.79
2018-05-01,C,PR,3.30
2018-05-01,C,PE,3.06
2018-05-01,C,PI,2.26
2018-05-01,C,RJ,3.70
2018-05-01,C,RN,2.32
2018-05-01,C,RS,3.86
2018-05-01,C,RO,3.62
2018-05-01,C,RR,1.86
2018-05-01,C,SC,2.20
2018-05-01,C,SP,2.06
2018-05-01,C,SE,7.94
2018-05-01,C,TO,2.66
2018-06-01,C,AC,2.45
2018-06-01,C,AL,5.67
2018-06-01,C,AP,1.56
2018-06-01,C,AM,3.54
2018-06-01,C,BA,2.63
2018-06-01,C,CE,2.24
2018-06-01,C,DF,0.94
2018-06-01,C,ES,4.11
2018-06-01,C,GO,3.11
2018-06-01,C,MA,2.85
2018-06-01,C,MT,3.05
2018-06-01,C,MS,2.34
2018-06-01,C,MG,2.56
2018-06-01,C,PA,4.13
2018-06-01,C,PB,4.47
2018-06-01,C,PR,3.05
2018-06-01,C,PE,2.97
2018-06-01,C,PI,1.96
2018-06-01,C,RJ,2.63
2018-06-01,C,RN,2.23
2018-06-01,C,RS,3.47
2018-06-01,C,RO,3.37
2018-06-01,C,RR,1.63
2018-06-01,C,SC,1.94
2018-06-01,C,SP,2.07
2018-06-01,C,SE,7.71
2018-06-01,C,TO,2.11
2018-07-01,C,AC,2.43
2018-07-01,C,AL,5.27
2018-07-01,C,AP,1.66
2018-07-01,C,AM,4.10
2018-07-01,C,BA,2.60
2018-07-01,C,CE,2.66
2018-07-01,C,DF,1.12
2018-07-01,C,ES,4.58
2018-07-01,C,GO,3.12
2018-07-01,C,MA,2.96
2018-07-01,C,MT,3.21
2018-07-01,C,MS,1.86
2018-07-01,C,MG,2.51
2018-07-01,C,PA,3.94
2018-07-01,C,PB,4.30
2018-07-01,C,PR,3.06
2018-07-01,C,PE,2.72
2018-07-01,C,PI,1.96
2018-07-01,C,RJ,1.70
2018-07-01,C,RN,2.50
2018-07-01,C,RS,3.92
2018-07-01,C,RO,3.08
2018-07-01,C,RR,1.76
2018-07-01,C,SC,1.57
2018-07-01,C,SP,2.19
2018-07-01,C,SE,8.26
2018-07-01,C,TO,2.76
2018-08-01,C,AC,2.34
2018-08-01,C,AL,5.03
2018-08-01,C,AP,1.66
2018-08-01,C,AM,4.02
2018-08-01,C,BA,6.30
2018-08-01,C,CE,4.61
2018-08-01,C,DF,1.40
2018-08-01,C,ES,4.38
2018-08-01,C,GO,3.21
2018-08-01,C,MA,2.64
2018-08-01,C,MT,3.07
2018-08-01,C,MS,1.95
2018-08-01,C,MG,2.45
2018-08-01,C,PA,4.11
2018-08-01,C,PB,5.99
2018-08-01,C,PR,3.08
2018-08-01,C,PE,2.84
2018-08-01,C,PI,1.85
2018-08-01,C,RJ,1.47
2018-08-01,C,RN,2.64
2018-08-01,C,RS,3.56
2018-08-01,C,RO,2.74
2018-08-01,C,RR,1.55
2018-08-01,C,SC,1.49
2018-08-01,C,SP,2.14
2018-08-01,C,SE,8.48
2018-08-01,C,TO,2.95
2018-09-01,C,AC,2.29
2018-09-01,C,AL,5.86
2018-09-01,C,AP,1.35
2018-09-01,C,AM,4.11
2018-09-01,C,BA,2.51
2018-09-01,C,CE,2.35
2018-09-01,C,DF,1.34
2018-09-01,C,ES,4.23
2018-09-01,C,GO,4.89
2018-09-01,C,MA,2.40
2018-09-01,C,MT,2.70
2018-09-01,C,MS,5.58
2018-09-01,C,MG,2.26
2018-09-01,C,PA,3.66
2018-09-01,C,PB,4.44
2018-09-01,C,PR,2.94
2018-09-01,C,PE,2.57
2018-09-01,C,PI,1.85
2018-09-01,C,RJ,1.32
2018-09-01,C,RN,2.64
2018-09-01,C,RS,3.53
2018-09-01,C,RO,2.95
2018-09-01,C,RR,1.34
2018-09-01,C,SC,1.48
2018-09-01,C,SP,2.66
2018-09-01,C,SE,8.06
2018-09-01,C,TO,3.06
2018-10-01,C,AC,2.38
2018-10-01,C,AL,5.29
2018-10-01,C,AP,1.30
2018-10-01,C,AM,3.97
2018-10-01,C,BA,2.35
2018-10-01,C,CE,2.40
2018-10-01,C,DF,1.10
2018-10-01,C,ES,4.31
2018-10-01,C,GO,5.07
2018-10-01,C,MA,3.06
2018-10-01,C,MT,2.81
2018-10-01,C,MS,6.08
2018-10-01,C,MG,2.34
2018-10-01,C,PA,3.23
2018-10-01,C,PB,4.47
2018-10-01,C,PR,2.96
2018-10-01,C,PE,3.45
2018-10-01,C,PI,1.74
2018-10-01,C,RJ,1.42
2018-10-01,C,RN,2.42
2018-10-01,C,RS,2.99
2018-10-01,C,RO,3.01
2018-10-01,C,RR,1.23
2018-10-01,C,SC,1.50
2018-10-01,C,SP,2.64
2018-10-01,C,SE,7.70
2018-10-01,C,TO,3.01
2018-11-01,C,AC,2.02
2018-11-01,C,AL,5.13
2018-11-01,C,AP,1.19
2018-11-01,C,AM,3.13
2018-11-01,C,BA,2.28
2018-11-01,C,CE,2.31
2018-11-01,C,DF,1.06
2018-11-01,C,ES,4.08
2018-11-01,C,GO,4.96
2018-11-01,C,MA,3.00
2018-11-01,C,MT,2.57
2018-11-01,C,MS,5.67
2018-11-01,C,MG,2.22
2018-11-01,C,PA,2.91
2018-11-01,C,PB,3.73
2018-11-01,C,PR,2.71
2018-11-01,C,PE,3.58
2018-11-01,C,PI,1.59
2018-11-01,C,RJ,1.55
2018-11-01,C,RN,2.22
2018-11-01,C,RS,2.61
2018-11-01,C,RO,2.80
2018-11-01,C,RR,1.39
2018-11-01,C,SC,1.45
2018-11-01,C,SP,2.54
2018-11-01,C,SE,7.49
2018-11-01,C,TO,2.73
2018-12-01,C,AC,1.86
2018-12-01,C,AL,4.64
2018-12-01,C,AP,1.06
2018-12-01,C,AM,2.87
2018-12-01,C,BA,2.20
2018-12-01,C,CE,1.94
2018-12-01,C,DF,0.93
2018-12-01,C,ES,2.93
2018-12-01,C,GO,4.48
2018-12-01,C,MA,3.09
2018-12-01,C,MT,2.37
2018-12-01,C,MS,5.46
2018-12-01,C,MG,2.05
2018-12-01,C,PA,2.58
2018-12-01,C,PB,3.04
2018-12-01,C,PR,2.60
2018-12-01,C,PE,2.97
2018-12-01,C,PI,1.45
2018-12-01,C,RJ,1.46
2018-12-01,C,RN,1.91
2018-12-01,C,RS,2.34
2018-12-01,C,RO,2.54
2018-12-01,C,RR,1.13
2018-12-01,C,SC,1.33
2018-12-01,C,SP,2.30
2018-12-01,C,SE,7.37
2018-12-01,C,TO,2.75
2019-01-01,C,AC,2.75
2019-01-01,C,AL,4.44
2019-01-01,C,AP,0.96
2019-01-01,C,AM,2.67
2019-01-01,C,BA,2.11
2019-01-01,C,CE,2.08
2019-01-01,C,DF,1.01
2019-01-01,C,ES,3.20
2019-01-01,C,GO,4.40
2019-01-01,C,MA,3.31
2019-01-01,C,MT,2.26
2019-01-01,C,MS,5.51
2019-01-01,C,MG,2.13
2019-01-01,C,PA,3.37
2019-01-01,C,PB,3.16
2019-01-01,C,PR,2.51
2019-01-01,C,PE,3.66
2019-01-01,C,PI,1.55
2019-01-01,C,RJ,1.64
2019-01-01,C,RN,1.55
2019-01-01,C,RS,2.54
2019-01-01,C,RO,2.84
2019-01-01,C,RR,1.28
2019-01-01,C,SC,1.32
2019-01-01,C,SP,2.37
2019-01-01,C,SE,3.55
2019-01-01,C,TO,2.63
2019-02-01,C,AC,2.89
2019-02-01,C,AL,4.47
2019-02-01,C,AP,1.29
2019-02-01,C,AM,2.52
2019-02-01,C,BA,2.01
2019-02-01,C,CE,2.24
2019-02-01,C,DF,0.95
2019-02-01,C,ES,3.09
2019-02-01,C,GO,4.50
2019-02-01,C,MA,3.23
2019-02-01,C,MT,2.13
2019-02-01,C,MS,6.03
2019-02-01,C,MG,2.11
2019-02-01,C,PA,3.05
2019-02-01,C,PB,3.46
2019-02-01,C,PR,2.62
2019-02-01,C,PE,3.58
2019-02-01,C,PI,1.80
2019-02-01,C,RJ,1.24
2019-02-01,C,RN,2.37
2019-02-01,C,RS,2.41
2019-02-01,C,RO,2.39
2019-02-01,C,RR,1.21
2019-02-01,C,SC,1.29
2019-02-01,C,SP,2.34
2019-02-01,C,SE,3.21
2019-02-01,C,TO,4.08
2019-03-01,C,AC,2.95
2019-03-01,C,AL,4.42
2019-03-01,C,AP,1.50
2019-03-01,C,AM,2.31
2019-03-01,C,BA,2.02
2019-03-01,C,CE,2.34
2019-03-01,C,DF,1.04
2019-03-01,C,ES,3.29
2019-03-01,C,GO,4.35
2019-03-01,C,MA,2.79
2019-03-01,C,MT,1.79
2019-03-01,C,MS,6.41
2019-03-01,C,MG,1.94
2019-03-01,C,PA,3.74
2019-03-01,C,PB,3.52
2019-03-01,C,PR,2.85
2019-03-01,C,PE,3.83
2019-03-01,C,PI,1.77
2019-03-01,C,RJ,1.22
2019-03-01,C,RN,2.36
2019-03-01,C,RS,2.26
2019-03-01,C,RO,2.46
2019-03-01,C,RR,1.19
2019-03-01,C,SC,1.23
2019-03-01,C,SP,2.42
2019-03-01,C,SE,3.90
2019-03-01,C,TO,4.62
2019-04-01,C,AC,3.23
2019-04-01,C,AL,3.78
2019-04-01,C,AP,1.21
2019-04-01,C,AM,2.28
2019-04-01,C,BA,5.94
2019-04-01,C,CE,2.43
2019-04-01,C,DF,1.06
2019-04-01,C,ES,3.15
2019-04-01,C,GO,4.37
2019-04-01,C,MA,2.88
2019-04-01,C,MT,1.69
2019-04-01,C,MS,6.39
2019-04-01,C,MG,1.86
2019-04-01,C,PA,3.54
2019-04-01,C,PB,3.62
2019-04-01,C,PR,2.73
2019-04-01,C,PE,3.30
2019-04-01,C,PI,1.78
2019-04-01,C,RJ,1.09
2019-04-01,C,RN,1.47
2019-04-01,C,RS,2.15
2019-04-01,C,RO,2.64
2019-04-01,C,RR,0.98
2019-04-01,C,SC,1.16
2019-04-01,C,SP,2.50
2019-04-01,C,SE,4.01
2019-04-01,C,TO,4.64
2019-05-01,C,AC,3.15
2019-05-01,C,AL,4.33
2019-05-01,C,AP,1.33
2019-05-01,C,AM,2.08
2019-05-01,C,BA,5.43
2019-05-01,C,CE,2.28
2019-05-01,C,DF,0.90
2019-05-01,C,ES,3.80
2019-05-01,C,GO,4.45
2019-05-01,C,MA,2.87
2019-05-01,C,MT,1.58
2019-05-01,C,MS,6.43
2019-05-01,C,MG,1.84
2019-05-01,C,PA,5.46
2019-05-01,C,PB,3.27
2019-05-01,C,PR,2.41
2019-05-01,C,PE,3.15
2019-05-01,C,PI,1.84
2019-05-01,C,RJ,1.10
2019-05-01,C,RN,1.51
2019-05-01,C,RS,2.15
2019-05-01,C,RO,3.33
2019-05-01,C,RR,0.92
2019-05-01,C,SC,1.17
2019-05-01,C,SP,2.58
2019-05-01,C,SE,3.33
2019-05-01,C,TO,3.13
2019-06-01,C,AC,3.00
2019-06-01,C,AL,4.32
2019-06-01,C,AP,1.23
2019-06-01,C,AM,1.62
2019-06-01,C,BA,5.20
2019-06-01,C,CE,1.71
2019-06-01,C,DF,0.76
2019-06-01,C,ES,4.65
2019-06-01,C,GO,2.58
2019-06-01,C,MA,2.76
2019-06-01,C,MT,1.54
2019-06-01,C,MS,5.72
2019-06-01,C,MG,1.61
2019-06-01,C,PA,8.02
2019-06-01,C,PB,3.37
2019-06-01,C,PR,2.54
2019-06-01,C,PE,2.47
2019-06-01,C,PI,1.61
2019-06-01,C,RJ,1.02
2019-06-01,C,RN,1.42
2019-06-01,C,RS,2.16
2019-06-01,C,RO,3.33
2019-06-01,C,RR,0.88
2019-06-01,C,SC,1.17
2019-06-01,C,SP,2.64
2019-06-01,C,SE,2.09
2019-06-01,C,TO,3.24
2019-07-01,C,AC,2.79
2019-07-01,C,AL,4.14
2019-07-01,C,AP,1.23
2019-07-01,C,AM,1.99
2019-07-01,C,BA,3.30
2019-07-01,C,CE,1.68
2019-07-01,C,DF,0.79
2019-07-01,C,ES,5.96
2019-07-01,C,GO,2.58
2019-07-01,C,MA,2.61
2019-07-01,C,MT,1.40
2019-07-01,C,MS,5.39
2019-07-01,C,MG,1.70
2019-07-01,C,PA,6.02
2019-07-01,C,PB,3.93
2019-07-01,C,PR,3.25
2019-07-01,C,PE,1.95
2019-07-01,C,PI,1.47
2019-07-01,C,RJ,1.13
2019-07-01,C,RN,1.68
2019-07-01,C,RS,2.43
2019-07-01,C,RO,3.71
2019-07-01,C,RR,0.95
2019-07-01,C,SC,1.20
2019-07-01,C,SP,2.80
2019-07-01,C,SE,2.30
2019-07-01,C,TO,3.37
2019-08-01,C,AC,2.82
2019-08-01,C,AL,3.91
2019-08-01,C,AP,1.23
2019-08-01,C,AM,1.95
2019-08-01,C,BA,3.26
2019-08-01,C,CE,1.91
2019-08-01,C,DF,0.74
2019-08-01,C,ES,5.76
2019-08-01,C,GO,2.43
2019-08-01,C,MA,2.60
2019-08-01,C,MT,2.17
2019-08-01,C,MS,5.39
2019-08-01,C,MG,1.72
2019-08-01,C,PA,6.47
2019-08-01,C,PB,4.51
2019-08-01,C,PR,3.11
2019-08-01,C,PE,2.33
2019-08-01,C,PI,1.59
2019-08-01,C,RJ,1.05
2019-08-01,C,RN,2.02
2019-08-01,C,RS,2.23
2019-08-01,C,RO,3.24
2019-08-01,C,RR,0.94
2019-08-01,C,SC,1.19
2019-08-01,C,SP,2.80
2019-08-01,C,SE,2.10
2019-08-01,C,TO,3.38
2019-09-01,C,AC,2.95
2019-09-01,C,AL,3.88
2019-09-01,C,AP,1.27
2019-09-01,C,AM,2.04
2019-09-01,C,BA,3.47
2019-09-01,C,CE,2.01
2019-09-01,C,DF,0.89
2019-09-01,C,ES,4.93
2019-09-01,C,GO,2.10
2019-09-01,C,MA,2.33
2019-09-01,C,MT,2.22
2019-09-01,C,MS,5.46
2019-09-01,C,MG,1.47
2019-09-01,C,PA,6.44
2019-09-01,C,PB,5.99
2019-09-01,C,PR,3.09
2019-09-01,C,PE,2.79
2019-09-01,C,PI,1.37
2019-09-01,C,RJ,1.08
2019-09-01,C,RN,1.92
2019-09-01,C,RS,2.07
2019-09-01,C,RO,3.73
2019-09-01,C,RR,0.94
2019-09-01,C,SC,1.03
2019-09-01,C,SP,2.57
2019-09-01,C,SE,2.18
2019-09-01,C,TO,2.86
2019-10-01,C,AC,2.86
2019-10-01,C,AL,3.80
2019-10-01,C,AP,1.10
2019-10-01,C,AM,2.11
2019-10-01,C,BA,3.50
2019-10-01,C,CE,1.84
2019-10-01,C,DF,0.85
2019-10-01,C,ES,5.49
2019-10-01,C,GO,2.12
2019-10-01,C,MA,1.83
2019-10-01,C,MT,2.19
2019-10-01,C,MS,5.47
2019-10-01,C,MG,1.42
2019-10-01,C,PA,5.23
2019-10-01,C,PB,6.14
2019-10-01,C,PR,2.85
2019-10-01,C,PE,2.35
2019-10-01,C,PI,1.28
2019-10-01,C,RJ,1.10
2019-10-01,C,RN,1.80
2019-10-01,C,RS,2.22
2019-10-01,C,RO,3.81
2019-10-01,C,RR,0.88
2019-10-01,C,SC,1.03
2019-10-01,C,SP,2.50
2019-10-01,C,SE,2.39
2019-10-01,C,TO,2.89
2019-11-01,C,AC,2.85
2019-11-01,C,AL,3.82
2019-11-01,C,AP,1.28
2019-11-01,C,AM,2.50
2019-11-01,C,BA,3.80
2019-11-01,C,CE,1.87
2019-11-01,C,DF,0.65
2019-11-01,C,ES,4.40
2019-11-01,C,GO,2.11
2019-11-01,C,MA,1.64
2019-11-01,C,MT,2.23
2019-11-01,C,MS,5.39
2019-11-01,C,MG,1.50
2019-11-01,C,PA,5.95
2019-11-01,C,PB,4.33
2019-11-01,C,PR,2.70
2019-11-01,C,PE,1.68
2019-11-01,C,PI,1.23
2019-11-01,C,RJ,1.09
2019-11-01,C,RN,1.79
2019-11-01,C,RS,2.22
2019-11-01,C,RO,3.59
2019-11-01,C,RR,0.97
2019-11-01,C,SC,1.06
2019-11-01,C,SP,2.37
2019-11-01,C,SE,2.64
2019-11-01,C,TO,2.84
2019-12-01,C,AC,2.97
2019-12-01,C,AL,3.67
2019-12-01,C,AP,1.16
2019-12-01,C,AM,2.41
2019-12-01,C,BA,3.71
2019-12-01,C,CE,1.66
2019-12-01,C,DF,0.75
2019-12-01,C,ES,4.03
2019-12-01,C,GO,2.03
2019-12-01,C,MA,1.54
2019-12-01,C,MT,1.84
2019-12-01,C,MS,5.37
2019-12-01,C,MG,1.32
2019-12-01,C,PA,6.35
2019-12-01,C,PB,4.38
2019-12-01,C,PR,2.42
2019-12-01,C,PE,4.27
2019-12-01,C,PI,1.24
2019-12-01,C,RJ,1.11
2019-12-01,C,RN,1.76
2019-12-01,C,RS,1.88
2019-12-01,C,RO,3.37
2019-12-01,C,RR,0.97
2019-12-01,C,SC,1.01
2019-12-01,C,SP,2.01
2019-12-01,C,SE,2.41
2019-12-01,C,TO,2.29
2020-01-01,C,AC,2.68
2020-01-01,C,AL,3.10
2020-01-01,C,AP,1.23
2020-01-01,C,AM,2.64
2020-01-01,C,BA,3.98
2020-01-01,C,CE,1.88
2020-01-01,C,DF,0.77
2020-01-01,C,ES,3.86
2020-01-01,C,GO,2.19
2020-01-01,C,MA,1.51
2020-01-01,C,MT,2.00
2020-01-01,C,MS,5.52
2020-01-01,C,MG,1.39
2020-01-01,C,PA,6.64
2020-01-01,C,PB,6.16
2020-01-01,C,PR,2.38
2020-01-01,C,PE,1.63
2020-01-01,C,PI,1.36
2020-01-01,C,RJ,1.06
2020-01-01,C,RN,1.91
2020-01-01,C,RS,1.80
2020-01-01,C,RO,3.15
2020-01-01,C,RR,0.90
2020-01-01,C,SC,1.04
2020-01-01,C,SP,2.32
2020-01-01,C,SE,2.42
2020-01-01,C,TO,2.38
2020-02-01,C,AC,2.68
2020-02-01,C,AL,3.14
2020-02-01,C,AP,1.20
2020-02-01,C,AM,2.55
2020-02-01,C,BA,3.87
2020-02-01,C,CE,1.48
2020-02-01,C,DF,0.80
2020-02-01,C,ES,2.78
2020-02-01,C,GO,2.12
2020-02-01,C,MA,1.63
2020-02-01,C,MT,1.97
2020-02-01,C,MS,5.07
2020-02-01,C,MG,1.38
2020-02-01,C,PA,5.88
2020-02-01,C,PB,6.12
2020-02-01,C,PR,2.41
2020-02-01,C,PE,3.05
2020-02-01,C,PI,1.44
2020-02-01,C,RJ,1.08
2020-02-01,C,RN,1.99
2020-02-01,C,RS,1.87
2020-02-01,C,RO,3.38
2020-02-01,C,RR,1.17
2020-02-01,C,SC,1.07
2020-02-01,C,SP,2.35
2020-02-01,C,SE,2.39
2020-02-01,C,TO,2.40
2020-03-01,C,AC,2.60
2020-03-01,C,AL,3.57
2020-03-01,C,AP,1.23
2020-03-01,C,AM,2.18
2020-03-01,C,BA,4.35
2020-03-01,C,CE,1.70
2020-03-01,C,DF,0.80
2020-03-01,C,ES,3.43
2020-03-01,C,GO,2.11
2020-03-01,C,MA,1.70
2020-03-01,C,MT,1.81
2020-03-01,C,MS,4.89
2020-03-01,C,MG,1.35
2020-03-01,C,PA,6.45
2020-03-01,C,PB,6.15
2020-03-01,C,PR,2.18
2020-03-01,C,PE,3.13
2020-03-01,C,PI,1.60
2020-03-01,C,RJ,1.22
2020-03-01,C,RN,2.03
2020-03-01,C,RS,1.91
2020-03-01,C,RO,3.62
2020-03-01,C,RR,1.33
2020-03-01,C,SC,1.09
2020-03-01,C,SP,2.50
2020-03-01,C,SE,2.77
2020-03-01,C,TO,2.68
2020-04-01,C,AC,2.67
2020-04-01,C,AL,3.52
2020-04-01,C,AP,1.30
2020-04-01,C,AM,2.46
2020-04-01,C,BA,2.55
2020-04-01,C,CE,1.62
2020-04-01,C,DF,0.89
2020-04-01,C,ES,1.95
2020-04-01,C,GO,2.06
2020-04-01,C,MA,1.85
2020-04-01,C,MT,1.82
2020-04-01,C,MS,4.90
2020-04-01,C,MG,1.39
2020-04-01,C,PA,5.52
2020-04-01,C,PB,6.45
2020-04-01,C,PR,2.16
2020-04-01,C,PE,5.67
2020-04-01,C,PI,2.58
2020-04-01,C,RJ,1.54
2020-04-01,C,RN,2.10
2020-04-01,C,RS,2.00
2020-04-01,C,RO,3.92
2020-04-01,C,RR,1.37
2020-04-01,C,SC,1.12
2020-04-01,C,SP,2.58
2020-04-01,C,SE,2.98
2020-04-01,C,TO,2.38
2020-05-01,C,AC,2.67
2020-05-01,C,AL,4.19
2020-05-01,C,AP,1.23
2020-05-01,C,AM,2.33
2020-05-01,C,BA,2.35
2020-05-01,C,CE,1.56
2020-05-01,C,DF,0.98
2020-05-01,C,ES,2.91
2020-05-01,C,GO,2.07
2020-05-01,C,MA,1.96
2020-05-01,C,MT,1.59
2020-05-01,C,MS,4.97
2020-05-01,C,MG,1.40
2020-05-01,C,PA,5.09
2020-05-01,C,PB,5.21
2020-05-01,C,PR,2.03
2020-05-01,C,PE,7.70
2020-05-01,C,PI,2.28
2020-05-01,C,RJ,1.58
2020-05-01,C,RN,2.16
2020-05-01,C,RS,2.06
2020-05-01,C,RO,3.37
2020-05-01,C,RR,1.41
2020-05-01,C,SC,1.22
2020-05-01,C,SP,2.45
2020-05-01,C,SE,3.61
2020-05-01,C,TO,2.49
2020-06-01,C,AC,2.34
2020-06-01,C,AL,2.59
2020-06-01,C,AP,0.83
2020-06-01,C,AM,1.43
2020-06-01,C,BA,2.01
2020-06-01,C,CE,1.07
2020-06-01,C,DF,0.89
2020-06-01,C,ES,1.86
2020-06-01,C,GO,1.95
2020-06-01,C,MA,1.61
2020-06-01,C,MT,1.43
2020-06-01,C,MS,4.64
2020-06-01,C,MG,1.33
2020-06-01,C,PA,3.03
2020-06-01,C,PB,5.50
2020-06-01,C,PR,1.97
2020-06-01,C,PE,5.53
2020-06-01,C,PI,2.03
2020-06-01,C,RJ,1.39
2020-06-01,C,RN,2.35
2020-06-01,C,RS,1.54
2020-06-01,C,RO,2.78
2020-06-01,C,RR,1.04
2020-06-01,C,SC,1.01
2020-06-01,C,SP,2.16
2020-06-01,C,SE,3.61
2020-06-01,C,TO,2.25
2020-07-01,C,AC,2.20
2020-07-01,C,AL,2.45
2020-07-01,C,AP,0.86
2020-07-01,C,AM,1.16
2020-07-01,C,BA,1.88
2020-07-01,C,CE,1.13
2020-07-01,C,DF,0.81
2020-07-01,C,ES,1.54
2020-07-01,C,GO,1.79
2020-07-01,C,MA,1.67
2020-07-01,C,MT,1.42
2020-07-01,C,MS,4.83
2020-07-01,C,MG,1.23
2020-07-01,C,PA,2.58
2020-07-01,C,PB,4.83
2020-07-01,C,PR,1.87
2020-07-01,C,PE,5.01
2020-07-01,C,PI,1.24
2020-07-01,C,RJ,0.95
2020-07-01,C,RN,2.11
2020-07-01,C,RS,1.58
2020-07-01,C,RO,2.43
2020-07-01,C,RR,0.94
2020-07-01,C,SC,0.91
2020-07-01,C,SP,2.02
2020-07-01,C,SE,3.77
2020-07-01,C,TO,2.04
2020-08-01,C,AC,2.14
2020-08-01,C,AL,2.31
2020-08-01,C,AP,0.73
2020-08-01,C,AM,1.02
2020-08-01,C,BA,1.49
2020-08-01,C,CE,1.01
2020-08-01,C,DF,0.64
2020-08-01,C,ES,1.23
2020-08-01,C,GO,1.50
2020-08-01,C,MA,1.58
2020-08-01,C,MT,1.07
2020-08-01,C,MS,4.60
2020-08-01,C,MG,1.08
2020-08-01,C,PA,2.34
2020-08-01,C,PB,4.51
2020-08-01,C,PR,1.70
2020-08-01,C,PE,4.85
2020-08-01,C,PI,1.21
2020-08-01,C,RJ,1.64
2020-08-01,C,RN,1.93
2020-08-01,C,RS,1.46
2020-08-01,C,RO,2.27
2020-08-01,C,RR,0.91
2020-08-01,C,SC,0.83
2020-08-01,C,SP,2.00
2020-08-01,C,SE,2.88
2020-08-01,C,TO,1.66
2020-09-01,C,AC,2.11
2020-09-01,C,AL,2.13
2020-09-01,C,AP,0.66
2020-09-01,C,AM,0.94
2020-09-01,C,BA,1.24
2020-09-01,C,CE,0.97
2020-09-01,C,DF,0.63
2020-09-01,C,ES,1.11
2020-09-01,C,GO,1.25
2020-09-01,C,MA,1.12
2020-09-01,C,MT,0.96
2020-09-01,C,MS,4.25
2020-09-01,C,MG,1.03
2020-09-01,C,PA,1.64
2020-09-01,C,PB,4.10
2020-09-01,C,PR,1.49
2020-09-01,C,PE,1.43
2020-09-01,C,PI,0.98
2020-09-01,C,RJ,0.73
2020-09-01,C,RN,1.71
2020-09-01,C,RS,1.45
2020-09-01,C,RO,1.84
2020-09-01,C,RR,0.81
2020-09-01,C,SC,0.70
2020-09-01,C,SP,1.90
2020-09-01,C,SE,2.56
2020-09-01,C,TO,1.47
2020-10-01,C,AC,2.36
2020-10-01,C,AL,2.41
2020-10-01,C,AP,0.64
2020-10-01,C,AM,0.98
2020-10-01,C,BA,1.19
2020-10-01,C,CE,0.77
2020-10-01,C,DF,0.62
2020-10-01,C,ES,0.98
2020-10-01,C,GO,1.21
2020-10-01,C,MA,1.17
2020-10-01,C,MT,0.89
2020-10-01,C,MS,4.25
2020-10-01,C,MG,0.98
2020-10-01,C,PA,1.51
2020-10-01,C,PB,4.23
2020-10-01,C,PR,1.44
2020-10-01,C,PE,1.31
2020-10-01,C,PI,0.93
2020-10-01,C,RJ,0.70
2020-10-01,C,RN,1.62
2020-10-01,C,RS,1.33
2020-10-01,C,RO,1.78
2020-10-01,C,RR,0.78
2020-10-01,C,SC,0.73
2020-10-01,C,SP,1.89
2020-10-01,C,SE,2.47
2020-10-01,C,TO,1.33
2020-11-01,C,AC,2.27
2020-11-01,C,AL,2.25
2020-11-01,C,AP,0.60
2020-11-01,C,AM,0.85
2020-11-01,C,BA,1.18
2020-11-01,C,CE,0.79
2020-11-01,C,DF,0.65
2020-11-01,C,ES,0.95
2020-11-01,C,GO,1.15
2020-11-01,C,MA,1.53
2020-11-01,C,MT,0.94
2020-11-01,C,MS,1.65
2020-11-01,C,MG,0.97
2020-11-01,C,PA,1.49
2020-11-01,C,PB,4.14
2020-11-01,C,PR,1.29
2020-11-01,C,PE,1.30
2020-11-01,C,PI,0.92
2020-11-01,C,RJ,0.66
2020-11-01,C,RN,1.53
2020-11-01,C,RS,1.30
2020-11-01,C,RO,1.68
2020-11-01,C,RR,0.73
2020-11-01,C,SC,0.78
2020-11-01,C,SP,1.45
2020-11-01,C,SE,2.25
2020-11-01,C,TO,0.90
2020-12-01,C,AC,1.94
2020-12-01,C,AL,2.24
2020-12-01,C,AP,0.61
2020-12-01,C,AM,1.05
2020-12-01,C,BA,0.99
2020-12-01,C,CE,0.60
2020-12-01,C,DF,0.66
2020-12-01,C,ES,0.84
2020-12-01,C,GO,1.20
2020-12-01,C,MA,1.50
2020-12-01,C,MT,1.07
2020-12-01,C,MS,1.72
2020-12-01,C,MG,0.73
2020-12-01,C,PA,1.47
2020-12-01,C,PB,3.26
2020-12-01,C,PR,1.32
2020-12-01,C,PE,1.30
2020-12-01,C,PI,0.91
2020-12-01,C,RJ,0.70
2020-12-01,C,RN,1.53
2020-12-01,C,RS,1.21
2020-12-01,C,RO,1.48
2020-12-01,C,RR,0.62
2020-12-01,C,SC,0.66
2020-12-01,C,SP,1.35
2020-12-01,C,SE,1.84
2020-12-01,C,TO,0.89
2021-01-01,C,AC,1.87
2021-01-01,C,AL,2.28
2021-01-01,C,AP,0.87
2021-01-01,C,AM,1.48
2021-01-01,C,BA,1.07
2021-01-01,C,CE,0.75
2021-01-01,C,DF,0.82
2021-01-01,C,ES,1.02
2021-01-01,C,GO,1.20
2021-01-01,C,MA,1.51
2021-01-01,C,MT,1.16
2021-01-01,C,MS,1.79
2021-01-01,C,MG,0.82
2021-01-01,C,PA,1.55
2021-01-01,C,PB,3.22
2021-01-01,C,PR,1.47
2021-01-01,C,PE,1.81
2021-01-01,C,PI,1.00
2021-01-01,C,RJ,0.74
2021-01-01,C,RN,1.33
2021-01-01,C,RS,1.35
2021-01-01,C,RO,1.50
2021-01-01,C,RR,0.82
2021-01-01,C,SC,0.72
2021-01-01,C,SP,1.23
2021-01-01,C,SE,1.67
2021-01-01,C,TO,0.80
2021-02-01,C,AC,1.89
2021-02-01,C,AL,1.93
2021-02-01,C,AP,0.75
2021-02-01,C,AM,1.45
2021-02-01,C,BA,1.06
2021-02-01,C,CE,0.79
2021-02-01,C,DF,0.75
2021-02-01,C,ES,1.06
2021-02-01,C,GO,1.14
2021-02-01,C,MA,0.98
2021-02-01,C,MT,1.51
2021-02-01,C,MS,1.65
2021-02-01,C,MG,0.85
2021-02-01,C,PA,1.55
2021-02-01,C,PB,3.31
2021-02-01,C,PR,1.50
2021-02-01,C,PE,1.75
2021-02-01,C,PI,1.04
2021-02-01,C,RJ,1.96
2021-02-01,C,RN,1.59
2021-02-01,C,RS,1.46
2021-02-01,C,RO,1.57
2021-02-01,C,RR,0.87
2021-02-01,C,SC,0.72
2021-02-01,C,SP,1.19
2021-02-01,C,SE,1.66
2021-02-01,C,TO,0.87
2021-03-01,C,AC,2.02
2021-03-01,C,AL,1.96
2021-03-01,C,AP,0.78
2021-03-01,C,AM,1.81
2021-03-01,C,BA,1.18
2021-03-01,C,CE,0.77
2021-03-01,C,DF,0.50
2021-03-01,C,ES,1.10
2021-03-01,C,GO,1.12
2021-03-01,C,MA,1.24
2021-03-01,C,MT,1.46
2021-03-01,C,MS,1.44
2021-03-01,C,MG,0.91
2021-03-01,C,PA,1.72
2021-03-01,C,PB,1.78
2021-03-01,C,PR,1.49
2021-03-01,C,PE,1.89
2021-03-01,C,PI,1.19
2021-03-01,C,RJ,0.75
2021-03-01,C,RN,1.71
2021-03-01,C,RS,1.57
2021-03-01,C,RO,1.68
2021-03-01,C,RR,0.95
2021-03-01,C,SC,0.77
2021-03-01,C,SP,1.24
2021-03-01,C,SE,1.87
2021-03-01,C,TO,0.84
2021-04-01,C,AC,2.25
2021-04-01,C,AL,2.08
2021-04-01,C,AP,0.86
2021-04-01,C,AM,1.46
2021-04-01,C,BA,1.37
2021-04-01,C,CE,0.88
2021-04-01,C,DF,0.55
2021-04-01,C,ES,1.13
2021-04-01,C,GO,1.20
2021-04-01,C,MA,1.47
2021-04-01,C,MT,1.67
2021-04-01,C,MS,1.40
2021-04-01,C,MG,0.94
2021-04-01,C,PA,1.95
2021-04-01,C,PB,1.85
2021-04-01,C,PR,1.57
2021-04-01,C,PE,2.05
2021-04-01,C,PI,1.44
2021-04-01,C,RJ,0.94
2021-04-01,C,RN,1.82
2021-04-01,C,RS,1.60
2021-04-01,C,RO,1.67
2021-04-01,C,RR,0.92
2021-04-01,C,SC,0.88
2021-04-01,C,SP,1.28
2021-04-01,C,SE,2.19
2021-04-01,C,TO,1.22
2021-05-01,C,AC,1.30
2021-05-01,C,AL,1.73
2021-05-01,C,AP,0.91
2021-05-01,C,AM,1.44
2021-05-01,C,BA,1.38
2021-05-01,C,CE,1.05
2021-05-01,C,DF,0.63
2021-05-01,C,ES,1.30
2021-05-01,C,GO,1.24
2021-05-01,C,MA,1.56
2021-05-01,C,MT,1.58
2021-05-01,C,MS,1.42
2021-05-01,C,MG,0.99
2021-05-01,C,PA,2.14
2021-05-01,C,PB,1.96
2021-05-01,C,PR,1.50
2021-05-01,C,PE,2.21
2021-05-01,C,PI,1.57
2021-05-01,C,RJ,2.25
2021-05-01,C,RN,1.87
2021-05-01,C,RS,1.57
2021-05-01,C,RO,1.58
2021-05-01,C,RR,0.89
2021-05-01,C,SC,0.90
2021-05-01,C,SP,1.27
2021-05-01,C,SE,2.30
2021-05-01,C,TO,1.32
2021-06-01,C,AC,1.21
2021-06-01,C,AL,1.85
2021-06-01,C,AP,1.03
2021-06-01,C,AM,1.38
2021-06-01,C,BA,1.33
2021-06-01,C,CE,1.04
2021-06-01,C,DF,0.70
2021-06-01,C,ES,1.48
2021-06-01,C,GO,1.21
2021-06-01,C,MA,1.73
2021-06-01,C,MT,1.18
2021-06-01,C,MS,1.13
2021-06-01,C,MG,0.91
2021-06-01,C,PA,2.05
2021-06-01,C,PB,1.91
2021-06-01,C,PR,1.43
2021-06-01,C,PE,1.87
2021-06-01,C,PI,1.60
2021-06-01,C,RJ,2.49
2021-06-01,C,RN,1.79
2021-06-01,C,RS,1.32
2021-06-01,C,RO,2.13
2021-06-01,C,RR,1.03
2021-06-01,C,SC,0.78
2021-06-01,C,SP,1.20
2021-06-01,C,SE,2.37
2021-06-01,C,TO,1.44
2021-07-01,C,AC,1.12
2021-07-01,C,AL,1.74
2021-07-01,C,AP,1.09
2021-07-01,C,AM,1.40
2021-07-01,C,BA,1.47
2021-07-01,C,CE,1.10
2021-07-01,C,DF,0.75
2021-07-01,C,ES,1.62
2021-07-01,C,GO,1.20
2021-07-01,C,MA,1.71
2021-07-01,C,MT,1.22
2021-07-01,C,MS,1.11
2021-07-01,C,MG,0.96
2021-07-01,C,PA,2.23
2021-07-01,C,PB,1.90
2021-07-01,C,PR,1.33
2021-07-01,C,PE,1.80
2021-07-01,C,PI,1.60
2021-07-01,C,RJ,2.67
2021-07-01,C,RN,1.88
2021-07-01,C,RS,1.28
2021-07-01,C,RO,2.18
2021-07-01,C,RR,1.12
2021-07-01,C,SC,0.82
2021-07-01,C,SP,1.30
2021-07-01,C,SE,2.10
2021-07-01,C,TO,1.53
2021-08-01,C,AC,1.22
2021-08-01,C,AL,1.94
2021-08-01,C,AP,1.09
2021-08-01,C,AM,1.48
2021-08-01,C,BA,1.61
2021-08-01,C,CE,1.22
2021-08-01,C,DF,0.71
2021-08-01,C,ES,1.46
2021-08-01,C,GO,1.26
2021-08-01,C,MA,1.61
2021-08-01,C,MT,1.11
2021-08-01,C,MS,1.14
2021-08-01,C,MG,0.98
2021-08-01,C,PA,2.32
2021-08-01,C,PB,2.06
2021-08-01,C,PR,1.31
2021-08-01,C,PE,1.74
2021-08-01,C,PI,1.62
2021-08-01,C,RJ,1.26
2021-08-01,C,RN,2.10
2021-08-01,C,RS,1.14
2021-08-01,C,RO,2.00
2021-08-01,C,RR,1.12
2021-08-01,C,SC,0.79
2021-08-01,C,SP,1.34
2021-08-01,C,SE,1.92
2021-08-01,C,TO,1.45
2021-09-01,C,AC,1.34
2021-09-01,C,AL,1.93
2021-09-01,C,AP,1.10
2021-09-01,C,AM,1.34
2021-09-01,C,BA,1.59
2021-09-01,C,CE,1.40
2021-09-01,C,DF,0.72
2021-09-01,C,ES,1.32
2021-09-01,C,GO,1.21
2021-09-01,C,MA,1.59
2021-09-01,C,MT,1.07
2021-09-01,C,MS,1.11
2021-09-01,C,MG,0.89
2021-09-01,C,PA,2.06
2021-09-01,C,PB,1.94
2021-09-01,C,PR,1.31
2021-09-01,C,PE,1.76
2021-09-01,C,PI,1.54
2021-09-01,C,RJ,1.37
2021-09-01,C,RN,1.79
2021-09-01,C,RS,1.15
2021-09-01,C,RO,2.55
2021-09-01,C,RR,1.03
2021-09-01,C,SC,0.79
2021-09-01,C,SP,1.44
2021-09-01,C,SE,2.06
2021-09-01,C,TO,1.54
2021-10-01,C,AC,1.43
2021-10-01,C,AL,2.09
2021-10-01,C,AP,1.19
2021-10-01,C,AM,1.59
2021-10-01,C,BA,1.67
2021-10-01,C,CE,1.29
2021-10-01,C,DF,0.73
2021-10-01,C,ES,1.24
2021-10-01,C,GO,1.28
2021-10-01,C,MA,1.52
2021-10-01,C,MT,1.11
2021-10-01,C,MS,1.17
2021-10-01,C,MG,0.93
2021-10-01,C,PA,1.98
2021-10-01,C,PB,2.09
2021-10-01,C,PR,1.29
2021-10-01,C,PE,1.90
2021-10-01,C,PI,2.00
2021-10-01,C,RJ,1.42
2021-10-01,C,RN,2.00
2021-10-01,C,RS,1.20
2021-10-01,C,RO,2.61
2021-10-01,C,RR,1.12
2021-10-01,C,SC,0.81
2021-10-01,C,SP,1.41
2021-10-01,C,SE,2.05
2021-10-01,C,TO,1.31
2021-11-01,C,AC,1.43
2021-11-01,C,AL,2.44
2021-11-01,C,AP,1.27
2021-11-01,C,AM,1.63
2021-11-01,C,BA,1.79
2021-11-01,C,CE,1.41
2021-11-01,C,DF,0.72
2021-11-01,C,ES,1.33
2021-11-01,C,GO,1.31
2021-11-01,C,MA,1.57
2021-11-01,C,MT,1.12
2021-11-01,C,MS,1.12
2021-11-01,C,MG,0.92
2021-11-01,C,PA,2.08
2021-11-01,C,PB,2.17
2021-11-01,C,PR,1.26
2021-11-01,C,PE,2.00
2021-11-01,C,PI,1.85
2021-11-01,C,RJ,1.37
2021-11-01,C,RN,2.27
2021-11-01,C,RS,1.17
2021-11-01,C,RO,2.58
2021-11-01,C,RR,1.09
2021-11-01,C,SC,0.80
2021-11-01,C,SP,1.39
2021-11-01,C,SE,2.22
2021-11-01,C,TO,1.35
2021-12-01,C,AC,1.36
2021-12-01,C,AL,1.69
2021-12-01,C,AP,1.45
2021-12-01,C,AM,1.45
2021-12-01,C,BA,1.78
2021-12-01,C,CE,1.48
2021-12-01,C,DF,0.81
2021-12-01,C,ES,1.21
2021-12-01,C,GO,1.35
2021-12-01,C,MA,1.60
2021-12-01,C,MT,1.18
2021-12-01,C,MS,1.13
2021-12-01,C,MG,0.90
2021-12-01,C,PA,2.16
2021-12-01,C,PB,2.17
2021-12-01,C,PR,1.22
2021-12-01,C,PE,2.03
2021-12-01,C,PI,1.83
2021-12-01,C,RJ,1.31
2021-12-01,C,RN,2.29
2021-12-01,C,RS,1.13
2021-12-01,C,RO,2.23
2021-12-01,C,RR,1.06
2021-12-01,C,SC,0.80
2021-12-01,C,SP,1.21
2021-12-01,C,SE,2.57
2021-12-01,C,TO,1.39
2022-01-01,C,AC,1.29
2022-01-01,C,AL,1.94
2022-01-01,C,AP,2.03
2022-01-01,C,AM,1.56
2022-01-01,C,BA,1.86
2022-01-01,C,CE,1.40
2022-01-01,C,DF,0.86
2022-01-01,C,ES,1.18
2022-01-01,C,GO,1.42
2022-01-01,C,MA,1.74
2022-01-01,C,MT,1.21
2022-01-01,C,MS,1.15
2022-01-01,C,MG,0.94
2022-01-01,C,PA,2.28
2022-01-01,C,PB,2.62
2022-01-01,C,PR,1.28
2022-01-01,C,PE,1.89
2022-01-01,C,PI,1.88
2022-01-01,C,RJ,1.36
2022-01-01,C,RN,2.36
2022-01-01,C,RS,1.25
2022-01-01,C,RO,2.56
2022-01-01,C,RR,1.12
2022-01-01,C,SC,0.81
2022-01-01,C,SP,1.27
2022-01-01,C,SE,2.20
2022-01-01,C,TO,1.49
2022-02-01,C,AC,1.26
2022-02-01,C,AL,2.15
2022-02-01,C,AP,2.08
2022-02-01,C,AM,1.58
2022-02-01,C,BA,1.81
2022-02-01,C,CE,1.33
2022-02-01,C,DF,0.89
2022-02-01,C,ES,1.14
2022-02-01,C,GO,1.47
2022-02-01,C,MA,1.76
2022-02-01,C,MT,1.16
2022-02-01,C,MS,1.10
2022-02-01,C,MG,0.97
2022-02-01,C,PA,2.17
2022-02-01,C,PB,2.57
2022-02-01,C,PR,1.31
2022-02-01,C,PE,1.93
2022-02-01,C,PI,1.98
2022-02-01,C,RJ,1.59
2022-02-01,C,RN,2.35
2022-02-01,C,RS,1.19
2022-02-01,C,RO,2.62
2022-02-01,C,RR,1.06
2022-02-01,C,SC,0.80
2022-02-01,C,SP,1.20
2022-02-01,C,SE,2.38
2022-02-01,C,TO,1.50
2022-03-01,C,AC,1.28
2022-03-01,C,AL,1.99
2022-03-01,C,AP,1.95
2022-03-01,C,AM,1.63
2022-03-01,C,BA,1.83
2022-03-01,C,CE,1.40
2022-03-01,C,DF,0.86
2022-03-01,C,ES,1.06
2022-03-01,C,GO,1.47
2022-03-01,C,MA,1.62
2022-03-01,C,MT,1.06
2022-03-01,C,MS,1.12
2022-03-01,C,MG,0.99
2022-03-01,C,PA,2.27
2022-03-01,C,PB,2.60
2022-03-01,C,PR,1.31
2022-03-01,C,PE,1.76
2022-03-01,C,PI,2.02
2022-03-01,C,RJ,1.52
2022-03-01,C,RN,2.45
2022-03-01,C,RS,1.19
2022-03-01,C,RO,2.72
2022-03-01,C,RR,0.96
2022-03-01,C,SC,0.80
2022-03-01,C,SP,1.18
2022-03-01,C,SE,2.57
2022-03-01,C,TO,1.68
2022-04-01,C,AC,1.66
2022-04-01,C,AL,2.17
2022-04-01,C,AP,2.03
2022-04-01,C,AM,1.72
2022-04-01,C,BA,2.39
2022-04-01,C,CE,1.51
2022-04-01,C,DF,0.95
2022-04-01,C,ES,1.02
2022-04-01,C,GO,1.54
2022-04-01,C,MA,1.78
2022-04-01,C,MT,1.13
2022-04-01,C,MS,1.20
2022-04-01,C,MG,1.03
2022-04-01,C,PA,2.32
2022-04-01,C,PB,2.68
2022-04-01,C,PR,1.32
2022-04-01,C,PE,1.92
2022-04-01,C,PI,2.07
2022-04-01,C,RJ,1.29
2022-04-01,C,RN,2.45
2022-04-01,C,RS,1.24
2022-04-01,C,RO,2.90
2022-04-01,C,RR,0.97
2022-04-01,C,SC,0.83
2022-04-01,C,SP,1.21
2022-04-01,C,SE,3.08
2022-04-01,C,TO,1.68
2022-05-01,C,AC,1.72
2022-05-01,C,AL,1.96
2022-05-01,C,AP,2.09
2022-05-01,C,AM,1.90
2022-05-01,C,BA,1.80
2022-05-01,C,CE,1.68
2022-05-01,C,DF,1.03
2022-05-01,C,ES,1.09
2022-05-01,C,GO,1.65
2022-05-01,C,MA,1.83
2022-05-01,C,MT,1.11
2022-05-01,C,MS,1.23
2022-05-01,C,MG,1.06
2022-05-01,C,PA,2.10
2022-05-01,C,PB,2.78
2022-05-01,C,PR,1.37
2022-05-01,C,PE,1.83
2022-05-01,C,PI,1.97
2022-05-01,C,RJ,1.34
2022-05-01,C,RN,2.29
2022-05-01,C,RS,1.28
2022-05-01,C,RO,3.02
2022-05-01,C,RR,0.93
2022-05-01,C,SC,0.90
2022-05-01,C,SP,1.24
2022-05-01,C,SE,3.25
2022-05-01,C,TO,1.65
2022-06-01,C,AC,1.51
2022-06-01,C,AL,1.79
2022-06-01,C,AP,2.16
2022-06-01,C,AM,1.87
2022-06-01,C,BA,1.71
2022-06-01,C,CE,1.51
2022-06-01,C,DF,1.00
2022-06-01,C,ES,1.21
2022-06-01,C,GO,1.67
2022-06-01,C,MA,1.77
2022-06-01,C,MT,1.08
2022-06-01,C,MS,1.23
2022-06-01,C,MG,1.04
2022-06-01,C,PA,1.98
2022-06-01,C,PB,2.65
2022-06-01,C,PR,1.34
2022-06-01,C,PE,1.73
2022-06-01,C,PI,1.72
2022-06-01,C,RJ,1.27
2022-06-01,C,RN,2.11
2022-06-01,C,RS,1.24
2022-06-01,C,RO,2.48
2022-06-01,C,RR,0.94
2022-06-01,C,SC,0.87
2022-06-01,C,SP,1.06
2022-06-01,C,SE,2.81
2022-06-01,C,TO,1.53
2022-07-01,C,AC,1.73
2022-07-01,C,AL,1.86
2022-07-01,C,AP,2.14
2022-07-01,C,AM,2.11
2022-07-01,C,BA,1.82
2022-07-01,C,CE,1.55
2022-07-01,C,DF,0.99
2022-07-01,C,ES,1.22
2022-07-01,C,GO,1.75
2022-07-01,C,MA,1.96
2022-07-01,C,MT,1.20
2022-07-01,C,MS,1.33
2022-07-01,C,MG,1.10
2022-07-01,C,PA,2.20
2022-07-01,C,PB,2.51
2022-07-01,C,PR,1.41
2022-07-01,C,PE,1.74
2022-07-01,C,PI,1.76
2022-07-01,C,RJ,1.34
2022-07-01,C,RN,2.08
2022-07-01,C,RS,1.37
2022-07-01,C,RO,2.53
2022-07-01,C,RR,1.12
2022-07-01,C,SC,0.89
2022-07-01,C,SP,1.16
2022-07-01,C,SE,2.72
2022-07-01,C,TO,1.57
2022-08-01,C,AC,1.92
2022-08-01,C,AL,1.63
2022-08-01,C,AP,2.05
2022-08-01,C,AM,2.15
2022-08-01,C,BA,1.84
2022-08-01,C,CE,1.62
2022-08-01,C,DF,1.05
2022-08-01,C,ES,1.38
2022-08-01,C,GO,1.90
2022-08-01,C,MA,2.02
2022-08-01,C,MT,1.91
2022-08-01,C,MS,1.45
2022-08-01,C,MG,1.22
2022-08-01,C,PA,2.17
2022-08-01,C,PB,2.49
2022-08-01,C,PR,1.43
2022-08-01,C,PE,1.76
2022-08-01,C,PI,1.76
2022-08-01,C,RJ,1.21
2022-08-01,C,RN,2.12
2022-08-01,C,RS,1.34
2022-08-01,C,RO,2.54
2022-08-01,C,RR,0.90
2022-08-01,C,SC,0.93
2022-08-01,C,SP,1.21
2022-08-01,C,SE,2.90
2022-08-01,C,TO,1.62
2022-09-01,C,AC,1.76
2022-09-01,C,AL,1.72
2022-09-01,C,AP,2.02
2022-09-01,C,AM,2.04
2022-09-01,C,BA,1.91
2022-09-01,C,CE,1.69
2022-09-01,C,DF,1.09
2022-09-01,C,ES,1.43
2022-09-01,C,GO,1.99
2022-09-01,C,MA,2.05
2022-09-01,C,MT,1.76
2022-09-01,C,MS,1.48
2022-09-01,C,MG,1.18
2022-09-01,C,PA,2.20
2022-09-01,C,PB,2.69
2022-09-01,C,PR,1.51
2022-09-01,C,PE,1.79
2022-09-01,C,PI,1.54
2022-09-01,C,RJ,1.20
2022-09-01,C,RN,2.12
2022-09-01,C,RS,1.38
2022-09-01,C,RO,2.22
2022-09-01,C,RR,0.95
2022-09-01,C,SC,0.96
2022-09-01,C,SP,1.24
2022-09-01,C,SE,2.63
2022-09-01,C,TO,1.76
2022-10-01,C,AC,2.20
2022-10-01,C,AL,1.86
2022-10-01,C,AP,2.02
2022-10-01,C,AM,2.27
2022-10-01,C,BA,2.03
2022-10-01,C,CE,1.81
2022-10-01,C,DF,1.15
2022-10-01,C,ES,1.52
2022-10-01,C,GO,2.26
2022-10-01,C,MA,2.18
2022-10-01,C,MT,1.73
2022-10-01,C,MS,1.61
2022-10-01,C,MG,1.33
2022-10-01,C,PA,2.19
2022-10-01,C,PB,3.01
2022-10-01,C,PR,1.62
2022-10-01,C,PE,1.94
2022-10-01,C,PI,1.69
2022-10-01,C,RJ,1.28
2022-10-01,C,RN,2.35
2022-10-01,C,RS,1.40
2022-10-01,C,RO,2.36
2022-10-01,C,RR,1.08
2022-10-01,C,SC,1.02
2022-10-01,C,SP,1.33
2022-10-01,C,SE,2.64
2022-10-01,C,TO,1.83
2022-11-01,C,AC,2.36
2022-11-01,C,AL,1.75
2022-11-01,C,AP,1.92
2022-11-01,C,AM,2.40
2022-11-01,C,BA,2.01
2022-11-01,C,CE,1.89
2022-11-01,C,DF,1.22
2022-11-01,C,ES,1.53
2022-11-01,C,GO,2.29
2022-11-01,C,MA,2.23
2022-11-01,C,MT,1.73
2022-11-01,C,MS,1.66
2022-11-01,C,MG,1.35
2022-11-01,C,PA,2.22
2022-11-01,C,PB,3.08
2022-11-01,C,PR,1.62
2022-11-01,C,PE,1.95
2022-11-01,C,PI,1.73
2022-11-01,C,RJ,1.29
2022-11-01,C,RN,2.50
2022-11-01,C,RS,1.44
2022-11-01,C,RO,2.33
2022-11-01,C,RR,1.33
2022-11-01,C,SC,1.09
2022-11-01,C,SP,1.32
2022-11-01,C,SE,2.80
2022-11-01,C,TO,1.92
2022-12-01,C,AC,1.90
2022-12-01,C,AL,2.05
2022-12-01,C,AP,2.72
2022-12-01,C,AM,2.40
2022-12-01,C,BA,2.10
2022-12-01,C,CE,2.01
2022-12-01,C,DF,1.27
2022-12-01,C,ES,1.59
2022-12-01,C,GO,2.62
2022-12-01,C,MA,2.30
2022-12-01,C,MT,1.30
2022-12-01,C,MS,1.73
2022-12-01,C,MG,1.40
2022-12-01,C,PA,2.33
2022-12-01,C,PB,3.23
2022-12-01,C,PR,1.70
2022-12-01,C,PE,2.00
2022-12-01,C,PI,1.76
2022-12-01,C,RJ,1.32
2022-12-01,C,RN,2.77
2022-12-01,C,RS,1.51
2022-12-01,C,RO,2.43
2022-12-01,C,RR,1.53
2022-12-01,C,SC,1.12
2022-12-01,C,SP,1.36
2022-12-01,C,SE,2.87
2022-12-01,C,TO,1.96
2023-01-01,C,AC,1.89
2023-01-01,C,AL,2.08
2023-01-01,C,AP,3.41
2023-01-01,C,AM,2.76
2023-01-01,C,BA,2.27
2023-01-01,C,CE,2.17
2023-01-01,C,DF,1.32
2023-01-01,C,ES,1.71
2023-01-01,C,GO,2.88
2023-01-01,C,MA,2.36
2023-01-01,C,MT,1.38
2023-01-01,C,MS,1.76
2023-01-01,C,MG,1.52
2023-01-01,C,PA,2.92
2023-01-01,C,PB,3.36
2023-01-01,C,PR,1.89
2023-01-01,C,PE,2.15
2023-01-01,C,PI,1.91
2023-01-01,C,RJ,1.40
2023-01-01,C,RN,2.88
2023-01-01,C,RS,1.57
2023-01-01,C,RO,2.66
2023-01-01,C,RR,1.48
2023-01-01,C,SC,1.27
2023-01-01,C,SP,1.52
2023-01-01,C,SE,3.21
2023-01-01,C,TO,2.13
2023-02-01,C,AC,1.95
2023-02-01,C,AL,2.16
2023-02-01,C,AP,4.22
2023-02-01,C,AM,2.76
2023-02-01,C,BA,2.33
2023-02-01,C,CE,2.15
2023-02-01,C,DF,1.37
2023-02-01,C,ES,1.94
2023-02-01,C,GO,2.98
2023-02-01,C,MA,2.51
2023-02-01,C,MT,1.41
2023-02-01,C,MS,1.77
2023-02-01,C,MG,1.59
2023-02-01,C,PA,3.05
2023-02-01,C,PB,3.34
2023-02-01,C,PR,1.93
2023-02-01,C,PE,2.26
2023-02-01,C,PI,1.97
2023-02-01,C,RJ,3.02
2023-02-01,C,RN,3.04
2023-02-01,C,RS,1.65
2023-02-01,C,RO,2.76
2023-02-01,C,RR,1.65
2023-02-01,C,SC,1.32
2023-02-01,C,SP,1.55
2023-02-01,C,SE,3.48
2023-02-01,C,TO,2.22
2023-03-01,C,AC,1.93
2023-03-01,C,AL,2.18
2023-03-01,C,AP,4.24
2023-03-01,C,AM,2.74
2023-03-01,C,BA,2.25
2023-03-01,C,CE,2.37
2023-03-01,C,DF,1.36
2023-03-01,C,ES,2.04
2023-03-01,C,GO,2.98
2023-03-01,C,MA,2.49
2023-03-01,C,MT,1.46
2023-03-01,C,MS,1.81
2023-03-01,C,MG,1.57
2023-03-01,C,PA,3.20
2023-03-01,C,PB,3.19
2023-03-01,C,PR,1.86
2023-03-01,C,PE,2.19
2023-03-01,C,PI,1.93
2023-03-01,C,RJ,3.01
2023-03-01,C,RN,3.19
2023-03-01,C,RS,1.59
2023-03-01,C,RO,2.87
2023-03-01,C,RR,1.65
2023-03-01,C,SC,1.32
2023-03-01,C,SP,1.65
2023-03-01,C,SE,4.28
2023-03-01,C,TO,2.46
2023-04-01,C,AC,2.04
2023-04-01,C,AL,2.22
2023-04-01,C,AP,4.74
2023-04-01,C,AM,2.90
2023-04-01,C,BA,2.34
2023-04-01,C,CE,2.39
2023-04-01,C,DF,1.44
2023-04-01,C,ES,2.12
2023-04-01,C,GO,3.00
2023-04-01,C,MA,2.69
2023-04-01,C,MT,1.57
2023-04-01,C,MS,1.90
2023-04-01,C,MG,1.82
2023-04-01,C,PA,3.14
2023-04-01,C,PB,3.27
2023-04-01,C,PR,1.98
2023-04-01,C,PE,2.25
2023-04-01,C,PI,1.97
2023-04-01,C,RJ,3.30
2023-04-01,C,RN,3.37
2023-04-01,C,RS,1.61
2023-04-01,C,RO,3.02
2023-04-01,C,RR,1.79
2023-04-01,C,SC,1.48
2023-04-01,C,SP,2.15
2023-04-01,C,SE,4.81
2023-04-01,C,TO,2.58
2023-05-01,C,AC,2.30
2023-05-01,C,AL,2.32
2023-05-01,C,AP,5.45
2023-05-01,C,AM,2.94
2023-05-01,C,BA,2.37
2023-05-01,C,CE,2.70
2023-05-01,C,DF,1.54
2023-05-01,C,ES,2.30
2023-05-01,C,GO,3.15
2023-05-01,C,MA,2.92
2023-05-01,C,MT,1.59
2023-05-01,C,MS,2.04
2023-05-01,C,MG,1.98
2023-05-01,C,PA,3.37
2023-05-01,C,PB,3.27
2023-05-01,C,PR,2.02
2023-05-01,C,PE,2.35
2023-05-01,C,PI,2.06
2023-05-01,C,RJ,3.65
2023-05-01,C,RN,3.50
2023-05-01,C,RS,1.67
2023-05-01,C,RO,3.31
2023-05-01,C,RR,1.83
2023-05-01,C,SC,1.58
2023-05-01,C,SP,2.30
2023-05-01,C,SE,4.80
2023-05-01,C,TO,2.61
2023-06-01,C,AC,2.32
2023-06-01,C,AL,2.26
2023-06-01,C,AP,5.55
2023-06-01,C,AM,2.52
2023-06-01,C,BA,2.33
2023-06-01,C,CE,2.66
2023-06-01,C,DF,1.53
2023-06-01,C,ES,2.24
2023-06-01,C,GO,3.03
2023-06-01,C,MA,3.01
2023-06-01,C,MT,1.56
2023-06-01,C,MS,2.17
2023-06-01,C,MG,2.01
2023-06-01,C,PA,3.32
2023-06-01,C,PB,3.19
2023-06-01,C,PR,2.01
2023-06-01,C,PE,2.33
2023-06-01,C,PI,1.90
2023-06-01,C,RJ,3.78
2023-06-01,C,RN,3.65
2023-06-01,C,RS,1.78
2023-06-01,C,RO,2.97
2023-06-01,C,RR,1.84
2023-06-01,C,SC,1.73
2023-06-01,C,SP,2.33
2023-06-01,C,SE,4.55
2023-06-01,C,TO,2.61
2023-07-01,C,AC,2.47
2023-07-01,C,AL,2.37
2023-07-01,C,AP,5.54
2023-07-01,C,AM,2.71
2023-07-01,C,BA,2.40
2023-07-01,C,CE,3.04
2023-07-01,C,DF,1.56
2023-07-01,C,ES,2.24
2023-07-01,C,GO,3.00
2023-07-01,C,MA,3.13
2023-07-01,C,MT,1.58
2023-07-01,C,MS,2.24
2023-07-01,C,MG,2.10
2023-07-01,C,PA,3.33
2023-07-01,C,PB,3.11
2023-07-01,C,PR,2.08
2023-07-01,C,PE,2.42
2023-07-01,C,PI,1.84
2023-07-01,C,RJ,4.02
2023-07-01,C,RN,3.34
2023-07-01,C,RS,1.93
2023-07-01,C,RO,2.99
2023-07-01,C,RR,2.18
2023-07-01,C,SC,1.65
2023-07-01,C,SP,2.52
2023-07-01,C,SE,3.84
2023-07-01,C,TO,2.71
2023-08-01,C,AC,2.79
2023-08-01,C,AL,2.55
2023-08-01,C,AP,5.41
2023-08-01,C,AM,2.91
2023-08-01,C,BA,2.39
2023-08-01,C,CE,3.04
2023-08-01,C,DF,1.53
2023-08-01,C,ES,2.18
2023-08-01,C,GO,2.94
2023-08-01,C,MA,3.21
2023-08-01,C,MT,1.53
2023-08-01,C,MS,2.25
2023-08-01,C,MG,2.09
2023-08-01,C,PA,3.44
2023-08-01,C,PB,3.08
2023-08-01,C,PR,2.04
2023-08-01,C,PE,2.45
2023-08-01,C,PI,2.00
2023-08-01,C,RJ,4.33
2023-08-01,C,RN,3.28
2023-08-01,C,RS,2.08
2023-08-01,C,RO,3.14
2023-08-01,C,RR,2.62
2023-08-01,C,SC,1.65
2023-08-01,C,SP,2.61
2023-08-01,C,SE,3.98
2023-08-01,C,TO,2.89
2023-09-01,C,AC,2.62
2023-09-01,C,AL,2.39
2023-09-01,C,AP,4.47
2023-09-01,C,AM,2.85
2023-09-01,C,BA,2.42
2023-09-01,C,CE,2.92
2023-09-01,C,DF,1.48
2023-09-01,C,ES,2.11
2023-09-01,C,GO,2.83
2023-09-01,C,MA,3.12
2023-09-01,C,MT,1.51
2023-09-01,C,MS,2.24
2023-09-01,C,MG,2.02
2023-09-01,C,PA,3.29
2023-09-01,C,PB,2.80
2023-09-01,C,PR,1.96
2023-09-01,C,PE,2.41
2023-09-01,C,PI,2.00
2023-09-01,C,RJ,4.39
2023-09-01,C,RN,3.09
2023-09-01,C,RS,2.01
2023-09-01,C,RO,2.89
2023-09-01,C,RR,2.50
2023-09-01,C,SC,1.74
2023-09-01,C,SP,2.62
2023-09-01,C,SE,3.82
2023-09-01,C,TO,3.01
2023-10-01,C,AC,2.86
2023-10-01,C,AL,2.39
2023-10-01,C,AP,4.03
2023-10-01,C,AM,2.87
2023-10-01,C,BA,2.52
2023-10-01,C,CE,2.91
2023-10-01,C,DF,1.55
2023-10-01,C,ES,2.21
2023-10-01,C,GO,2.87
2023-10-01,C,MA,3.26
2023-10-01,C,MT,1.63
2023-10-01,C,MS,2.30
2023-10-01,C,MG,2.10
2023-10-01,C,PA,3.27
2023-10-01,C,PB,2.85
2023-10-01,C,PR,2.03
2023-10-01,C,PE,2.55
2023-10-01,C,PI,2.02
2023-10-01,C,RJ,4.50
2023-10-01,C,RN,3.16
2023-10-01,C,RS,2.23
2023-10-01,C,RO,2.83
2023-10-01,C,RR,2.78
2023-10-01,C,SC,1.98
2023-10-01,C,SP,2.72
2023-10-01,C,SE,3.86
2023-10-01,C,TO,3.14
2023-11-01,C,AC,3.29
2023-11-01,C,AL,2.46
2023-11-01,C,AP,4.55
2023-11-01,C,AM,2.79
2023-11-01,C,BA,2.51
2023-11-01,C,CE,2.72
2023-11-01,C,DF,1.52
2023-11-01,C,ES,2.23
2023-11-01,C,GO,2.89
2023-11-01,C,MA,3.28
2023-11-01,C,MT,1.69
2023-11-01,C,MS,2.37
2023-11-01,C,MG,2.19
2023-11-01,C,PA,3.15
2023-11-01,C,PB,2.98
2023-11-01,C,PR,2.07
2023-11-01,C,PE,2.70
2023-11-01,C,PI,2.05
2023-11-01,C,RJ,2.75
2023-11-01,C,RN,3.12
2023-11-01,C,RS,2.28
2023-11-01,C,RO,2.91
2023-11-01,C,RR,2.97
2023-11-01,C,SC,2.03
2023-11-01,C,SP,2.82
2023-11-01,C,SE,3.87
2023-11-01,C,TO,3.26
2023-12-01,C,AC,3.37
2023-12-01,C,AL,2.28
2023-12-01,C,AP,4.43
2023-12-01,C,AM,2.64
2023-12-01,C,BA,2.52
2023-12-01,C,CE,2.66
2023-12-01,C,DF,1.56
2023-12-01,C,ES,2.18
2023-12-01,C,GO,2.85
2023-12-01,C,MA,3.76
2023-12-01,C,MT,1.78
2023-12-01,C,MS,2.37
2023-12-01,C,MG,2.18
2023-12-01,C,PA,3.23
2023-12-01,C,PB,2.95
2023-12-01,C,PR,2.03
2023-12-01,C,PE,2.82
2023-12-01,C,PI,2.04
2023-12-01,C,RJ,1.92
2023-12-01,C,RN,3.11
2023-12-01,C,RS,2.24
2023-12-01,C,RO,3.06
2023-12-01,C,RR,3.48
2023-12-01,C,SC,2.02
2023-12-01,C,SP,2.34
2023-12-01,C,SE,3.43
2023-12-01,C,TO,2.91
2024-01-01,C,AC,3.69
2024-01-01,C,AL,2.33
2024-01-01,C,AP,3.07
2024-01-01,C,AM,2.71
2024-01-01,C,BA,2.68
2024-01-01,C,CE,2.47
2024-01-01,C,DF,1.56
2024-01-01,C,ES,2.28
2024-01-01,C,GO,3.01
2024-01-01,C,MA,3.93
2024-01-01,C,MT,1.97
2024-01-01,C,MS,2.62
2024-01-01,C,MG,2.34
2024-01-01,C,PA,3.11
2024-01-01,C,PB,3.05
2024-01-01,C,PR,2.10
2024-01-01,C,PE,3.04
2024-01-01,C,PI,2.22
2024-01-01,C,RJ,2.02
2024-01-01,C,RN,3.24
2024-01-01,C,RS,2.45
2024-01-01,C,RO,3.36
2024-01-01,C,RR,3.97
2024-01-01,C,SC,2.08
2024-01-01,C,SP,2.45
2024-01-01,C,SE,3.50
2024-01-01,C,TO,3.04
2024-02-01,C,AC,3.57
2024-02-01,C,AL,2.45
2024-02-01,C,AP,2.80
2024-02-01,C,AM,2.64
2024-02-01,C,BA,2.75
2024-02-01,C,CE,2.47
2024-02-01,C,DF,1.54
2024-02-01,C,ES,2.19
2024-02-01,C,GO,3.06
2024-02-01,C,MA,4.01
2024-02-01,C,MT,2.10
2024-02-01,C,MS,2.68
2024-02-01,C,MG,2.32
2024-02-01,C,PA,3.10
2024-02-01,C,PB,3.07
2024-02-01,C,PR,2.09
2024-02-01,C,PE,3.20
2024-02-01,C,PI,2.25
2024-02-01,C,RJ,1.98
2024-02-01,C,RN,3.34
2024-02-01,C,RS,2.58
2024-02-01,C,RO,3.53
2024-02-01,C,RR,4.01
2024-02-01,C,SC,2.16
2024-02-01,C,SP,2.46
2024-02-01,C,SE,3.48
2024-02-01,C,TO,2.86
2024-03-01,C,AC,3.63
2024-03-01,C,AL,2.56
2024-03-01,C,AP,2.79
2024-03-01,C,AM,2.61
2024-03-01,C,BA,2.90
2024-03-01,C,CE,2.42
2024-03-01,C,DF,1.54
2024-03-01,C,ES,2.16
2024-03-01,C,GO,3.00
2024-03-01,C,MA,4.02
2024-03-01,C,MT,2.13
2024-03-01,C,MS,2.88
2024-03-01,C,MG,2.38
2024-03-01,C,PA,3.14
2024-03-01,C,PB,3.22
2024-03-01,C,PR,2.15
2024-03-01,C,PE,3.27
2024-03-01,C,PI,2.27
2024-03-01,C,RJ,1.84
2024-03-01,C,RN,3.36
2024-03-01,C,RS,2.64
2024-03-01,C,RO,3.64
2024-03-01,C,RR,4.24
2024-03-01,C,SC,2.14
2024-03-01,C,SP,2.24
2024-03-01,C,SE,3.45
2024-03-01,C,TO,2.84
2024-04-01,C,AC,3.40
2024-04-01,C,AL,2.71
2024-04-01,C,AP,2.70
2024-04-01,C,AM,2.64
2024-04-01,C,BA,2.97
2024-04-01,C,CE,2.50
2024-04-01,C,DF,1.53
2024-04-01,C,ES,2.01
2024-04-01,C,GO,3.08
2024-04-01,C,MA,4.08
2024-04-01,C,MT,2.21
2024-04-01,C,MS,2.84
2024-04-01,C,MG,2.27
2024-04-01,C,PA,3.04
2024-04-01,C,PB,3.36
2024-04-01,C,PR,2.17
2024-04-01,C,PE,3.35
2024-04-01,C,PI,2.34
2024-04-01,C,RJ,1.83
2024-04-01,C,RN,3.57
2024-04-01,C,RS,2.61
2024-04-01,C,RO,3.76
2024-04-01,C,RR,4.27
2024-04-01,C,SC,1.99
2024-04-01,C,SP,2.31
2024-04-01,C,SE,3.65
2024-04-01,C,TO,2.85
2024-05-01,C,AC,3.42
2024-05-01,C,AL,2.79
2024-05-01,C,AP,2.72
2024-05-01,C,AM,2.77
2024-05-01,C,BA,3.81
2024-05-01,C,CE,2.63
2024-05-01,C,DF,1.65
2024-05-01,C,ES,2.04
2024-05-01,C,GO,3.18
2024-05-01,C,MA,4.15
2024-05-01,C,MT,2.35
2024-05-01,C,MS,3.00
2024-05-01,C,MG,2.33
2024-05-01,C,PA,3.28
2024-05-01,C,PB,3.55
2024-05-01,C,PR,2.21
2024-05-01,C,PE,3.66
2024-05-01,C,PI,2.05
2024-05-01,C,RJ,1.62
2024-05-01,C,RN,3.80
2024-05-01,C,RS,2.79
2024-05-01,C,RO,3.96
2024-05-01,C,RR,5.27
2024-05-01,C,SC,2.03
2024-05-01,C,SP,2.29
2024-05-01,C,SE,4.07
2024-05-01,C,TO,2.94
2024-06-01,C,AC,3.32
2024-06-01,C,AL,2.69
2024-06-01,C,AP,2.69
2024-06-01,C,AM,2.59
2024-06-01,C,BA,3.45
2024-06-01,C,CE,2.58
2024-06-01,C,DF,1.50
2024-06-01,C,ES,1.99
2024-06-01,C,GO,3.13
2024-06-01,C,MA,4.00
2024-06-01,C,MT,2.26
2024-06-01,C,MS,2.92
2024-06-01,C,MG,2.24
2024-06-01,C,PA,3.19
2024-06-01,C,PB,3.47
2024-06-01,C,PR,2.09
2024-06-01,C,PE,3.44
2024-06-01,C,PI,1.97
2024-06-01,C,RJ,1.37
2024-06-01,C,RN,3.56
2024-06-01,C,RS,2.67
2024-06-01,C,RO,3.60
2024-06-01,C,RR,4.97
2024-06-01,C,SC,1.88
2024-06-01,C,SP,2.13
2024-06-01,C,SE,3.49
2024-06-01,C,TO,2.73
2024-07-01,C,AC,3.46
2024-07-01,C,AL,2.68
2024-07-01,C,AP,2.88
2024-07-01,C,AM,2.35
2024-07-01,C,BA,3.03
2024-07-01,C,CE,2.72
2024-07-01,C,DF,1.74
2024-07-01,C,ES,2.09
2024-07-01,C,GO,3.26
2024-07-01,C,MA,4.18
2024-07-01,C,MT,2.43
2024-07-01,C,MS,2.96
2024-07-01,C,MG,2.35
2024-07-01,C,PA,3.22
2024-07-01,C,PB,3.35
2024-07-01,C,PR,2.21
2024-07-01,C,PE,3.40
2024-07-01,C,PI,2.09
2024-07-01,C,RJ,1.46
2024-07-01,C,RN,3.50
2024-07-01,C,RS,2.69
2024-07-01,C,RO,3.71
2024-07-01,C,RR,4.68
2024-07-01,C,SC,1.88
2024-07-01,C,SP,1.89
2024-07-01,C,SE,3.42
2024-07-01,C,TO,2.70
2024-08-01,C,AC,3.31
2024-08-01,C,AL,2.77
2024-08-01,C,AP,2.71
2024-08-01,C,AM,2.28
2024-08-01,C,BA,3.06
2024-08-01,C,CE,2.70
2024-08-01,C,DF,1.55
2024-08-01,C,ES,2.34
2024-08-01,C,GO,3.34
2024-08-01,C,MA,4.35
2024-08-01,C,MT,2.59
2024-08-01,C,MS,3.00
2024-08-01,C,MG,2.39
2024-08-01,C,PA,3.15
2024-08-01,C,PB,3.40
2024-08-01,C,PR,2.25
2024-08-01,C,PE,3.18
2024-08-01,C,PI,2.18
2024-08-01,C,RJ,1.42
2024-08-01,C,RN,3.50
2024-08-01,C,RS,2.47
2024-08-01,C,RO,3.70
2024-08-01,C,RR,3.62
2024-08-01,C,SC,1.86
2024-08-01,C,SP,1.93
2024-08-01,C,SE,3.45
2024-08-01,C,TO,2.78
2024-09-01,C,AC,3.49
2024-09-01,C,AL,2.69
2024-09-01,C,AP,2.66
2024-09-01,C,AM,2.26
2024-09-01,C,BA,3.13
2024-09-01,C,CE,2.67
2024-09-01,C,DF,1.48
2024-09-01,C,ES,2.22
2024-09-01,C,GO,3.52
2024-09-01,C,MA,4.41
2024-09-01,C,MT,2.67
2024-09-01,C,MS,3.18
2024-09-01,C,MG,2.32
2024-09-01,C,PA,3.12
2024-09-01,C,PB,3.48
2024-09-01,C,PR,2.24
2024-09-01,C,PE,3.14
2024-09-01,C,PI,2.26
2024-09-01,C,RJ,1.47
2024-09-01,C,RN,3.44
2024-09-01,C,RS,2.30
2024-09-01,C,RO,3.80
2024-09-01,C,RR,3.60
2024-09-01,C,SC,1.86
2024-09-01,C,SP,1.96
2024-09-01,C,SE,3.55
2024-09-01,C,TO,2.76
2024-10-01,C,AC,4.08
2024-10-01,C,AL,2.60
2024-10-01,C,AP,2.80
2024-10-01,C,AM,2.29
2024-10-01,C,BA,3.09
2024-10-01,C,CE,2.77
2024-10-01,C,DF,1.48
2024-10-01,C,ES,2.28
2024-10-01,C,GO,3.48
2024-10-01,C,MA,4.59
2024-10-01,C,MT,2.57
2024-10-01,C,MS,3.13
2024-10-01,C,MG,2.28
2024-10-01,C,PA,3.19
2024-10-01,C,PB,3.56
2024-10-01,C,PR,2.28
2024-10-01,C,PE,3.02
2024-10-01,C,PI,2.33
2024-10-01,C,RJ,1.44
2024-10-01,C,RN,3.64
2024-10-01,C,RS,2.08
2024-10-01,C,RO,3.60
2024-10-01,C,RR,3.56
2024-10-01,C,SC,1.86
2024-10-01,C,SP,1.95
2024-10-01,C,SE,3.61
2024-10-01,C,TO,2.87
